bill_number,bill_name,year,type,category,ministry,introduced_in,introduced_by,introduced_date,passed_ls_date,passed_rs_date,assented_date,status,committee_referred,committee_report_date,act_no,act_year,introduced_file,report_file,gazette_file
109,"THE UNION TERRITORIES LAWS (AMENDMENT) BILL, 2026",2026,Government,Ordinary Bill,HOME AFFAIRS,Lok Sabha,,2026-04-16,,,,Pending,,,,,https://sansad.in/getFile/BillsTexts/LSBillTexts/Asintroduced/as intro union416202612834PM.pdf?source=legislation,,
108,"THE DELIMITATION BILL, 2026.",2026,Government,Financial Bill,LAW AND JUSTICE,Lok Sabha,,2026-04-16,,,,Pending,,,,,https://sansad.in/getFile/BillsTexts/LSBillTexts/Asintroduced/AS INTRO THE DELIMITATION416202611944PM.pdf?source=legislation,,
107,"THE CONSTITUTION (ONE HUNDRED AND THIRTY-FIRST AMENDMENT) BILL, 2026",2026,Government,Constitutional Amendment Bill,LAW AND JUSTICE,Lok Sabha,,2026-04-16,,,,Negatived,,,,,https://sansad.in/getFile/BillsTexts/LSBillTexts/Asintroduced/AS INTRO416202612944PM.pdf?source=legislation,,
105,"THE ANDHRA PRADESH REORGANISATION (AMENDMENT) BILL, 2026",2026,Government,Ordinary Bill,HOME AFFAIRS,Lok Sabha,,2026-04-01,2026-04-01,2026-04-02,06/04/2026,Passed,,,7,2026,https://sansad.in/getFile/BillsTexts/LSBillTexts/Asintroduced/as intro412026124446PM.pdf?source=legislation,,
104,"THE JAN VISHWAS (AMENDMENT OF PROVISIONS) BILL, 2026",2026,Government,Ordinary Bill,COMMERCE AND INDUSTRY,Lok Sabha,,2026-03-27,2026-04-01,2026-04-02,07/04/2026,Passed,,,8,2026,https://sansad.in/getFile/BillsTexts/LSBillTexts/Asintroduced/As intro jan vishwas327202622259PM.pdf?source=legislation,,
XLI,"The Central Armed Police Forces (General Administration) Bill, 2026",2026,Government,Ordinary Bill,HOME AFFAIRS,Rajya Sabha,,2026-03-25,2026-04-02,2026-04-01,09/04/2026,Assented,,,9,2026,https://sansad.in/getFile/BillsTexts/RSBillTexts/Asintroduced/be325202625631PM.pdf?source=legislation,,
97,"THE FOREIGN CONTRIBUTION (REGULATION) AMENDMENT BILL, 2026",2026,Government,Financial Bill,HOME AFFAIRS,Lok Sabha,,2026-03-25,,,,Pending,,,,,https://sansad.in/getFile/BillsTexts/LSBillTexts/Asintroduced/As intro3252026125456PM.pdf?source=legislation,,
85,"THE CORPORATE LAWS (AMENDMENT) BILL, 2026",2026,Government,Financial Bill,FINANCE,Lok Sabha,,2026-03-23,,,,Pending,,,,,https://sansad.in/getFile/BillsTexts/LSBillTexts/Asintroduced/as intro3232026122530PM.pdf?source=legislation,,
82,"THE APPROPRIATION (NO. 2) BILL, 2026",2026,Government,Money Bill,FINANCE,Lok Sabha,,2026-03-18,2026-03-18,2026-03-27,30/03/2026,Assented,,,5,2026,https://sansad.in/getFile/BillsTexts/LSBillTexts/Asintroduced/As intro318202663503PM.pdf?source=legislation,,
LXXII,"The Right to Fair Compensation and Transparency in Land Acquisition, Rehabilitation and Resettlement (Amendment) Bill, 2025",2025,Private Member,Ordinary Bill,RURAL DEVELOPMENT,Rajya Sabha,Renuka Chowdhury Smt.,2026-03-13,,,,Pending,,,,,https://sansad.in/getFile/BillsTexts/RSBillTexts/Asintroduced/7e3192026103035AM.pdf?source=legislation,,
LXIV,"The Climate Resilient Agriculture and Farmers Protection Bill, 2025",2025,Private Member,Financial Bill,AGRICULTURE & FARMERS WELFARE,Rajya Sabha,Renuka Chowdhury Smt.,2026-03-13,,,,Pending,,,,,https://sansad.in/getFile/BillsTexts/RSBillTexts/Asintroduced/6e3192026103012AM.pdf?source=legislation,,
XXXVII,"The Indian Diaspora and Migrant Workers (Protection and Welfare) Bill, 2026",2026,Private Member,Financial Bill,EXTERNAL AFFAIRS,Rajya Sabha,Ashok Kumar Mittal Dr.,2026-03-13,,,,Pending,,,,,https://sansad.in/getFile/BillsTexts/RSBillTexts/Asintroduced/23e3192026103440AM.pdf?source=legislation,,
XXXIV,"The Central Nursing University Bill, 2026",2026,Private Member,Financial Bill,HEALTH AND FAMILY WELFARE,Rajya Sabha,Sandosh Kumar P Shri,2026-03-13,,,,Pending,,,,,https://sansad.in/getFile/BillsTexts/RSBillTexts/Asintroduced/28e3192026103632AM.pdf?source=legislation,,
XXXIII,"The Free Education (Secondary to Undergraduate Level) Bill, 2026",2026,Private Member,Financial Bill,EDUCATION,Rajya Sabha,John Brittas Dr.,2026-03-13,,,,Pending,,,,,https://sansad.in/getFile/BillsTexts/RSBillTexts/Asintroduced/31e3192026103730AM.pdf?source=legislation,,
XXXII,"The Digital Networking Platforms (Accountability and User Protection) Bill, 2026",2026,Private Member,Ordinary Bill,ELECTRONICS AND INFORMATION TECHNOLOGY,Rajya Sabha,V. Sivadasan Dr.,2026-03-13,,,,Pending,,,,,https://sansad.in/getFile/BillsTexts/RSBillTexts/Asintroduced/11e3192026103202AM.pdf?source=legislation,,
XXXI,"The Anti-Racism and Equality Bill, 2026",2026,Private Member,Financial Bill,SOCIAL JUSTICE AND EMPOWERMENT,Rajya Sabha,Ashok Kumar Mittal Dr.,2026-03-13,,,,Pending,,,,,https://sansad.in/getFile/BillsTexts/RSBillTexts/Asintroduced/24e3192026103504AM.pdf?source=legislation,,
XXX,"The Asset Tokenisation (Regulation) Bill, 2026",2026,Private Member,Financial Bill,FINANCE,Rajya Sabha,Raghav Chadha Shri,2026-03-13,,,,Pending,,,,,https://sansad.in/getFile/BillsTexts/RSBillTexts/Asintroduced/18e3192026103415AM.pdf?source=legislation,,
XXVII,"The Right of Children to Free and Compulsory Education (Amendment) Bill, 2026",2026,Private Member,Ordinary Bill,EDUCATION,Rajya Sabha,John Brittas Dr.,2026-03-13,,,,Pending,,,,,https://sansad.in/getFile/BillsTexts/RSBillTexts/Asintroduced/30e3192026103705AM.pdf?source=legislation,,
XXV,"The Sacred Bond (Parent Care Leave) Bill, 2026",2026,Private Member,Ordinary Bill,LABOUR  AND  EMPLOYMENT,Rajya Sabha,Sumitra Balmik Smt.,2026-03-13,,,,Pending,,,,,https://sansad.in/getFile/BillsTexts/RSBillTexts/Asintroduced/32e3192026103751AM.pdf?source=legislation,,
XXIX,"The National Commission for De-notified, Nomadic and Semi-nomadic Tribes Bill, 2026",2026,Private Member,Financial Bill,SOCIAL JUSTICE AND EMPOWERMENT,Rajya Sabha,K. Laxman Dr.,2026-03-13,,,,Pending,,,,,https://sansad.in/getFile/BillsTexts/RSBillTexts/Asintroduced/26e3192026103533AM.pdf?source=legislation,,
XXII,"The Silver Economy (Growth and Empowerment) Bill, 2026",2026,Private Member,Financial Bill,SOCIAL JUSTICE AND EMPOWERMENT,Rajya Sabha,Sujeet Kumar Shri,2026-03-13,,,,Removed,,,,,https://sansad.in/getFile/BillsTexts/RSBillTexts/Asintroduced/16e3192026103344AM.pdf?source=legislation,,
XX,"The National Commission for the Entitlements and Welfare of Women Farmers Bill, 2026",2026,Private Member,Financial Bill,AGRICULTURE & FARMERS WELFARE,Rajya Sabha,Sandosh Kumar P Shri,2026-03-13,,,,Pending,,,,,https://sansad.in/getFile/BillsTexts/RSBillTexts/Asintroduced/27e3192026103604AM.pdf?source=legislation,,
XVIII,"The Constitution (Amendment) Bill, 2026 (amendment of article 366)",2026,Private Member,Constitutional Amendment Bill,MINORITY AFFAIRS,Rajya Sabha,Bhim Singh Dr.,2026-03-13,,,,Pending,,,,,https://sansad.in/getFile/BillsTexts/RSBillTexts/Asintroduced/13e3192026103251AM.pdf?source=legislation,,
XVII,"The Urban Areas (Development and Regulation) Bill, 2026",2026,Private Member,Financial Bill,Housing and Urban Affairs,Rajya Sabha,Bhim Singh Dr.,2026-03-13,,,,Pending,,,,,https://sansad.in/getFile/BillsTexts/RSBillTexts/Asintroduced/14e3192026103316AM.pdf?source=legislation,,
XVI,"The Constitution (Amendment) Bill, 2026 (insertion of new article 21B)",2026,Private Member,Constitutional Amendment Bill,CULTURE,Rajya Sabha,V. Sivadasan Dr.,2026-03-13,,,,Pending,,,,,https://sansad.in/getFile/BillsTexts/RSBillTexts/Asintroduced/12e3192026103224AM.pdf?source=legislation,,
IX,"The Kolhapuri Leather Craft (Preservation and Livelihood Security) Bill, 2026",2026,Private Member,Financial Bill,COMMERCE AND INDUSTRY,Rajya Sabha,Dhananjay Bhimrao Mahadik Shri,2026-03-13,,,,Pending,,,,,https://sansad.in/getFile/BillsTexts/RSBillTexts/Asintroduced/9e3192026103137AM.pdf?source=legislation,,
I,"The Bharatiya Nyaya Sanhita (Amendment) Bill, 2026",2026,Private Member,Ordinary Bill,HOME AFFAIRS,Rajya Sabha,Jebi Mather Hisham Smt.,2026-03-13,,,,Pending,,,,,https://sansad.in/getFile/BillsTexts/RSBillTexts/Asintroduced/8e3192026103107AM.pdf?source=legislation,,
79,"THE TRANSGENDER PERSONS (PROTECTION OF RIGHTS) AMENDMENT BILL, 2026",2026,Government,Ordinary Bill,SOCIAL JUSTICE AND EMPOWERMENT,Lok Sabha,,2026-03-13,2026-03-24,2026-03-25,30/03/2026,Passed,,,3,2026,https://sansad.in/getFile/BillsTexts/LSBillTexts/Asintroduced/As intro313202621404PM.pdf?source=legislation,,
72,"THE APPROPRIATION BILL, 2026",2026,Government,Money Bill,FINANCE,Lok Sabha,,2026-03-13,2026-03-13,2026-03-17,21/03/2026,Assented,,,2,2026,https://sansad.in/getFile/BillsTexts/LSBillTexts/Asintroduced/AS INTRO313202631719PM.pdf?source=legislation,,
33,"THE INDUSTRIAL RELATIONS CODE (AMENDMENT) BILL, 2026",2026,Government,Ordinary Bill,LABOUR  AND  EMPLOYMENT,Lok Sabha,,2026-02-11,2026-02-12,2026-02-12,16/02/2026,Assented,,,1,2026,https://sansad.in/getFile/BillsTexts/LSBillTexts/Asintroduced/AS INTRO2112026123608PM.pdf?source=legislation,,
XCI,"The Airline Passengersâ Rights Bill, 2024",2024,Private Member,Ordinary Bill,CIVIL AVIATION,Rajya Sabha,Priyanka Chaturvedi Smt.,2026-02-06,,,,Removed,,,,,https://sansad.in/getFile/BillsTexts/RSBillTexts/Asintroduced/4212202643253PM.pdf?source=legislation,,
LXXXI,"The Constitution (Amendment) Bill, 2024 (amendment of articles 243D and 243T)",2024,Private Member,Constitutional Amendment Bill,PANCHAYATI   RAJ,Rajya Sabha,Haris Beeran Shri,2026-02-06,,,,Pending,,,,,https://sansad.in/getFile/BillsTexts/RSBillTexts/Asintroduced/2212202643158PM.pdf?source=legislation,,
LXXVIII,"The Bharatiya Nyaya Sanhita (Amendment) Bill, 2024",2024,Private Member,Ordinary Bill,HOME AFFAIRS,Rajya Sabha,Haris Beeran Shri,2026-02-06,,,,Pending,,,,,https://sansad.in/getFile/BillsTexts/RSBillTexts/Asintroduced/1212202643127PM.pdf?source=legislation,,
XXXI,"The Environment (Protection) Amendment Bill, 2025",2025,Private Member,Financial Bill,"ENVIRONMENT, FOREST AND CLIMATE CHANGE",Rajya Sabha,A. A. Rahim Shri,2026-02-06,,,,Pending,,,,,https://sansad.in/getFile/BillsTexts/RSBillTexts/Asintroduced/9212202643504PM.pdf?source=legislation,,
XXVI,"The Scheduled Castes and the Scheduled Tribes (Prevention of Atrocities) Amendment Bill, 2025",2025,Private Member,Ordinary Bill,SOCIAL JUSTICE AND EMPOWERMENT,Rajya Sabha,Manoj Kumar Jha Prof.,2026-02-06,,,,Pending,,,,,https://sansad.in/getFile/BillsTexts/RSBillTexts/Asintroduced/12212202643559PM.pdf?source=legislation,,
XL,"The Educational Consultancies Regulation Bill, 2025",2025,Private Member,Financial Bill,EDUCATION,Rajya Sabha,A. A. Rahim Shri,2026-02-06,,,,Pending,,,,,https://sansad.in/getFile/BillsTexts/RSBillTexts/Asintroduced/10212202643522PM.pdf?source=legislation,,
XIV,"The Representation of the People (Amendment) Bill, 2025 (amendment of section 2 and insertion of new Chapter VIIB)",2025,Private Member,Financial Bill,LAW AND JUSTICE,Rajya Sabha,Sant Balbir Singh Shri,2026-02-06,,,,Pending,,,,,https://sansad.in/getFile/BillsTexts/RSBillTexts/Asintroduced/8212202643429PM.pdf?source=legislation,,
XIII,"The National Commission for Fishermen (Welfare and Support) Bill, 2025",2025,Private Member,Financial Bill,"fisheries, animal husbandry and dairying",Rajya Sabha,Masthan Rao Yadav Beedha Shri,2026-02-06,,,,Pending,,,,,https://sansad.in/getFile/BillsTexts/RSBillTexts/Asintroduced/7212202643359PM.pdf?source=legislation,,
V,"The Employeesâ Wellbeing Bill, 2025",2025,Private Member,Financial Bill,LABOUR  AND  EMPLOYMENT,Rajya Sabha,Priyanka Chaturvedi Smt.,2026-02-06,,,,Removed,,,,,https://sansad.in/getFile/BillsTexts/RSBillTexts/Asintroduced/5212202643313PM.pdf?source=legislation,,
LXXIV,"The National Commission for Women (Amendment) Bill, 2025",2025,Private Member,Ordinary Bill,WOMEN AND CHILD DEVELOPMENT,Rajya Sabha,Swati Maliwal Ms.,2026-02-06,,,,Pending,,,,,https://sansad.in/getFile/BillsTexts/RSBillTexts/Asintroduced/19212202645506PM.pdf?source=legislation,,
LXVIII,"The National Ranking and Accreditation Authority for Higher Educational Institutions Bill, 2025",2025,Private Member,Financial Bill,EDUCATION,Rajya Sabha,Satnam Singh Sandhu Shri,2026-02-06,,,,Pending,,,,,https://sansad.in/getFile/BillsTexts/RSBillTexts/Asintroduced/18212202645447PM.pdf?source=legislation,,
LXVII,"The Right to Disconnect Bill, 2025",2025,Private Member,Financial Bill,LABOUR  AND  EMPLOYMENT,Rajya Sabha,A. A. Rahim Shri,2026-02-06,,,,Pending,,,,,https://sansad.in/getFile/BillsTexts/RSBillTexts/Asintroduced/11212202643539PM.pdf?source=legislation,,
LXVI,"The Kisan Jeevan Suraksha Evam Durghatna Pratipurti Vidheyak, 2025",2025,Private Member,Financial Bill,AGRICULTURE & FARMERS WELFARE,Rajya Sabha,Satnam Singh Sandhu Shri,2026-02-06,,,,Pending,,,,,https://sansad.in/getFile/BillsTexts/RSBillTexts/Asintroduced/16212202643716PM.pdf?source=legislation,,
LXIX,"The Pravasi Bharatiya Kaushal Evam Pratibha Prerak Vidheyak, 2025",2025,Private Member,Financial Bill,EXTERNAL AFFAIRS,Rajya Sabha,Satnam Singh Sandhu Shri,2026-02-06,,,,Pending,,,,,https://sansad.in/getFile/BillsTexts/RSBillTexts/Asintroduced/17212202645428PM.pdf?source=legislation,,
LXII,"The Persons with Rare and Life-Threatening Diseases (Financial Support and Medical Entitlement) Bill, 2025",2025,Private Member,Financial Bill,HEALTH AND FAMILY WELFARE,Rajya Sabha,Sanjay Seth Shri,2026-02-06,,,,Pending,,,,,https://sansad.in/getFile/BillsTexts/RSBillTexts/Asintroduced/14212202643631PM.pdf?source=legislation,,
LV,"The Small Claims Court Bill, 2025",2025,Private Member,Financial Bill,LAW AND JUSTICE,Rajya Sabha,Sanjay Seth Shri,2026-02-06,,,,Pending,,,,,https://sansad.in/getFile/BillsTexts/RSBillTexts/Asintroduced/13212202643617PM.pdf?source=legislation,,
LIV,"The Clinical Establishments (Registration and Regulation) Amendment Bill, 2025",2025,Private Member,Financial Bill,HEALTH AND FAMILY WELFARE,Rajya Sabha,Sanjay Seth Shri,2026-02-06,,,,Pending,,,,,https://sansad.in/getFile/BillsTexts/RSBillTexts/Asintroduced/15212202643646PM.pdf?source=legislation,,
IV,"The Regulation of Animal Breeding Bill, 2025",2025,Private Member,Ordinary Bill,"fisheries, animal husbandry and dairying",Rajya Sabha,Priyanka Chaturvedi Smt.,2026-02-06,,,,Removed,,,,,https://sansad.in/getFile/BillsTexts/RSBillTexts/Asintroduced/6212202643332PM.pdf?source=legislation,,
II,"The Census (Amendment) Bill, 2025",2025,Private Member,Ordinary Bill,HOME AFFAIRS,Rajya Sabha,Haris Beeran Shri,2026-02-06,,,,Pending,,,,,https://sansad.in/getFile/BillsTexts/RSBillTexts/Asintroduced/3212202643214PM.pdf?source=legislation,,
XV,"The Constitution (Amendment) Bill, 2026 (amendment of articles 15, 16, 124, 217, 224 and Seventh Schedule and substitution of article 130)",2026,Private Member,Constitutional Amendment Bill,LAW AND JUSTICE,Rajya Sabha,P. Wilson Shri,2026-02-06,,,,Pending,,,,,https://sansad.in/getFile/BillsTexts/RSBillTexts/Asintroduced/26212202645733PM.pdf?source=legislation,,
XIV,"The Commission for Air Quality Management in National Capital Region and Adjoining Areas (Amendment) Bill, 2026",2026,Private Member,Financial Bill,"ENVIRONMENT, FOREST AND CLIMATE CHANGE",Rajya Sabha,Swati Maliwal Ms.,2026-02-06,,,,Pending,,,,,https://sansad.in/getFile/BillsTexts/RSBillTexts/Asintroduced/21212202645550PM.pdf?source=legislation,,
XIII,"The Artificial Intelligence (Human Health and Medical Education) Regulation Bill, 2026",2026,Private Member,Financial Bill,HEALTH AND FAMILY WELFARE,Rajya Sabha,Ajeet Madhavrao Gopchade Dr.,2026-02-06,,,,Pending,,,,,https://sansad.in/getFile/BillsTexts/RSBillTexts/Asintroduced/25212202645709PM.pdf?source=legislation,,
XII,"The Delivery Platforms (Verification of Antecedents of Delivery Personnel) Bill, 2026",2026,Private Member,Ordinary Bill,HOME AFFAIRS,Rajya Sabha,Ajeet Madhavrao Gopchade Dr.,2026-02-06,,,,Pending,,,,,https://sansad.in/getFile/BillsTexts/RSBillTexts/Asintroduced/24226202624841PM.pdf?source=legislation,,
XI,"The Food Safety and Standards (Amendment) Bill, 2026",2026,Private Member,Financial Bill,HEALTH AND FAMILY WELFARE,Rajya Sabha,Swati Maliwal Ms.,2026-02-06,,,,Pending,,,,,https://sansad.in/getFile/BillsTexts/RSBillTexts/Asintroduced/20212202645527PM.pdf?source=legislation,,
X,"The Medical Gases (Quality, Safety and Regulation) Bill, 2026",2026,Private Member,Financial Bill,HEALTH AND FAMILY WELFARE,Rajya Sabha,Ajeet Madhavrao Gopchade Dr.,2026-02-06,,,,Pending,,,,,https://sansad.in/getFile/BillsTexts/RSBillTexts/Asintroduced/23212202645629PM.pdf?source=legislation,,
VIII,"The Online Matrimonial and Dating Services (Promotion and Regulation) Bill, 2026",2026,Private Member,Financial Bill,ELECTRONICS AND INFORMATION TECHNOLOGY,Rajya Sabha,Fauzia Khan Dr.,2026-02-06,,,,Removed,,,,,https://sansad.in/getFile/BillsTexts/RSBillTexts/Asintroduced/22212202645608PM.pdf?source=legislation,,
VII,"The Advanced Medical Response Infrastructure and Training Bill, 2026",2026,Private Member,Financial Bill,HEALTH AND FAMILY WELFARE,Rajya Sabha,Sujeet Kumar Shri,2026-02-06,,,,Removed,,,,,https://sansad.in/getFile/BillsTexts/RSBillTexts/Asintroduced/29212202645827PM.pdf?source=legislation,,
VI,"The Critical Infrastructure (Resilience, Protection and Accountability) Bill, 2026",2026,Private Member,Ordinary Bill,PLANNING,Rajya Sabha,Kartikeya Sharma Shri,2026-02-06,,,,Pending,,,,,https://sansad.in/getFile/BillsTexts/RSBillTexts/Asintroduced/32212202645949PM.pdf?source=legislation,,
V,"The Shakti Samman (Pay Parity for Women) Bill, 2026",2026,Private Member,Financial Bill,LABOUR  AND  EMPLOYMENT,Rajya Sabha,Kartikeya Sharma Shri,2026-02-06,,,,Pending,,,,,https://sansad.in/getFile/BillsTexts/RSBillTexts/Asintroduced/31212202645901PM.pdf?source=legislation,,
IV,"The Domestic Workers (Social Security and Welfare) Bill, 2026",2026,Private Member,Financial Bill,LABOUR  AND  EMPLOYMENT,Rajya Sabha,A. D. Singh Shri,2026-02-06,,,,Removed,,,,,https://sansad.in/getFile/BillsTexts/RSBillTexts/Asintroduced/30212202645846PM.pdf?source=legislation,,
III,"The Virtual Court Proceedings Bill, 2026",2026,Private Member,Financial Bill,LAW AND JUSTICE,Rajya Sabha,P. Wilson Shri,2026-02-06,,,,Pending,,,,,https://sansad.in/getFile/BillsTexts/RSBillTexts/Asintroduced/27212202645756PM.pdf?source=legislation,,
II,"The Temple Autonomy, Governance and Cultural Heritage Management Bill, 2026",2026,Private Member,Financial Bill,HOME AFFAIRS,Rajya Sabha,Sujeet Kumar Shri,2026-02-06,,,,Removed,,,,,https://sansad.in/getFile/BillsTexts/RSBillTexts/Asintroduced/28212202645811PM.pdf?source=legislation,,
3,"The Finance Bill, 2026",2026,Government,Money Bill,FINANCE,Lok Sabha,,2026-02-01,2026-03-25,2026-03-27,30/03/2026,Assented,,,4,2026,https://sansad.in/getFile/BillsTexts/LSBillTexts/Asintroduced/English_FinanceBill21202610322PM.pdf?source=legislation,,
200,"THE SECURITIES MARKETS CODE, 2025",2025,Government,Financial Bill,FINANCE,Lok Sabha,,2025-12-18,,,,Pending,,,,,https://sansad.in/getFile/BillsTexts/LSBillTexts/Asintroduced/As intro12182025124203PM.pdf?source=legislation,,
197,"THE VIKSIT BHARATâGUARANTEE FOR ROZGAR AND AJEEVIKA MISSION (GRAMIN): VBâG RAM G (à¤µà¤¿à¤à¤¸à¤¿à¤¤ à¤­à¤¾à¤°à¤¤âà¤à¥ à¤°à¤¾à¤® à¤à¥) BILL, 2025",2025,Government,Financial Bill,RURAL DEVELOPMENT,Lok Sabha,,2025-12-16,2025-12-18,2025-12-19,20/12/2025,Assented,,,36,2025,https://sansad.in/getFile/BillsTexts/LSBillTexts/Asintroduced/As intro1216202512439PM.pdf?source=legislation,,
195,"THE SABKA BIMA SABKI RAKSHA (AMENDMENT OF INSURANCE LAWS) BILL, 2025",2025,Government,Financial Bill,FINANCE,Lok Sabha,,2025-12-16,2025-12-16,2025-12-17,20/12/2025,Assented,,,40,2025,https://sansad.in/getFile/BillsTexts/LSBillTexts/Asintroduced/Insurance as intro1216202512525PM.pdf?source=legislation,,
196,"The Sustainable Harnessing and Advancementof Nuclear Energy for Transforming India Bill, 2025",2025,Government,Financial Bill,ATOMIC ENERGY,Lok Sabha,,2025-12-15,2025-12-17,2025-12-18,20/12/2025,Assented,,,39,2025,https://sansad.in/getFile/BillsTexts/LSBillTexts/Asintroduced/Nuclear As Introduced1215202532245PM.pdf?source=legislation,,
194,"THE VIKSIT BHARAT SHIKSHA ADHISHTHAN BILL, 2025",2025,Government,Financial Bill,EDUCATION,Lok Sabha,,2025-12-15,,,,Pending,,,,,https://sansad.in/getFile/BillsTexts/LSBillTexts/Asintroduced/As intro (3)1215202525925PM.pdf?source=legislation,,
193,"THE REPEALING AND AMENDING BILL, 2025",2025,Government,Ordinary Bill,LAW AND JUSTICE,Lok Sabha,,2025-12-15,2025-12-16,2025-12-17,20/12/2025,Assented,,,37,2025,https://sansad.in/getFile/BillsTexts/LSBillTexts/Asintroduced/AS intro (4)1215202530613PM.pdf?source=legislation,,
150,"The Appropriation (No.4) Bill,2025",2025,Government,Money Bill,FINANCE,Lok Sabha,,2025-12-15,2025-12-15,2025-12-16,20/12/2025,Assented,,,38,2025,https://sansad.in/getFile/BillsTexts/LSBillTexts/Asintroduced/THE APPROPRIATION 12162025111920AM.pdf?source=legislation,,
XLVI,"The Public Examinations (Prevention of Unfair Means) Amendment Bill, 2024",2024,Private Member,Ordinary Bill,"PERSONNEL,  PUBLIC  GRIEVANCES  AND  PENSIONS",Rajya Sabha,Raghav Chadha Shri,2025-12-05,,,,Pending,,,,,https://sansad.in/getFile/BillsTexts/RSBillTexts/Asintroduced/581211202550852PM.pdf?source=legislation,,
XLIV,"The Criminal Laws (Amendment) Bill, 2024",2024,Private Member,Ordinary Bill,HOME AFFAIRS,Rajya Sabha,Raghav Chadha Shri,2025-12-05,,,,Pending,,,,,https://sansad.in/getFile/BillsTexts/RSBillTexts/Asintroduced/571211202550841PM.pdf?source=legislation,,
XLIII,"The National Committee for Protection of Media Persons Bill, 2024",2024,Private Member,Financial Bill,INFORMATION AND BROADCASTING,Rajya Sabha,Mohammed Nadimul Haque Shri,2025-12-05,,,,Pending,,,,,https://sansad.in/getFile/BillsTexts/RSBillTexts/Asintroduced/11211202545359PM.pdf?source=legislation,,
XLII,"The Surrogacy Laws (Amendment) Bill, 2024",2024,Private Member,Ordinary Bill,HEALTH AND FAMILY WELFARE,Rajya Sabha,Mohammed Nadimul Haque Shri,2025-12-05,,,,Pending,,,,,https://sansad.in/getFile/BillsTexts/RSBillTexts/Asintroduced/21211202545419PM.pdf?source=legislation,,
XCVIII,"The Child and Adolescent Labour (Prohibition and Regulation) Amendment Bill, 2024",2024,Private Member,Ordinary Bill,LABOUR  AND  EMPLOYMENT,Rajya Sabha,Iranna Kadadi Shri,2025-12-05,,,,Pending,,,,,https://sansad.in/getFile/BillsTexts/RSBillTexts/Asintroduced/561211202550817PM.pdf?source=legislation,,
XCVII,"The Representation of the People (Amendment) Bill, 2024",2024,Private Member,Financial Bill,LAW AND JUSTICE,Rajya Sabha,Raghav Chadha Shri,2025-12-05,,,,Pending,,,,,https://sansad.in/getFile/BillsTexts/RSBillTexts/Asintroduced/591211202550905PM.pdf?source=legislation,,
XCV,"The Representation of the People (Amendment) Bill, 2024",2024,Private Member,Financial Bill,LAW AND JUSTICE,Rajya Sabha,Jebi Mather Hisham Smt.,2025-12-05,,,,Pending,,,,,https://sansad.in/getFile/BillsTexts/RSBillTexts/Asintroduced/71211202545552PM.pdf?source=legislation,,
XCIV,"The National Commission for Welfare of Sugarcane Farmers and Workers Bill, 2024",2024,Private Member,Financial Bill,AGRICULTURE & FARMERS WELFARE,Rajya Sabha,Iranna Kadadi Shri,2025-12-05,,,,Pending,,,,,https://sansad.in/getFile/BillsTexts/RSBillTexts/Asintroduced/541211202550743PM.pdf?source=legislation,,
XCII,"The Legislative Impact Assessment Bill, 2024",2024,Private Member,Financial Bill,LAW AND JUSTICE,Rajya Sabha,K.R. Suresh Reddy Shri,2025-12-05,,,,Removed,,,,,https://sansad.in/getFile/BillsTexts/RSBillTexts/Asintroduced/61211202545531PM.pdf?source=legislation,,
LXXXVII,"The National Food Security (Amendment) Bill, 2024",2024,Private Member,Ordinary Bill,"CONSUMER AFFAIRS, FOOD AND PUBLIC DISTRIBUTION",Rajya Sabha,Iranna Kadadi Shri,2025-12-05,,,,Pending,,,,,https://sansad.in/getFile/BillsTexts/RSBillTexts/Asintroduced/551211202550803PM.pdf?source=legislation,,
LXXXVI,"The Sexual Harassment of Women at Workplace (Prevention, Prohibition and Redressal) Amendment Bill, 2024",2024,Private Member,Financial Bill,WOMEN AND CHILD DEVELOPMENT,Rajya Sabha,Jebi Mather Hisham Smt.,2025-12-05,,,,Pending,,,,,https://sansad.in/getFile/BillsTexts/RSBillTexts/Asintroduced/81211202545607PM.pdf?source=legislation,,
LXXXIII,"The Sexual Harassment of Women at Workplace (Prevention, Prohibition and Redressal) Amendment Bill, 2024",2024,Private Member,Ordinary Bill,WOMEN AND CHILD DEVELOPMENT,Rajya Sabha,Mohammed Nadimul Haque Shri,2025-12-05,,,,Pending,,,,,https://sansad.in/getFile/BillsTexts/RSBillTexts/Asintroduced/31211202545442PM.pdf?source=legislation,,
LXXII,"The Urban Areas (Development and Regulation) Bill, 2024",2024,Private Member,Financial Bill,Housing and Urban Affairs,Rajya Sabha,Bhim Singh Dr.,2025-12-05,,,,Withdrawn,,,,,https://sansad.in/getFile/BillsTexts/RSBillTexts/Asintroduced/41211202545504PM.pdf?source=legislation,,
44,"The Mental Healthcare (Amendment) Bill, 2024 (Amendment of section, etc.).",2024,Private Member,Financial Bill,HEALTH AND FAMILY WELFARE,Lok Sabha,Rajiv Pratap Rudy Shri,2025-12-05,,,,Pending,,,,,https://sansad.in/getFile/BillsTexts/LSBillTexts/Asintroduced/44 of 2024 as intro125202583504PM.pdf?source=legislation,,
279,"The Infrastructure Project (Monitoring and Management) Board Bill, 2024.",2024,Private Member,Financial Bill,PLANNING,Lok Sabha,Jagdambika Pal Shri,2025-12-05,,,,Pending,,,,,https://sansad.in/getFile/BillsTexts/LSBillTexts/Asintroduced/279 of 2024 As125202591509PM.pdf?source=legislation,,
277,"The Digital Personal Data Protection (Amendment) Bill, 2024 (Amendment of Section 9, etc.).",2024,Private Member,Ordinary Bill,ELECTRONICS AND INFORMATION TECHNOLOGY,Lok Sabha,Jagdambika Pal Shri,2025-12-05,,,,Pending,,,,,https://sansad.in/getFile/BillsTexts/LSBillTexts/Asintroduced/277 of 2024 As125202591451PM.pdf?source=legislation,,
273,"The Supreme Court (Use of Hindi in Proceedings and Other Provisions) Bill, 2024",2024,Private Member,Financial Bill,HOME AFFAIRS,Lok Sabha,Ganesh Singh Shri,2025-12-05,,,,Pending,,,,,https://sansad.in/getFile/BillsTexts/LSBillTexts/Asintroduced/273 of 2024 As125202595150PM.pdf?source=legislation,,
272,"The Reservation for the Scheduled Castes, the Scheduled Tribes, the Other Backward Classes, De-notified Tribes and Semi-nomadic Communities in Private Sector Bill, 2024.",2024,Private Member,Ordinary Bill,SOCIAL JUSTICE AND EMPOWERMENT,Lok Sabha,Ganesh Singh Shri,2025-12-05,,,,Pending,,,,,https://sansad.in/getFile/BillsTexts/LSBillTexts/Asintroduced/272 of 2024 As125202595513PM.pdf?source=legislation,,
271,"The Scheduled Tribe Component (Planning, Allocation and Utilization of Financial Resources) Bill, 2024.",2024,Private Member,Financial Bill,TRIBAL AFFAIRS,Lok Sabha,Gowaal Kagada Padavi Adv,2025-12-05,,,,Pending,,,,,https://sansad.in/getFile/BillsTexts/LSBillTexts/Asintroduced/271 of 2024 As125202591113PM.pdf?source=legislation,,
270,"The Higher Education School, Graduate School and University (Freedom of Speech) Bill, 2024.",2024,Private Member,Ordinary Bill,EDUCATION,Lok Sabha,Gowaal Kagada Padavi Adv,2025-12-05,,,,Pending,,,,,https://sansad.in/getFile/BillsTexts/LSBillTexts/Asintroduced/270 of 2024 As125202591218PM.pdf?source=legislation,,
269,"The National Commission for Detection and Reporting of Cases of Atrocities and Caste Discrimination against Scheduled Castes and Scheduled Tribes Bill, 2024.",2024,Private Member,Financial Bill,SOCIAL JUSTICE AND EMPOWERMENT,Lok Sabha,Chandra Shekhar Adv.,2025-12-05,,,,Pending,,,,,https://sansad.in/getFile/BillsTexts/LSBillTexts/Asintroduced/269 of 2024 AS125202590326PM.pdf?source=legislation,,
265,"The Advocates (Amendment) Bill, 2024 (Amendment of Section 2, etc.).",2024,Private Member,Financial Bill,LAW AND JUSTICE,Lok Sabha,Omprakash Bhupalsinh Alias Pavan Rajenimbalkar Shri,2025-12-05,,,,Pending,,,,,https://sansad.in/getFile/BillsTexts/LSBillTexts/Asintroduced/265 of 2024 AS125202591410PM.pdf?source=legislation,,
263,"The Bharatiya Nyaya Sanhita (Amendment) Bill, 2024 (Amendment of section 63).",2024,Private Member,Ordinary Bill,HOME AFFAIRS,Lok Sabha,Shashi Tharoor Dr.,2025-12-05,,,,Pending,,,,,https://sansad.in/getFile/BillsTexts/LSBillTexts/Asintroduced/263 of 2024 AS125202590816PM.pdf?source=legislation,,
260,"The Wildlife (Protection ) Amendment Bill, 2024 (Amendment of section 2, etc.).",2024,Private Member,Financial Bill,"ENVIRONMENT, FOREST AND CLIMATE CHANGE",Lok Sabha,Vishaldada Prakashbapu Patil Shri,2025-12-05,,,,Pending,,,,,https://sansad.in/getFile/BillsTexts/LSBillTexts/Asintroduced/260 of 2024 AS125202590445PM.pdf?source=legislation,,
259,"The Enrollment of the Children of Government Employees in Government Schools (Promotion) Bill, 2024.",2024,Private Member,Financial Bill,"PERSONNEL,  PUBLIC  GRIEVANCES  AND  PENSIONS",Lok Sabha,Iqra Choudhary Ms,2025-12-05,,,,Pending,,,,,https://sansad.in/getFile/BillsTexts/LSBillTexts/Asintroduced/259 of 2024 AS125202591155PM.pdf?source=legislation,,
258,"The Chief Election Commissioner and other Election Commissioners (Appointment, Conditions of Service and Term of Office) Amendment Bill, 2024 (Amendment of section 5, etc.).",2024,Private Member,Financial Bill,LAW AND JUSTICE,Lok Sabha,Vishaldada Prakashbapu Patil Shri,2025-12-05,,,,Pending,,,,,https://sansad.in/getFile/BillsTexts/LSBillTexts/Asintroduced/258 of 2024 AS125202591318PM.pdf?source=legislation,,
254,"The Prevention of Slaughter and Preservation of Cattle Bill, 2024.",2024,Private Member,Financial Bill,"fisheries, animal husbandry and dairying",Lok Sabha,Bhartruhari Mahtab Shri,2025-12-05,,,,Pending,,,,,https://sansad.in/getFile/BillsTexts/LSBillTexts/Asintroduced/254 of 2024 AS125202591410PM.pdf?source=legislation,,
252,"The Welfare and Protection of Cow Bill, 2024.",2024,Private Member,Financial Bill,"fisheries, animal husbandry and dairying",Lok Sabha,Shrikant Eknath Shinde Dr.,2025-12-05,,,,Pending,,,,,https://sansad.in/getFile/BillsTexts/LSBillTexts/Asintroduced/252 of 2024 AS12162025105840AM.pdf?source=legislation,,
247,"The Domestic Workers (Regulation of Employment and Conditions at Work) Bill, 2024.",2024,Private Member,Financial Bill,LABOUR  AND  EMPLOYMENT,Lok Sabha,T Sumathy Alias Thamizhachi Thangapandian Dr.,2025-12-05,,,,Pending,,,,,https://sansad.in/getFile/BillsTexts/LSBillTexts/Asintroduced/247 of 2024 as125202585837PM.pdf?source=legislation,,
245,"The Journalist (Prevention of Violence and Protection) Bill, 2024.",2024,Private Member,Financial Bill,INFORMATION AND BROADCASTING,Lok Sabha,Vishaldada Prakashbapu Patil Shri,2025-12-05,,,,Pending,,,,,https://sansad.in/getFile/BillsTexts/LSBillTexts/Asintroduced/245 of 2024 AS125202590923PM.pdf?source=legislation,,
244,"The Environment (Protection) Amendment Bill, 2024 (Amendment of section 2, etc.).",2024,Private Member,Financial Bill,"ENVIRONMENT, FOREST AND CLIMATE CHANGE",Lok Sabha,Arun Bharti Shri,2025-12-05,,,,Pending,,,,,https://sansad.in/getFile/BillsTexts/LSBillTexts/Asintroduced/244 of 2024 AS125202595714PM.pdf?source=legislation,,
232,"The Scheduled Castes and Scheduled Tribes (Reservation in Posts and Services and Filling Up of Vacancies in a Time Bound Manner) Bill, 2024.",2024,Private Member,Financial Bill,"PERSONNEL,  PUBLIC  GRIEVANCES  AND  PENSIONS",Lok Sabha,Arun Bharti Shri,2025-12-05,,,,Pending,,,,,https://sansad.in/getFile/BillsTexts/LSBillTexts/Asintroduced/232 of 2024 AS125202595631PM.pdf?source=legislation,,
231,"The Traditional Weavers (Protection and Welfare) Bill, 2024.",2024,Private Member,Financial Bill,TEXTILES,Lok Sabha,Rajeev Rai Shri,2025-12-05,,,,Pending,,,,,https://sansad.in/getFile/BillsTexts/LSBillTexts/Asintroduced/231 of 2024 AS125202585512PM.pdf?source=legislation,,
230,"The National Water University Bill, 2024.",2024,Private Member,Financial Bill,JAL SHAKTI,Lok Sabha,Ravindra Dattaram Waikar Shri,2025-12-05,,,,Pending,,,,,https://sansad.in/getFile/BillsTexts/LSBillTexts/Asintroduced/230 of 2024 AS125202590036PM.pdf?source=legislation,,
23,"The All India Institutes of Medical Sciences (Amendment) Bill, 2024 (Insertion of new section 3A).",2024,Private Member,Financial Bill,HEALTH AND FAMILY WELFARE,Lok Sabha,Chandra Shekhar Adv.,2025-12-05,,,,Pending,,,,,https://sansad.in/getFile/BillsTexts/LSBillTexts/Asintroduced/23 of 2024 as intro125202583554PM.pdf?source=legislation,,
227,"The Special Financial Assistance for Development and Rejuvenation of Water Bodies in the State of Maharashtra Bill, 2024.",2024,Private Member,Financial Bill,JAL SHAKTI,Lok Sabha,Ravindra Dattaram Waikar Shri,2025-12-05,,,,Pending,,,,,https://sansad.in/getFile/BillsTexts/LSBillTexts/Asintroduced/227 of 2024 AS125202590203PM.pdf?source=legislation,,
218,"The Bhagwan Birsa Munda Birthplace Ulihatu National Memorial Bill, 2024.",2024,Private Member,Financial Bill,CULTURE,Lok Sabha,Bidyut Baran Mahato Shri,2025-12-05,,,,Pending,,,,,https://sansad.in/getFile/BillsTexts/LSBillTexts/Asintroduced/218 of 2024 AS125202591812PM.pdf?source=legislation,,
217,"The Prevention of Cruelty to Animals (Amendment) Bill, 2024 (Amendment of section 11, etc.).",2024,Private Member,Ordinary Bill,"fisheries, animal husbandry and dairying",Lok Sabha,Shambhavi  Smt.,2025-12-05,,,,Pending,,,,,https://sansad.in/getFile/BillsTexts/LSBillTexts/Asintroduced/217 of 2024 AS125202585230PM.pdf?source=legislation,,
215,"The National Floriculture Board Bill, 2024.",2024,Private Member,Financial Bill,AGRICULTURE & FARMERS WELFARE,Lok Sabha,K Sudhakar Dr.,2025-12-05,,,,Pending,,,,,https://sansad.in/getFile/BillsTexts/LSBillTexts/Asintroduced/215 of 2024 AS125202590932PM.pdf?source=legislation,,
212,"The Protection and Welfare of Sanitation Workers Bill, 2024.",2024,Private Member,Financial Bill,SOCIAL JUSTICE AND EMPOWERMENT,Lok Sabha,Ravindra Dattaram Waikar Shri,2025-12-05,,,,Pending,,,,,https://sansad.in/getFile/BillsTexts/LSBillTexts/Asintroduced/212 of 2024 AS125202590002PM.pdf?source=legislation,,
209,"The Cultural Mapping Bill, 2024.",2024,Private Member,Financial Bill,CULTURE,Lok Sabha,Manoj Tiwari Shri,2025-12-05,,,,Pending,,,,,https://sansad.in/getFile/BillsTexts/LSBillTexts/Asintroduced/209 of 2024 AS125202590316PM.pdf?source=legislation,,
203,"The National Commission for Women (Amendment) Bill, 2024 (Amendment of section 10).",2024,Private Member,Ordinary Bill,WOMEN AND CHILD DEVELOPMENT,Lok Sabha,Shambhavi  Smt.,2025-12-05,,,,Pending,,,,,https://sansad.in/getFile/BillsTexts/LSBillTexts/Asintroduced/203 of 2024 AS125202595610PM.pdf?source=legislation,,
199,"The All India Institutes of Medical Sciences (Amendment) Bill, 2024 (Insertion of new section 3A).",2024,Private Member,Financial Bill,HEALTH AND FAMILY WELFARE,Lok Sabha,Rajeev Rai Shri,2025-12-05,,,,Pending,,,,,https://sansad.in/getFile/BillsTexts/LSBillTexts/Asintroduced/199 of 2024 AS125202585435PM.pdf?source=legislation,,
198,"The National Board for Combating Natural Calamity and Welfare of Natural Calamity Victims Bill, 2024.",2024,Private Member,Financial Bill,HOME AFFAIRS,Lok Sabha,Shrikant Eknath Shinde Dr.,2025-12-05,,,,Pending,,,,,https://sansad.in/getFile/BillsTexts/LSBillTexts/Asintroduced/157125202595737PM. The National Board for Combatin?source=legislation,,
196,"The Dairy Farmers (Welfare) Bill, 2024.",2024,Private Member,Financial Bill,"fisheries, animal husbandry and dairying",Lok Sabha,K Sudhakar Dr.,2025-12-05,,,,Pending,,,,,https://sansad.in/getFile/BillsTexts/LSBillTexts/Asintroduced/196 of 2024 AS125202591048PM.pdf?source=legislation,,
195,"The Constitution (Amendment) Bill, 2024 (Amendment of the Eighth Schedule).",2024,Private Member,Ordinary Bill,HOME AFFAIRS,Lok Sabha,Jayanta Kumar Roy Dr.,2025-12-05,,,,Pending,,,,,https://sansad.in/getFile/BillsTexts/LSBillTexts/Asintroduced/195 of 2024 AS125202583948PM.pdf?source=legislation,,
193,"The Regulation of Deepfake Bill, 2024.",2024,Private Member,Financial Bill,ELECTRONICS AND INFORMATION TECHNOLOGY,Lok Sabha,Shrikant Eknath Shinde Dr.,2025-12-05,,,,Pending,,,,,https://sansad.in/getFile/BillsTexts/LSBillTexts/Asintroduced/193 of 2024 AS125202595114PM.pdf?source=legislation,,
188,"The Narcotic Drugs and Psychotropic Substances (Amendment) Bill, 2024 (Amendment of section 1, etc.).",2024,Private Member,Ordinary Bill,FINANCE,Lok Sabha,Dharamvira Gandhi Dr.,2025-12-05,,,,Pending,,,,,https://sansad.in/getFile/BillsTexts/LSBillTexts/Asintroduced/188 of 2024 AS125202585340PM.pdf?source=legislation,,
187,"The Menstrual Leave and Hygiene Bill, 2024.",2024,Private Member,Financial Bill,LABOUR  AND  EMPLOYMENT,Lok Sabha,Shambhavi  Smt.,2025-12-05,,,,Pending,,,,,https://sansad.in/getFile/BillsTexts/LSBillTexts/Asintroduced/187 of 2024 AS125202585318PM.pdf?source=legislation,,
182,"The Digital Personal Data Protection (Amendment) Bill, 2024 (Amendment of section 2, etc.).",2024,Private Member,Ordinary Bill,ELECTRONICS AND INFORMATION TECHNOLOGY,Lok Sabha,T Sumathy Alias Thamizhachi Thangapandian Dr.,2025-12-05,,,,Pending,,,,,https://sansad.in/getFile/BillsTexts/LSBillTexts/Asintroduced/182 of 2024 AS125202585924PM.pdf?source=legislation,,
180,"The Specially Abled Children (Welfare) Bill, 2024.",2024,Private Member,Financial Bill,WOMEN AND CHILD DEVELOPMENT,Lok Sabha,Bhartruhari Mahtab Shri,2025-12-05,,,,Pending,,,,,https://sansad.in/getFile/BillsTexts/LSBillTexts/Asintroduced/180 of 2024 AS125202591503PM.pdf?source=legislation,,
173,"The Vegetable Products (Remunerative Support Price and Insurance) Bill, 2024.",2024,Private Member,Financial Bill,AGRICULTURE & FARMERS WELFARE,Lok Sabha,Bidyut Baran Mahato Shri,2025-12-05,,,,Pending,,,,,https://sansad.in/getFile/BillsTexts/LSBillTexts/Asintroduced/173 OF 2024 AS125202591709PM.pdf?source=legislation,,
168,"The National Medical Commission (Amendment) Bill, 2024 (Amendment of section 14, etc.).",2024,Private Member,Ordinary Bill,HEALTH AND FAMILY WELFARE,Lok Sabha,S Jothimani Ms.,2025-12-05,,,,Pending,,,,,https://sansad.in/getFile/BillsTexts/LSBillTexts/Asintroduced/168 of 2024 AS125202591545PM.pdf?source=legislation,,
167,"The Breast Cancer (Awareness) Bill, 2024.",2024,Private Member,Financial Bill,HEALTH AND FAMILY WELFARE,Lok Sabha,T Sumathy Alias Thamizhachi Thangapandian Dr.,2025-12-05,,,,Pending,,,,,https://sansad.in/getFile/BillsTexts/LSBillTexts/Asintroduced/167 of 2024 AS125202590129PM.pdf?source=legislation,,
164,"The Scheduled Castes and the Scheduled Tribes (Prevention of Atrocities) Amendment Bill, 2024 (Amendment of sections 2 and 3).",2024,Private Member,Ordinary Bill,SOCIAL JUSTICE AND EMPOWERMENT,Lok Sabha,Vishnu Dayal Ram Shri,2025-12-05,,,,Pending,,,,,https://sansad.in/getFile/BillsTexts/LSBillTexts/Asintroduced/164 of 2024 as intro125202585206PM.pdf?source=legislation,,
163,"The Narcotic Drugs and Psychotropic Substances (Amendment) Bill, 2024 (Amendment of section 31A).",2024,Private Member,Ordinary Bill,FINANCE,Lok Sabha,Vishnu Dayal Ram Shri,2025-12-05,,,,Pending,,,,,https://sansad.in/getFile/BillsTexts/LSBillTexts/Asintroduced/163 of 2024 As introduced125202585132PM.pdf?source=legislation,,
161,"The Legitimate Asylum to Refugees Bill, 2024.",2024,Private Member,Financial Bill,HOME AFFAIRS,Lok Sabha,Bhartruhari Mahtab Shri,2025-12-05,,,,Pending,,,,,https://sansad.in/getFile/BillsTexts/LSBillTexts/Asintroduced/161 of 2024 as intro125202585055PM.pdf?source=legislation,,
160,"The Indigenous Cow and Cow Progeny Protection Board Bill, 2024.",2024,Private Member,Financial Bill,"fisheries, animal husbandry and dairying",Lok Sabha,Lumbaram Choudhary Shri,2025-12-05,,,,Pending,,,,,https://sansad.in/getFile/BillsTexts/LSBillTexts/Asintroduced/160 of 2024 as intro125202584735PM.pdf?source=legislation,,
159,"The Stray Animals Control Bill, 2024.",2024,Private Member,Financial Bill,"fisheries, animal husbandry and dairying",Lok Sabha,Anand Bhadauria Shri,2025-12-05,,,,Pending,,,,,https://sansad.in/getFile/BillsTexts/LSBillTexts/Asintroduced/159 of 2024 as intro125202590442PM.pdf?source=legislation,,
158,"The Special Economic Zones (Amendment) Bill, 2024 (Amendment of Section 2, etc.).",2024,Private Member,Financial Bill,COMMERCE AND INDUSTRY,Lok Sabha,Manickam Tagore B Shri,2025-12-05,,,,Pending,,,,,https://sansad.in/getFile/BillsTexts/LSBillTexts/Asintroduced/158 of 2024 as125202583721PM.pdf?source=legislation,,
157,"The Menstrual Benefits Bill, 2024.",2024,Private Member,Ordinary Bill,LABOUR  AND  EMPLOYMENT,Lok Sabha,Kadiyam Kavya Dr.,2025-12-05,,,,Pending,,,,,https://sansad.in/getFile/BillsTexts/LSBillTexts/Asintroduced/157 of 2024 as intro125202585407PM.pdf?source=legislation,,
156,"The National Eligibility cum Entrance Test (NEET) Exemption for the State of Tamil Nadu Bill, 2024.",2024,Private Member,Ordinary Bill,EDUCATION,Lok Sabha,Manickam Tagore B Shri,2025-12-05,,,,Pending,,,,,https://sansad.in/getFile/BillsTexts/LSBillTexts/Asintroduced/156 of 2024 as125202584121PM.pdf?source=legislation,,
151,"The Establishment of Sports Infrastructure in Virudhunagar Bill, 2024.",2024,Private Member,Financial Bill,YOUTH AFFAIRS AND SPORTS,Lok Sabha,Manickam Tagore B Shri,2025-12-05,,,,Pending,,,,,https://sansad.in/getFile/BillsTexts/LSBillTexts/Asintroduced/151 of 2024 as intro125202583659PM.pdf?source=legislation,,
149,"The Coastal Tourism Development Board Bill, 2024.",2024,Private Member,Financial Bill,TOURISM,Lok Sabha,Hemant Vishnu Savara Dr.,2025-12-05,,,,Pending,,,,,https://sansad.in/getFile/BillsTexts/LSBillTexts/Asintroduced/149 of 2024 as intro125202584600PM.pdf?source=legislation,,
148,"The Railways (Amendment) Bill, 2024 (Insertion of new Section 24A).",2024,Private Member,Financial Bill,RAILWAYS,Lok Sabha,Alok Kumar Suman Dr.,2025-12-05,,,,Pending,,,,,https://sansad.in/getFile/BillsTexts/LSBillTexts/Asintroduced/148 of 2024 as intro125202584517PM.pdf?source=legislation,,
147,"The Criminal Laws (Amendment) Bill, 2024 (Insertion of new Section 106A, etc.).",2024,Private Member,Ordinary Bill,HOME AFFAIRS,Lok Sabha,Alok Kumar Suman Dr.,2025-12-05,,,,Pending,,,,,https://sansad.in/getFile/BillsTexts/LSBillTexts/Asintroduced/147 of 2024 as intro125202585435PM.pdf?source=legislation,,
146,"The Railways (Amendment) Bill, 2024 (Insertion of new Section 24A).",2024,Private Member,Financial Bill,RAILWAYS,Lok Sabha,Alok Kumar Suman Dr.,2025-12-05,,,,Pending,,,,,https://sansad.in/getFile/BillsTexts/LSBillTexts/Asintroduced/146 of 2024 as intro125202584250PM.pdf?source=legislation,,
145,"The Farmers Right to Minimum Support Price Realization of Agricultural Produce Bill, 2024.",2024,Private Member,Financial Bill,AGRICULTURE & FARMERS WELFARE,Lok Sabha,Chandra Shekhar Adv.,2025-12-05,,,,Pending,,,,,https://sansad.in/getFile/BillsTexts/LSBillTexts/Asintroduced/145 of 2024 as intro125202583621PM.pdf?source=legislation,,
144,"The Special Financial Assistance for Development and Conservation of Water Bodies in the State of Maharashtra Bill, 2024.",2024,Private Member,Financial Bill,JAL SHAKTI,Lok Sabha,Hemant Vishnu Savara Dr.,2025-12-05,,,,Pending,,,,,https://sansad.in/getFile/BillsTexts/LSBillTexts/Asintroduced/144 of 2024 as intro125202584657PM.pdf?source=legislation,,
142,"The Constitution (Scheduled Tribes) Order (Amendment) Bill, 2024 (Amendment of the Schedule).",2024,Private Member,Financial Bill,TRIBAL AFFAIRS,Lok Sabha,Saptagiri Sankar Ulaka Shri,2025-12-05,,,,Pending,,,,,https://sansad.in/getFile/BillsTexts/LSBillTexts/Asintroduced/142 of 2024 as intro125202584043PM.pdf?source=legislation,,
141,"The Maharashtra Central Sports University Bill, 2024.",2024,Private Member,Financial Bill,YOUTH AFFAIRS AND SPORTS,Lok Sabha,Hemant Vishnu Savara Dr.,2025-12-05,,,,Pending,,,,,https://sansad.in/getFile/BillsTexts/LSBillTexts/Asintroduced/141 of 2024 as intro125202584533PM.pdf?source=legislation,,
140,"The Central Institute for Cancer Detection and Prevention Bill, 2024.",2024,Private Member,Financial Bill,HEALTH AND FAMILY WELFARE,Lok Sabha,Byreddy Shabari Dr.,2025-12-05,,,,Pending,,,,,https://sansad.in/getFile/BillsTexts/LSBillTexts/Asintroduced/140 of 2024 as intro125202584759PM.pdf?source=legislation,,
139,"The National Green Tribunal (Amendment) Bill, 2024 (Amendment of Section 15, etc.).",2024,Private Member,Financial Bill,"ENVIRONMENT, FOREST AND CLIMATE CHANGE",Lok Sabha,E T Mohammed Basheer Shri,2025-12-05,,,,Pending,,,,,https://sansad.in/getFile/BillsTexts/LSBillTexts/Asintroduced/139 of 2024 as intro125202590422PM.pdf?source=legislation,,
137,"The Special Financial Assistance to KBK Region of State of Odisha Bill, 2024.",2024,Private Member,Financial Bill,FINANCE,Lok Sabha,Saptagiri Sankar Ulaka Shri,2025-12-05,,,,Pending,,,,,https://sansad.in/getFile/BillsTexts/LSBillTexts/Asintroduced/137 of 2024  as intro125202584010PM.pdf?source=legislation,,
134,"The Special Financial Assistance for Ancient Monuments and Archaeological Sites and Remains in the State of Rajasthan Bill, 2024.",2024,Private Member,Financial Bill,CULTURE,Lok Sabha,Damodar Agrawal Shri,2025-12-05,,,,Pending,,,,,https://sansad.in/getFile/BillsTexts/LSBillTexts/Asintroduced/134 of 2024 as intro125202584927PM.pdf?source=legislation,,
133,"The Prevention of Torture Bill, 2024.",2024,Private Member,Ordinary Bill,HOME AFFAIRS,Lok Sabha,E T Mohammed Basheer Shri,2025-12-05,,,,Pending,,,,,https://sansad.in/getFile/BillsTexts/LSBillTexts/Asintroduced/133 of 2024 as intro125202590405PM.pdf?source=legislation,,
128,"The States and Union Territories Reorganization Commission Bill, 2024.",2024,Private Member,Financial Bill,HOME AFFAIRS,Lok Sabha,Shashi Tharoor Dr.,2025-12-05,,,,Pending,,,,,https://sansad.in/getFile/BillsTexts/LSBillTexts/Asintroduced/128 of 2024 as intro125202585500PM.pdf?source=legislation,,
124,"The Aligarh Muslim University (Amendment) Bill, 2024 (Amendment of Section 12).",2024,Private Member,Ordinary Bill,EDUCATION,Lok Sabha,E T Mohammed Basheer Shri,2025-12-05,,,,Pending,,,,,https://sansad.in/getFile/BillsTexts/LSBillTexts/Asintroduced/124  of 2024 As introduced125202590348PM.pdf?source=legislation,,
121,"The Hindu Religious Places of worship (Prohibition of Marketing, Slaughtering, Trading, Cooking, Serving and Consumption of Meat and other Non - Vegetarian Food) Bill, 2024.",2024,Private Member,Financial Bill,HEALTH AND FAMILY WELFARE,Lok Sabha,Damodar Agrawal Shri,2025-12-05,,,,Pending,,,,,https://sansad.in/getFile/BillsTexts/LSBillTexts/Asintroduced/121 OF 2024 revised as125202584903PM.pdf?source=legislation,,
118,"The Special Financial Assistance for Geo- Mapping of Trees in the State of Rajasthan Bill, 2024.",2024,Private Member,Financial Bill,"ENVIRONMENT, FOREST AND CLIMATE CHANGE",Lok Sabha,Damodar Agrawal Shri,2025-12-05,,,,Pending,,,,,https://sansad.in/getFile/BillsTexts/LSBillTexts/Asintroduced/118 of 2024 as125202584825PM.pdf?source=legislation,,
116,"The Sikh Marriage Bill, 2024.",2024,Private Member,Financial Bill,LAW AND JUSTICE,Lok Sabha,Dharamvira Gandhi Dr.,2025-12-05,,,,Pending,,,,,https://sansad.in/getFile/BillsTexts/LSBillTexts/Asintroduced/116 of 2024 as intro125202585243PM.pdf?source=legislation,,
XXXVIII,"The Digital Personal Data Protection (Amendment) Bill, 2025",2025,Private Member,Ordinary Bill,ELECTRONICS AND INFORMATION TECHNOLOGY,Rajya Sabha,John Brittas Dr.,2025-12-05,,,,Pending,,,,,https://sansad.in/getFile/BillsTexts/RSBillTexts/Asintroduced/321211202550253PM.pdf?source=legislation,,
XXXVII,"The Bharatiya Nagarik Suraksha Sanhita (Amendment) Bill, 2025",2025,Private Member,Ordinary Bill,HOME AFFAIRS,Rajya Sabha,Medha Vishram Kulkarni Dr.,2025-12-05,,,,Pending,,,,,https://sansad.in/getFile/BillsTexts/RSBillTexts/Asintroduced/421211202550452PM.pdf?source=legislation,,
XXXVI,"The National Environment Management and Regulatory Authority Bill, 2025",2025,Private Member,Financial Bill,"ENVIRONMENT, FOREST AND CLIMATE CHANGE",Rajya Sabha,Sandosh Kumar P Shri,2025-12-05,,,,Pending,,,,,https://sansad.in/getFile/BillsTexts/RSBillTexts/Asintroduced/391211202550413PM.pdf?source=legislation,,
XXXV,"The National Commission for the Promotion of Scientific Temper Bill, 2025",2025,Private Member,Financial Bill,SCIENCE AND TECHNOLOGY AND EARTH SCIENCES,Rajya Sabha,Sandosh Kumar P Shri,2025-12-05,,,,Pending,,,,,https://sansad.in/getFile/BillsTexts/RSBillTexts/Asintroduced/401211202550425PM.pdf?source=legislation,,
XXXIX,"The National Urban Employment Guarantee Bill, 2025",2025,Private Member,Financial Bill,LABOUR  AND  EMPLOYMENT,Rajya Sabha,Derek O' Brien Shri,2025-12-05,,,,Pending,,,,,https://sansad.in/getFile/BillsTexts/RSBillTexts/Asintroduced/241211202550043PM.pdf?source=legislation,,
XXXIV,"The Wild Life (Protection) Amendment Bill, 2025",2025,Private Member,Financial Bill,"ENVIRONMENT, FOREST AND CLIMATE CHANGE",Rajya Sabha,John Brittas Dr.,2025-12-05,,,,Pending,,,,,https://sansad.in/getFile/BillsTexts/RSBillTexts/Asintroduced/311211202550240PM.pdf?source=legislation,,
XXXIII,"The Constitution (Amendment) Bill, 2025 (insertion of new article 21B)",2025,Private Member,Constitutional Amendment Bill,ELECTRONICS AND INFORMATION TECHNOLOGY,Rajya Sabha,A. D. Singh Shri,2025-12-05,,,,Removed,,,,,https://sansad.in/getFile/BillsTexts/RSBillTexts/Asintroduced/351211202550328PM.pdf?source=legislation,,
XXXII,"The Companies (Amendment) Bill, 2025",2025,Private Member,Ordinary Bill,CORPORATE AFFAIRS,Rajya Sabha,Sandosh Kumar P Shri,2025-12-05,,,,Pending,,,,,https://sansad.in/getFile/BillsTexts/RSBillTexts/Asintroduced/411211202550435PM.pdf?source=legislation,,
XXX,"The Right of Children to Free and Compulsory Education (Amendment) Bill, 2025",2025,Private Member,Financial Bill,EDUCATION,Rajya Sabha,Fauzia Khan Dr.,2025-12-05,,,,Removed,,,,,https://sansad.in/getFile/BillsTexts/RSBillTexts/Asintroduced/221211202550010PM.pdf?source=legislation,,
XXVIII,"The Information Technology (Amendment) Bill, 2025",2025,Private Member,Ordinary Bill,ELECTRONICS AND INFORMATION TECHNOLOGY,Rajya Sabha,Ajeet Madhavrao Gopchade Dr.,2025-12-05,,,,Pending,,,,,https://sansad.in/getFile/BillsTexts/RSBillTexts/Asintroduced/271211202550148PM.pdf?source=legislation,,
XXVII,"The Constitution (Amendment) Bill, 2025 (amendment of article 19)",2025,Private Member,Constitutional Amendment Bill,COMMUNICATIONS,Rajya Sabha,V. Sivadasan Dr.,2025-12-05,,,,Pending,,,,,https://sansad.in/getFile/BillsTexts/RSBillTexts/Asintroduced/181211202545833PM.pdf?source=legislation,,
XXV,"The Constitution (Amendment) Bill, 2025 (amendment of article 282)",2025,Private Member,Constitutional Amendment Bill,FINANCE,Rajya Sabha,John Brittas Dr.,2025-12-05,,,,Pending,,,,,https://sansad.in/getFile/BillsTexts/RSBillTexts/Asintroduced/301211202550228PM.pdf?source=legislation,,
XXIX,"The Motor Vehicles (Amendment) Bill, 2025",2025,Private Member,Ordinary Bill,ROAD TRANSPORT AND HIGHWAYS,Rajya Sabha,Fauzia Khan Dr.,2025-12-05,,,,Removed,,,,,https://sansad.in/getFile/BillsTexts/RSBillTexts/Asintroduced/211211202545944PM.pdf?source=legislation,,
XXIV,"The Prohibition of Child Marriage (Amendment) Bill, 2025",2025,Private Member,Ordinary Bill,WOMEN AND CHILD DEVELOPMENT,Rajya Sabha,A. D. Singh Shri,2025-12-05,,,,Removed,,,,,https://sansad.in/getFile/BillsTexts/RSBillTexts/Asintroduced/341211202550316PM.pdf?source=legislation,,
XXIII,"The Wild Life (Protection) Amendment Bill, 2025",2025,Private Member,Ordinary Bill,"ENVIRONMENT, FOREST AND CLIMATE CHANGE",Rajya Sabha,V. Sivadasan Dr.,2025-12-05,,,,Pending,,,,,https://sansad.in/getFile/BillsTexts/RSBillTexts/Asintroduced/191211202545920PM.pdf?source=legislation,,
XXI,"The Right of Children to Free and Compulsory Education (Amendment) Bill, 2025",2025,Private Member,Ordinary Bill,EDUCATION,Rajya Sabha,Derek O' Brien Shri,2025-12-05,,,,Pending,,,,,https://sansad.in/getFile/BillsTexts/RSBillTexts/Asintroduced/251211202550123PM.pdf?source=legislation,,
XX,"The Right to Health Care Services Bill, 2025",2025,Private Member,Financial Bill,HEALTH AND FAMILY WELFARE,Rajya Sabha,Ashok Kumar Mittal Dr.,2025-12-05,,,,Pending,,,,,https://sansad.in/getFile/BillsTexts/RSBillTexts/Asintroduced/151211202545736PM.pdf?source=legislation,,
XVI,"The Information Technology (Amendment) Bill, 2025",2025,Private Member,Financial Bill,ELECTRONICS AND INFORMATION TECHNOLOGY,Rajya Sabha,Sasmit Patra Dr.,2025-12-05,,,,Pending,,,,,https://sansad.in/getFile/BillsTexts/RSBillTexts/Asintroduced/131211202545700PM.pdf?source=legislation,,
XV,"The Insolvency and Bankruptcy Code (Amendment) Bill, 2025",2025,Private Member,Ordinary Bill,CORPORATE AFFAIRS,Rajya Sabha,Sasmit Patra Dr.,2025-12-05,,,,Pending,,,,,https://sansad.in/getFile/BillsTexts/RSBillTexts/Asintroduced/121211202545652PM.pdf?source=legislation,,
XLVIII,"The Bharatiya Nyaya Sanhita (Amendment) Bill, 2025",2025,Private Member,Ordinary Bill,HOME AFFAIRS,Rajya Sabha,Swati Maliwal Ms.,2025-12-05,,,,Pending,,,,,https://sansad.in/getFile/BillsTexts/RSBillTexts/Asintroduced/491211202550626PM.pdf?source=legislation,,
XLVII,"The Ecocide (Prevention and Accountability) Bill, 2025",2025,Private Member,Financial Bill,"ENVIRONMENT, FOREST AND CLIMATE CHANGE",Rajya Sabha,Sujeet Kumar Shri,2025-12-05,,,,Removed,,,,,https://sansad.in/getFile/BillsTexts/RSBillTexts/Asintroduced/381211202550402PM.pdf?source=legislation,,
XLVI,"The Water Bodies (Protection, Revival and Sustainable Development) Bill, 2025",2025,Private Member,Financial Bill,JAL SHAKTI,Rajya Sabha,A. D. Singh Shri,2025-12-05,,,,Removed,,,,,https://sansad.in/getFile/BillsTexts/RSBillTexts/Asintroduced/331211202550304PM.pdf?source=legislation,,
XLV,"The Classified Information and Espionage Control Bill, 2025",2025,Private Member,Financial Bill,HOME AFFAIRS,Rajya Sabha,Sujeet Kumar Shri,2025-12-05,,,,Removed,,,,,https://sansad.in/getFile/BillsTexts/RSBillTexts/Asintroduced/371211202550351PM.pdf?source=legislation,,
XLIX,"The Immoral Traffic (Prevention) Amendment Bill, 2025",2025,Private Member,Ordinary Bill,WOMEN AND CHILD DEVELOPMENT,Rajya Sabha,Kanimozhi NVN Somu Dr.,2025-12-05,,,,Removed,,,,,https://sansad.in/getFile/BillsTexts/RSBillTexts/Asintroduced/461211202550548PM.pdf?source=legislation,,
XLIV,"The Central Protection of Healthcare Workers and Medical Establishments from Violence Bill, 2025",2025,Private Member,Financial Bill,HEALTH AND FAMILY WELFARE,Rajya Sabha,Fauzia Khan Dr.,2025-12-05,,,,Removed,,,,,https://sansad.in/getFile/BillsTexts/RSBillTexts/Asintroduced/231211202550026PM.pdf?source=legislation,,
XLIII,"The Machine Created Intellectual Asset Bill, 2025",2025,Private Member,Financial Bill,COMMERCE AND INDUSTRY,Rajya Sabha,Sujeet Kumar Shri,2025-12-05,,,,Removed,,,,,https://sansad.in/getFile/BillsTexts/RSBillTexts/Asintroduced/361211202550341PM.pdf?source=legislation,,
XLII,"The National Blood Transfusion Bill, 2025",2025,Private Member,Financial Bill,HEALTH AND FAMILY WELFARE,Rajya Sabha,Ajeet Madhavrao Gopchade Dr.,2025-12-05,,,,Pending,,,,,https://sansad.in/getFile/BillsTexts/RSBillTexts/Asintroduced/281211202550200PM.pdf?source=legislation,,
XLI,"The Right to Read Bill, 2025",2025,Private Member,Financial Bill,CULTURE,Rajya Sabha,V. Sivadasan Dr.,2025-12-05,,,,Pending,,,,,https://sansad.in/getFile/BillsTexts/RSBillTexts/Asintroduced/201211202545931PM.pdf?source=legislation,,
XIX,"The Prevention of Cruelty to Animals (Amendment) Bill, 2025",2025,Private Member,Financial Bill,"fisheries, animal husbandry and dairying",Rajya Sabha,Sudha Murty Smt.,2025-12-05,,,,Pending,,,,,https://sansad.in/getFile/BillsTexts/RSBillTexts/Asintroduced/141211202545712PM.pdf?source=legislation,,
XI,"The Constitution (Amendment) Bill, 2025 (amendment of articles 124 and 217)",2025,Private Member,Constitutional Amendment Bill,LAW AND JUSTICE,Rajya Sabha,Sasmit Patra Dr.,2025-12-05,,,,Pending,,,,,https://sansad.in/getFile/BillsTexts/RSBillTexts/Asintroduced/111211202545642PM.pdf?source=legislation,,
X,"The Right to Information (Amendment) Bill, 2025",2025,Private Member,Ordinary Bill,"PERSONNEL,  PUBLIC  GRIEVANCES  AND  PENSIONS",Rajya Sabha,Saket Gokhale Shri,2025-12-05,,,,Removed,,,,,https://sansad.in/getFile/BillsTexts/RSBillTexts/Asintroduced/91211202545620PM.pdf?source=legislation,,
LXXIII,"The Protection of All Religions and Promotion of Mutual Respect for Faiths Bill, 2025",2025,Private Member,Financial Bill,HOME AFFAIRS,Rajya Sabha,Medha Vishram Kulkarni Dr.,2025-12-05,,,,Pending,,,,,https://sansad.in/getFile/BillsTexts/RSBillTexts/Asintroduced/441211202550517PM.pdf?source=legislation,,
LXXI,"The Food Safety and Standards (Amendment) Bill, 2025",2025,Private Member,Ordinary Bill,HEALTH AND FAMILY WELFARE,Rajya Sabha,Medha Vishram Kulkarni Dr.,2025-12-05,,,,Pending,,,,,https://sansad.in/getFile/BillsTexts/RSBillTexts/Asintroduced/431211202550505PM.pdf?source=legislation,,
LXX,"The Astrology (Regulation and Promotion) Bill, 2025",2025,Private Member,Financial Bill,EDUCATION,Rajya Sabha,Ajeet Madhavrao Gopchade Dr.,2025-12-05,,,,Pending,,,,,https://sansad.in/getFile/BillsTexts/RSBillTexts/Asintroduced/291211202550214PM.pdf?source=legislation,,
LXV,"The Constitution (Amendment) Bill, 2025 (amendment of the Preamble)",2025,Private Member,Constitutional Amendment Bill,HOME AFFAIRS,Rajya Sabha,Bhim Singh Dr.,2025-12-05,,,,Pending,,,,,https://sansad.in/getFile/BillsTexts/RSBillTexts/Asintroduced/51211202545518PM.pdf?source=legislation,,
LXIII,"The Breast Cancer (Awareness, Early Detection and Diagnosis) Bill, 2025",2025,Private Member,Financial Bill,HEALTH AND FAMILY WELFARE,Rajya Sabha,Kanimozhi NVN Somu Dr.,2025-12-05,,,,Removed,,,,,https://sansad.in/getFile/BillsTexts/RSBillTexts/Asintroduced/471211202550600PM.pdf?source=legislation,,
LXI,"The Historical Heritage Conservation Bill, 2025",2025,Private Member,Financial Bill,CULTURE,Rajya Sabha,Dhananjay Bhimrao Mahadik Shri,2025-12-05,,,,Pending,,,,,https://sansad.in/getFile/BillsTexts/RSBillTexts/Asintroduced/521211202550701PM.pdf?source=legislation,,
LX,"The Records of Court Proceedings Bill, 2025",2025,Private Member,Financial Bill,LAW AND JUSTICE,Rajya Sabha,Saket Gokhale Shri,2025-12-05,,,,Removed,,,,,https://sansad.in/getFile/BillsTexts/RSBillTexts/Asintroduced/101211202545630PM.pdf?source=legislation,,
LVIII,"The Compulsory Sports Education and Basic Infrastructure Development for Sports in Schools Bill, 2025",2025,Private Member,Financial Bill,EDUCATION,Rajya Sabha,Dhananjay Bhimrao Mahadik Shri,2025-12-05,,,,Pending,,,,,https://sansad.in/getFile/BillsTexts/RSBillTexts/Asintroduced/511211202550648PM.pdf?source=legislation,,
LVII,"The Constitution (Amendment) Bill, 2025 (amendment of article 107)",2025,Private Member,Constitutional Amendment Bill,LAW AND JUSTICE,Rajya Sabha,Derek O' Brien Shri,2025-12-05,,,,Pending,,,,,https://sansad.in/getFile/BillsTexts/RSBillTexts/Asintroduced/261211202550137PM.pdf?source=legislation,,
LVI,"The Stray and Wild Animal Attacks (Prevention and Welfare) Bill, 2025",2025,Private Member,Financial Bill,"fisheries, animal husbandry and dairying",Rajya Sabha,Ashok Kumar Mittal Dr.,2025-12-05,,,,Pending,,,,,https://sansad.in/getFile/BillsTexts/RSBillTexts/Asintroduced/161211202545749PM.pdf?source=legislation,,
LIX,"The Destitute Senior Citizens, Widows and Orphans (Housing Facility) Bill, 2025",2025,Private Member,Financial Bill,Housing and Urban Affairs,Rajya Sabha,Dhananjay Bhimrao Mahadik Shri,2025-12-05,,,,Pending,,,,,https://sansad.in/getFile/BillsTexts/RSBillTexts/Asintroduced/531211202550716PM.pdf?source=legislation,,
LIII,"The Mandatory Population Control Bill, 2025",2025,Private Member,Financial Bill,HEALTH AND FAMILY WELFARE,Rajya Sabha,Kanimozhi NVN Somu Dr.,2025-12-05,,,,Removed,,,,,https://sansad.in/getFile/BillsTexts/RSBillTexts/Asintroduced/481211202550611PM.pdf?source=legislation,,
LII,"The National Commission for Men Bill, 2025",2025,Private Member,Financial Bill,SOCIAL JUSTICE AND EMPOWERMENT,Rajya Sabha,Ashok Kumar Mittal Dr.,2025-12-05,,,,Pending,,,,,https://sansad.in/getFile/BillsTexts/RSBillTexts/Asintroduced/171211202545803PM.pdf?source=legislation,,
LI,"The Solid Waste Management Bill, 2025",2025,Private Member,Financial Bill,"ENVIRONMENT, FOREST AND CLIMATE CHANGE",Rajya Sabha,R. Girirajan Shri,2025-12-05,,,,Pending,,,,,https://sansad.in/getFile/BillsTexts/RSBillTexts/Asintroduced/451211202550527PM.pdf?source=legislation,,
L,"The Maintenance and Welfare of Parents and Senior Citizens (Amendment) Bill, 2025",2025,Private Member,Ordinary Bill,SOCIAL JUSTICE AND EMPOWERMENT,Rajya Sabha,Swati Maliwal Ms.,2025-12-05,,,,Pending,,,,,https://sansad.in/getFile/BillsTexts/RSBillTexts/Asintroduced/501211202550637PM.pdf?source=legislation,,
99,"The Promotion of Natural Agriculture Bill, 2025.",2025,Private Member,Financial Bill,AGRICULTURE & FARMERS WELFARE,Lok Sabha,Darshan Singh Choudhary Shri,2025-12-05,,,,Pending,,,,,https://sansad.in/getFile/BillsTexts/LSBillTexts/Asintroduced/99 of 2025 As125202592642PM.pdf?source=legislation,,
98,"The Suppression of Unlawful Acts against Safety of Civil Aviation (Amendment) Bill, 2025 (Amendment of section 2, etc.).",2025,Private Member,Ordinary Bill,CIVIL AVIATION,Lok Sabha,Raju Bista Shri,2025-12-05,,,,Pending,,,,,https://sansad.in/getFile/BillsTexts/LSBillTexts/Asintroduced/98 of 2025 As125202594051PM.pdf?source=legislation,,
96,"The National Blood Transfusion Bill, 2025.",2025,Private Member,Financial Bill,HEALTH AND FAMILY WELFARE,Lok Sabha,Parshottambhai Rupala Shri,2025-12-05,,,,Pending,,,,,https://sansad.in/getFile/BillsTexts/LSBillTexts/Asintroduced/96 of 2025 As125202592733PM.pdf?source=legislation,,
95,"The Prohibition of Child Marriage (Amendment) Bill, 2025 (Amendment of section 2, etc.).",2025,Private Member,Financial Bill,WOMEN AND CHILD DEVELOPMENT,Lok Sabha,Lavu Sri Krishna Devarayalu Shri,2025-12-05,,,,Pending,,,,,https://sansad.in/getFile/BillsTexts/LSBillTexts/Asintroduced/95 of 2025 As125202593940PM.pdf?source=legislation,,
94,"The Environment (Protection) Amendment Bill, 2025 (Amendment of section 2, etc.).",2025,Private Member,Ordinary Bill,"ENVIRONMENT, FOREST AND CLIMATE CHANGE",Lok Sabha,Darshan Singh Choudhary Shri,2025-12-05,,,,Pending,,,,,https://sansad.in/getFile/BillsTexts/LSBillTexts/Asintroduced/94 of 2025 As125202592607PM.pdf?source=legislation,,
92,"The Salt Workers (Welfare) Bill, 2025.",2025,Private Member,Financial Bill,COMMERCE AND INDUSTRY,Lok Sabha,Kanimozhi Karunanidhi Smt.,2025-12-05,,,,Pending,,,,,https://sansad.in/getFile/BillsTexts/LSBillTexts/Asintroduced/92 of 2025 As125202593708PM.pdf?source=legislation,,
90,"The Protection of Women from Domestic Violence (Amendment) Bill, 2025 (Amendment of sections 5 and 9).",2025,Private Member,Ordinary Bill,WOMEN AND CHILD DEVELOPMENT,Lok Sabha,Smita Uday Wagh Smt.,2025-12-05,,,,Pending,,,,,https://sansad.in/getFile/BillsTexts/LSBillTexts/Asintroduced/90 of 2025 As125202593823PM.pdf?source=legislation,,
89,"The Eco-Tourism Promotion Bill, 2025.",2025,Private Member,Financial Bill,TOURISM,Lok Sabha,Raju Bista Shri,2025-12-05,,,,Pending,,,,,https://sansad.in/getFile/BillsTexts/LSBillTexts/Asintroduced/89 of 2025 As125202594006PM.pdf?source=legislation,,
88,"The Motor Vehicles (Amendment) Bill, 2025 (Amendment of section 134A, etc.).",2025,Private Member,Ordinary Bill,ROAD TRANSPORT AND HIGHWAYS,Lok Sabha,G M Harish Balayogi Shri,2025-12-05,,,,Pending,,,,,https://sansad.in/getFile/BillsTexts/LSBillTexts/Asintroduced/88 of 2025 As125202592717PM.pdf?source=legislation,,
85,"The Orphan Children (Social Security and Welfare) Bill, 2025.",2025,Private Member,Financial Bill,WOMEN AND CHILD DEVELOPMENT,Lok Sabha,Smita Uday Wagh Smt.,2025-12-05,,,,Pending,,,,,https://sansad.in/getFile/BillsTexts/LSBillTexts/Asintroduced/85 of 2025 as intro125202593751PM.pdf?source=legislation,,
83,"The Women Workforce (Support and Welfare) Bill, 2025.",2025,Private Member,Financial Bill,LABOUR,Lok Sabha,Smita Uday Wagh Smt.,2025-12-05,,,,Pending,,,,,https://sansad.in/getFile/BillsTexts/LSBillTexts/Asintroduced/83 of 2025 As125202593852PM.pdf?source=legislation,,
82,"The Paternity and Paternal Benefit Bill, 2025.",2025,Private Member,Financial Bill,LABOUR  AND  EMPLOYMENT,Lok Sabha,Supriya Sule Smt.,2025-12-05,,,,Pending,,,,,https://sansad.in/getFile/BillsTexts/LSBillTexts/Asintroduced/82 of 2025 As125202592342PM.pdf?source=legislation,,
81,"The Compulsory Yoga Practice in Schools Bill, 2025.",2025,Private Member,Financial Bill,EDUCATION,Lok Sabha,Manoj Tiwari Shri,2025-12-05,,,,Pending,,,,,https://sansad.in/getFile/BillsTexts/LSBillTexts/Asintroduced/81 of 2025 as intro125202593914PM.pdf?source=legislation,,
80,"The Assam Reorganisation (Karbi Dimanchal) Bill, 2025.",2025,Private Member,Financial Bill,HOME AFFAIRS,Lok Sabha,Amarsing Tisso Shri,2025-12-05,,,,Pending,,,,,https://sansad.in/getFile/BillsTexts/LSBillTexts/Asintroduced/80 of 2025 as125202592244PM.pdf?source=legislation,,
8,"The Missing Individuals Bureau Bill, 2025.",2025,Private Member,Financial Bill,HOME AFFAIRS,Lok Sabha,Putta Mahesh Kumar Shri,2025-12-05,,,,Pending,,,,,https://sansad.in/getFile/BillsTexts/LSBillTexts/Asintroduced/8 of 2025 As125202590349PM.pdf?source=legislation,,
79,"The Code on Social Security (Amendment) Bill, 2025 (Amendment of section 2, etc.).",2025,Private Member,Financial Bill,LABOUR,Lok Sabha,Supriya Sule Smt.,2025-12-05,,,,Pending,,,,,https://sansad.in/getFile/BillsTexts/LSBillTexts/Asintroduced/79 of 2025 As125202592454PM.pdf?source=legislation,,
78,"The Healthcare Professionals and Clinical Establishments (Prevention of Violence) Bill, 2025.",2025,Private Member,Financial Bill,HEALTH AND FAMILY WELFARE,Lok Sabha,Bachhav Shobha Dinesh Dr.,2025-12-05,,,,Pending,,,,,https://sansad.in/getFile/BillsTexts/LSBillTexts/Asintroduced/78 of 2025 As125202593127PM.pdf?source=legislation,,
75,"The Prevention of Money Laundering (Amendment) Bill, 2025 (Amendment of section 49, etc.)",2025,Private Member,Financial Bill,FINANCE,Lok Sabha,Arvind Ganpat Sawant Shri,2025-12-05,,,,Pending,,,,,https://sansad.in/getFile/BillsTexts/LSBillTexts/Asintroduced/75 of 2025 As125202592710PM.pdf?source=legislation,,
73,"The Right of Children to Free and Compulsory Education (Amendment) Bill, 2025 (Amendment of section 2, etc.)",2025,Private Member,Financial Bill,EDUCATION,Lok Sabha,Arvind Ganpat Sawant Shri,2025-12-05,,,,Pending,,,,,https://sansad.in/getFile/BillsTexts/LSBillTexts/Asintroduced/73 of 2025 As125202592744PM.pdf?source=legislation,,
69,"The Foreign Exchange Management (Amendment) Bill, 2025 (Amendment of section 36, etc.).",2025,Private Member,Financial Bill,FINANCE,Lok Sabha,Arvind Ganpat Sawant Shri,2025-12-05,,,,Pending,,,,,https://sansad.in/getFile/BillsTexts/LSBillTexts/Asintroduced/69 of 2025 AS125202592626PM.pdf?source=legislation,,
68,"The Reservation for the Other Backward Classes, the Scheduled Castes and the Scheduled Tribes in Admission in Private Educational Institutions (Aided and Un-Aided) Bill, 2025.",2025,Private Member,Ordinary Bill,EDUCATION,Lok Sabha,Dharmendra Yadav Shri,2025-12-05,,,,Pending,,,,,https://sansad.in/getFile/BillsTexts/LSBillTexts/Asintroduced/68 of 2025 AS125202592556PM.pdf?source=legislation,,
66,"The Reservation for the Other Backward Classes, the Scheduled Castes and the Scheduled Tribes in Private Sector Services and Appointments Bill, 2025.",2025,Private Member,Ordinary Bill,SOCIAL JUSTICE AND EMPOWERMENT,Lok Sabha,Dharmendra Yadav Shri,2025-12-05,,,,Pending,,,,,https://sansad.in/getFile/BillsTexts/LSBillTexts/Asintroduced/66 of 2005 AS125202592527PM.pdf?source=legislation,,
63,"The Punjab Municipal Corporation Law (Extension to Chandigarh) Amendment Bill, 2025 (Amendment of the schedule).",2025,Private Member,Ordinary Bill,HOME AFFAIRS,Lok Sabha,Manish Tewari Shri,2025-12-05,,,,Pending,,,,,https://sansad.in/getFile/BillsTexts/LSBillTexts/Asintroduced/63 of 2025 AS125202594816PM.pdf?source=legislation,,
62,"The Reptile Bite (Prevention and Treatment) and Reptile Conservation Bill, 2025.",2025,Private Member,Financial Bill,"ENVIRONMENT, FOREST AND CLIMATE CHANGE",Lok Sabha,Rajiv Pratap Rudy Shri,2025-12-05,,,,Pending,,,,,https://sansad.in/getFile/BillsTexts/LSBillTexts/Asintroduced/62 OF 2025 AS125202591225PM.pdf?source=legislation,,
60,"The Holy City of Deoghar (Preservation of Cultural Heritage) Bill, 2025.",2025,Private Member,Financial Bill,CULTURE,Lok Sabha,Nishikant Dubey Dr.,2025-12-05,,,,Pending,,,,,https://sansad.in/getFile/BillsTexts/LSBillTexts/Asintroduced/60 of 2025 AS125202594705PM.pdf?source=legislation,,
59,"The Artificial Intelligence (Ethics and Accountability) Bill, 2025.",2025,Private Member,Ordinary Bill,ELECTRONICS AND INFORMATION TECHNOLOGY,Lok Sabha,Bharti Pardhi Smt.,2025-12-05,,,,Pending,,,,,https://sansad.in/getFile/BillsTexts/LSBillTexts/Asintroduced/59 of 2025 AS125202594603PM.pdf?source=legislation,,
54,"The Right of Children to Free and Compulsory Education (Amendment) Bill, 2025 (Amendment of section 2, etc.).",2025,Private Member,Financial Bill,EDUCATION,Lok Sabha,Krishna Prasad Tenneti Shri,2025-12-05,,,,Pending,,,,,https://sansad.in/getFile/BillsTexts/LSBillTexts/Asintroduced/54 of 2025 AS125202594430PM.pdf?source=legislation,,
52,"The Climate Change (Mitigation and Adaptation) Bill, 2025.",2025,Private Member,Financial Bill,"ENVIRONMENT, FOREST AND CLIMATE CHANGE",Lok Sabha,Kanimozhi Karunanidhi Smt.,2025-12-05,,,,Pending,,,,,https://sansad.in/getFile/BillsTexts/LSBillTexts/Asintroduced/52 of 2025 AS125202594743PM.pdf?source=legislation,,
51,"The Right to Disconnect Bill, 2025.",2025,Private Member,Financial Bill,LABOUR  AND  EMPLOYMENT,Lok Sabha,Supriya Sule Smt.,2025-12-05,,,,Pending,,,,,https://sansad.in/getFile/BillsTexts/LSBillTexts/Asintroduced/51 of 2025 AS125202592416PM.pdf?source=legislation,,
48,"The Unemployment Allowance Bill, 2025.",2025,Private Member,Financial Bill,LABOUR  AND  EMPLOYMENT,Lok Sabha,Anand Bhadauria Shri,2025-12-05,,,,Pending,,,,,https://sansad.in/getFile/BillsTexts/LSBillTexts/Asintroduced/48 of 2025 AS125202592310PM.pdf?source=legislation,,
46,"The Insurance (Amendment) Bill, 2025 (Amendment of section 2, etc.).",2025,Private Member,Ordinary Bill,FINANCE,Lok Sabha,Bharti Pardhi Smt.,2025-12-05,,,,Pending,,,,,https://sansad.in/getFile/BillsTexts/LSBillTexts/Asintroduced/46 of 2025 AS125202594529PM.pdf?source=legislation,,
43,"The Constitution (Scheduled Castes) Order (Amendment) Bill, 2025 (Amendment of the Schedule).",2025,Private Member,Financial Bill,SOCIAL JUSTICE AND EMPOWERMENT,Lok Sabha,Ramashankar  Vidharthi  Rajbhar Shri,2025-12-05,,,,Pending,,,,,https://sansad.in/getFile/BillsTexts/LSBillTexts/Asintroduced/43 of 2025 AS125202594625PM.pdf?source=legislation,,
42,"The Citizenship (Amendment) Bill, 2025 (Amendment of section 2, etc.).",2025,Private Member,Ordinary Bill,HOME AFFAIRS,Lok Sabha,Kalanidhi Veeraswamy Dr.,2025-12-05,,,,Pending,,,,,https://sansad.in/getFile/BillsTexts/LSBillTexts/Asintroduced/42 of 2025 AS125202594759PM.pdf?source=legislation,,
40,"The Compulsory Periodical Desiltation of Dams, Reservoirs and Rivers Bill, 2025.",2025,Private Member,Financial Bill,JAL SHAKTI,Lok Sabha,Nishikant Dubey Dr.,2025-12-05,,,,Pending,,,,,https://sansad.in/getFile/BillsTexts/LSBillTexts/Asintroduced/40 of 2025 AS125202594726PM.pdf?source=legislation,,
39,"The Consumer Protection (Amendment) Bill, 2025 (Amendment of section 2).",2025,Private Member,Ordinary Bill,"CONSUMER AFFAIRS, FOOD AND PUBLIC DISTRIBUTION",Lok Sabha,Maddila Gurumoorthy Shri,2025-12-05,,,,Pending,,,,,https://sansad.in/getFile/BillsTexts/LSBillTexts/Asintroduced/39 of 2025 AS125202595108PM.pdf?source=legislation,,
33,"The Maintenance and Welfare of Parents and Senior Citizens (Amendment) Bill, 2025 (Amendment of section 2, etc.).",2025,Private Member,Ordinary Bill,SOCIAL JUSTICE AND EMPOWERMENT,Lok Sabha,Maddila Gurumoorthy Shri,2025-12-05,,,,Pending,,,,,https://sansad.in/getFile/BillsTexts/LSBillTexts/Asintroduced/33 of 2025 AS125202595147PM.pdf?source=legislation,,
32,"The Hindu Marriage (Amendment) Bill, 2025 (Amendment of section 13).",2025,Private Member,Ordinary Bill,LAW AND JUSTICE,Lok Sabha,Manish Tewari Shri,2025-12-05,,,,Pending,,,,,https://sansad.in/getFile/BillsTexts/LSBillTexts/Asintroduced/32 of 2025 AS125202594944PM.pdf?source=legislation,,
30,"The Death Penalty (Abolition) Bill, 2025.",2025,Private Member,Ordinary Bill,HOME AFFAIRS,Lok Sabha,Kanimozhi Karunanidhi Smt.,2025-12-05,,,,Pending,,,,,https://sansad.in/getFile/BillsTexts/LSBillTexts/Asintroduced/30 of 2025 AS125202594546PM.pdf?source=legislation,,
29,"The Electricity (Amendment) Bill, 2025 (Insertion of new section 126A).",2025,Private Member,Ordinary Bill,POWER,Lok Sabha,Hanuman Beniwal Shri,2025-12-05,,,,Pending,,,,,https://sansad.in/getFile/BillsTexts/LSBillTexts/Asintroduced/29 of 2025 AS125202595024PM.pdf?source=legislation,,
28,"The Information Technology (Amendment) Bill, 2025 (Amendment of section 2, etc.).",2025,Private Member,Ordinary Bill,ELECTRONICS AND INFORMATION TECHNOLOGY,Lok Sabha,Bharti Pardhi Smt.,2025-12-05,,,,Pending,,,,,https://sansad.in/getFile/BillsTexts/LSBillTexts/Asintroduced/28 OF 2025 AS125202594516PM.pdf?source=legislation,,
27,"The Juvenile Justice (Care and Protection of Children) Amendment Bill, 2025 (Amendment of section 14, etc.).",2025,Private Member,Financial Bill,WOMEN AND CHILD DEVELOPMENT,Lok Sabha,Manoj Tiwari Shri,2025-12-05,,,,Pending,,,,,https://sansad.in/getFile/BillsTexts/LSBillTexts/Asintroduced/27 of 2025 As125202595210PM.pdf?source=legislation,,
26,"The Cow Protection Bill, 2025.",2025,Private Member,Financial Bill,"fisheries, animal husbandry and dairying",Lok Sabha,Nishikant Dubey Dr.,2025-12-05,,,,Pending,,,,,https://sansad.in/getFile/BillsTexts/LSBillTexts/Asintroduced/26 of 2025 AS125202594641PM.pdf?source=legislation,,
23,"The National Commission for Economically Weaker Sections of Citizens Bill, 2025.",2025,Private Member,Financial Bill,SOCIAL JUSTICE AND EMPOWERMENT,Lok Sabha,Rao Rajendra Singh Shri,2025-12-05,,,,Pending,,,,,https://sansad.in/getFile/BillsTexts/LSBillTexts/Asintroduced/23 of 2025 As125202591025PM.pdf?source=legislation,,
20,"The Abandoned Widows and Single Women (Protection, Rehabilitation and Welfare) Bill, 2025.",2025,Private Member,Financial Bill,WOMEN AND CHILD DEVELOPMENT,Lok Sabha,Kadiyam Kavya Dr.,2025-12-05,,,,Pending,,,,,https://sansad.in/getFile/BillsTexts/LSBillTexts/Asintroduced/20 of 2025 As125202594405PM.pdf?source=legislation,,
2,"The Milk and Milk Products (Remunerative Support Price) Bill, 2025.",2025,Private Member,Financial Bill,AGRICULTURE & FARMERS WELFARE,Lok Sabha,Lumbaram Choudhary Shri,2025-12-05,,,,Pending,,,,,https://sansad.in/getFile/BillsTexts/LSBillTexts/Asintroduced/2 of 2025 As125202590710PM.pdf?source=legislation,,
168,"The Constitution (Amendment) Bill, 2025 (Amendment of Eighth Schedule).",2025,Private Member,Ordinary Bill,HOME AFFAIRS,Lok Sabha,Rajeev Rai Shri,2025-12-05,,,,Pending,,,,,https://sansad.in/getFile/BillsTexts/LSBillTexts/Asintroduced/168 of 2025 as125202593343PM.pdf?source=legislation,,
167,"The Constitution (Amendment) Bill, 2025 (Amendment of article 243G, etc.).",2025,Private Member,Ordinary Bill,PANCHAYATI   RAJ,Lok Sabha,Bachhav Shobha Dinesh Dr.,2025-12-05,,,,Pending,,,,,https://sansad.in/getFile/BillsTexts/LSBillTexts/Asintroduced/167 of 2025 as125202592819PM.pdf?source=legislation,,
166,"The Constitution (Amendment) Bill, 2025 (Amendment of the Tenth Schedule).",2025,Private Member,Ordinary Bill,LAW AND JUSTICE,Lok Sabha,Manish Tewari Shri,2025-12-05,,,,Pending,,,,,https://sansad.in/getFile/BillsTexts/LSBillTexts/Asintroduced/166 of 2025 AS125202594925PM.pdf?source=legislation,,
165,"The Constitution (Amendment) Bill, 2025 (Amendment of articles 15 and 16).",2025,Private Member,Ordinary Bill,SOCIAL JUSTICE AND EMPOWERMENT,Lok Sabha,S Jothimani Ms.,2025-12-05,,,,Pending,,,,,https://sansad.in/getFile/BillsTexts/LSBillTexts/Asintroduced/165 of 2025 as125202591643PM.pdf?source=legislation,,
164,"The Constitution (Amendment) Bill, 2025 (Amendment of article 124).",2025,Private Member,Ordinary Bill,LAW AND JUSTICE,Lok Sabha,P P Chaudhary Shri,2025-12-05,,,,Pending,,,,,https://sansad.in/getFile/BillsTexts/LSBillTexts/Asintroduced/164 of 2025 as125202590643PM.pdf?source=legislation,,
163,"The Constitution (Amendment) Bill, 2025 (Amendment of Eighth Schedule).",2025,Private Member,Ordinary Bill,HOME AFFAIRS,Lok Sabha,Jagdambika Pal Shri,2025-12-05,,,,Pending,,,,,https://sansad.in/getFile/BillsTexts/LSBillTexts/Asintroduced/163 of 2025 as125202591432PM.pdf?source=legislation,,
160,"The Constitution (Amendment) Bill, 2025 (Amendment of article 15, etc.).",2025,Private Member,Ordinary Bill,SOCIAL JUSTICE AND EMPOWERMENT,Lok Sabha,S Jothimani Ms.,2025-12-05,,,,Pending,,,,,https://sansad.in/getFile/BillsTexts/LSBillTexts/Asintroduced/160 of 2025 as125202591625PM.pdf?source=legislation,,
16,"The Rights of Tenant Farmers Bill, 2025.",2025,Private Member,Financial Bill,AGRICULTURE & FARMERS WELFARE,Lok Sabha,Lavu Sri Krishna Devarayalu Shri,2025-12-05,,,,Pending,,,,,https://sansad.in/getFile/BillsTexts/LSBillTexts/Asintroduced/16 of 2025 As125202591238PM.pdf?source=legislation,,
158,"The Constitution (Amendment) Bill, 2025 (Amendment of Preamble, etc.).",2025,Private Member,Ordinary Bill,HOME AFFAIRS,Lok Sabha,Rao Rajendra Singh Shri,2025-12-05,,,,Pending,,,,,https://sansad.in/getFile/BillsTexts/LSBillTexts/Asintroduced/158 of 2025 as125202591005PM.pdf?source=legislation,,
157,"The Constitution (Amendment) Bill, 2025 (Amendment of the Eighth Schedule).",2025,Private Member,Ordinary Bill,HOME AFFAIRS,Lok Sabha,Bidyut Baran Mahato Shri,2025-12-05,,,,Pending,,,,,https://sansad.in/getFile/BillsTexts/LSBillTexts/Asintroduced/157 of 2025 as125202591702PM.pdf?source=legislation,,
156,"The Constitution (Amendment) Bill, 2025 (Insertion of new article 21B).",2025,Private Member,Financial Bill,ROAD TRANSPORT AND HIGHWAYS,Lok Sabha,Krishna Prasad Tenneti Shri,2025-12-05,,,,Pending,,,,,https://sansad.in/getFile/BillsTexts/LSBillTexts/Asintroduced/156 of 2025 as125202594456PM.pdf?source=legislation,,
154,"The Constitution (Amendment) Bill, 2025 (Amendment of article 51A).",2025,Private Member,Ordinary Bill,LAW AND JUSTICE,Lok Sabha,P P Chaudhary Shri,2025-12-05,,,,Pending,,,,,https://sansad.in/getFile/BillsTexts/LSBillTexts/Asintroduced/154 of 2025 as125202590704PM.pdf?source=legislation,,
152,"The Constitution (Amendment) Bill, 2025 (Insertion of new article 338C).",2025,Private Member,Financial Bill,YOUTH AFFAIRS AND SPORTS,Lok Sabha,Arun Bharti Shri,2025-12-05,,,,Pending,,,,,https://sansad.in/getFile/BillsTexts/LSBillTexts/Asintroduced/152 of 2025 as125202595818PM.pdf?source=legislation,,
151,"The Constitution (Amendment) Bill, 2025 (Amendment of the Seventh Schedule).",2025,Private Member,Ordinary Bill,PANCHAYATI   RAJ,Lok Sabha,P P Chaudhary Shri,2025-12-05,,,,Pending,,,,,https://sansad.in/getFile/BillsTexts/LSBillTexts/Asintroduced/151 of 2025 AS125202590623PM.pdf?source=legislation,,
149,"The Constitution (Amendment) Bill, 2025 (Insertion of new article 371IA).",2025,Private Member,Financial Bill,HOME AFFAIRS,Lok Sabha,Captain Viriato Fernandes Shri,2025-12-05,,,,Pending,,,,,https://sansad.in/getFile/BillsTexts/LSBillTexts/Asintroduced/149 of 2025 as125202593731PM.pdf?source=legislation,,
145,"The Constitution (Amendment) Bill, 2025 (Amendment of the Eighth Schedule).",2025,Private Member,Ordinary Bill,HOME AFFAIRS,Lok Sabha,Saptagiri Sankar Ulaka Shri,2025-12-05,,,,Pending,,,,,https://sansad.in/getFile/BillsTexts/LSBillTexts/Asintroduced/145 of 2025 As125202590514PM.pdf?source=legislation,,
144,"The Constitution (Amendment) Bill, 2025 (Amendment of Eighth Schedule).",2025,Private Member,Ordinary Bill,HOME AFFAIRS,Lok Sabha,Rajkumar Roat Shri,2025-12-05,,,,Pending,,,,,https://sansad.in/getFile/BillsTexts/LSBillTexts/Asintroduced/144 of 2025 as125202595045PM.pdf?source=legislation,,
136,"The Scheduled Tribes and other Traditional Forest Dwellers (Recognition of Forest Rights) (Amendment) Bill, 2025 (Amendment of section 3).",2025,Private Member,Ordinary Bill,TRIBAL AFFAIRS,Lok Sabha,Vishnu Dayal Ram Shri,2025-12-05,,,,Pending,,,,,https://sansad.in/getFile/BillsTexts/LSBillTexts/Asintroduced/136 of 2025 as125202592450PM.pdf?source=legislation,,
124,"The Constitution (Scheduled Tribes) Order (Amendment) Bill, 2025 (Amendment of the Schedule).",2025,Private Member,Financial Bill,TRIBAL AFFAIRS,Lok Sabha,Byreddy Shabari Dr.,2025-12-05,,,,Pending,,,,,https://sansad.in/getFile/BillsTexts/LSBillTexts/Asintroduced/124 of 2025 as125202592511PM.pdf?source=legislation,,
123,"The Promotion of the Use of Natural Fibres Bill, 2025.",2025,Private Member,Financial Bill,TEXTILES,Lok Sabha,Anup Sanjay Dhotre Shri,2025-12-05,,,,Pending,,,,,https://sansad.in/getFile/BillsTexts/LSBillTexts/Asintroduced/123 of 2025 as125202592215PM.pdf?source=legislation,,
118,"The Mental Healthcare (Amendment) Bill, 2025 (Insertion of new section 31A, etc.).",2025,Private Member,Financial Bill,HEALTH AND FAMILY WELFARE,Lok Sabha,Balwant Baswant Wankhade Shri,2025-12-05,,,,Pending,,,,,https://sansad.in/getFile/BillsTexts/LSBillTexts/Asintroduced/118 of 2025 as125202592526PM.pdf?source=legislation,,
116,"The Protection of Medical and Health Service Professionals from Assault, Criminal Force and Intimidation Bill, 2025.",2025,Private Member,Ordinary Bill,HEALTH AND FAMILY WELFARE,Lok Sabha,Prashant Yadaorao Padole Dr.,2025-12-05,,,,Pending,,,,,https://sansad.in/getFile/BillsTexts/LSBillTexts/Asintroduced/116 of 2025 as125202592547PM.pdf?source=legislation,,
10,"The Occupational Safety, Health and Working Conditions Code (Amendment) Bill, 2025 (Amendment of section 2, etc.).",2025,Private Member,Financial Bill,LABOUR  AND  EMPLOYMENT,Lok Sabha,Shashi Tharoor Dr.,2025-12-05,,,,Pending,,,,,https://sansad.in/getFile/BillsTexts/LSBillTexts/Asintroduced/10 of 2025 As125202585405PM.pdf?source=legislation,,
1,"The Fodder Warehouse Board, Bill, 2025.",2025,Private Member,Financial Bill,"fisheries, animal husbandry and dairying",Lok Sabha,Lumbaram Choudhary Shri,2025-12-05,,,,Pending,,,,,https://sansad.in/getFile/BillsTexts/LSBillTexts/Asintroduced/1 of 2025 As125202590634PM.pdf?source=legislation,,
143,"THE CENTRAL EXCISE (AMENDMENT) BILL, 2025",2025,Government,Money Bill,FINANCE,Lok Sabha,,2025-12-01,2025-12-03,2025-12-04,11/12/2025,Assented,,,34,2025,https://sansad.in/getFile/BillsTexts/LSBillTexts/Asintroduced/As intro (1)1212025123516PM.pdf?source=legislation,,
142,"THE HEALTH SECURITY SE NATIONAL SECURITY CESS BILL, 2025",2025,Government,Money Bill,FINANCE,Lok Sabha,,2025-12-01,2025-12-05,2025-12-08,15/12/2025,Assented,,,35,2025,https://sansad.in/getFile/BillsTexts/LSBillTexts/Asintroduced/As intro1212025124117PM.pdf?source=legislation,,
140,"THE MANIPUR GOODS AND SERVICES TAX(SECOND AMENDMENT) BILL, 2025",2025,Government,Money Bill,FINANCE,Lok Sabha,,2025-12-01,2025-12-01,2025-12-02,10/12/2025,Assented,,,33,2025,https://sansad.in/getFile/BillsTexts/LSBillTexts/Asintroduced/as intro1212025122847PM.pdf?source=legislation,,
113,"THE GOVERNMENT OF UNION TERRITORIES (AMENDMENT) BILL, 2025",2025,Government,Ordinary Bill,HOME AFFAIRS,Lok Sabha,,2025-08-20,,,,Pending,,,,,https://sansad.in/getFile/BillsTexts/LSBillTexts/Asintroduced/ut eng820202532910PM.pdf?source=legislation,,
112,"THE JAMMU AND KASHMIR REORGANISATION (AMENDMENT) BILL, 2025",2025,Government,Ordinary Bill,HOME AFFAIRS,Lok Sabha,,2025-08-20,,,,Pending,,,,,https://sansad.in/getFile/BillsTexts/LSBillTexts/Asintroduced/jammu eng820202532719PM.pdf?source=legislation,,
111,"THE CONSTITUTION (ONE HUNDRED AND THIRTIETH AMENDMENT) BILL, 2025",2025,Government,Constitutional Amendment Bill,HOME AFFAIRS,Lok Sabha,,2025-08-20,,,,Pending,,,,,https://sansad.in/getFile/BillsTexts/LSBillTexts/Asintroduced/130th eng820202532515PM.pdf?source=legislation,,
110,"THE PROMOTION AND REGULATION OF ONLINE GAMING BILL, 2025",2025,Government,Financial Bill,ELECTRONICS AND INFORMATION TECHNOLOGY,Lok Sabha,,2025-08-20,2025-08-20,2025-08-21,22/08/2025,Assented,,,32,2025,https://sansad.in/getFile/BillsTexts/LSBillTexts/Asintroduced/gaming eng8202025121602PM.pdf?source=legislation,,
109,"THE INDIAN INSTITUTES OF MANAGEMENT (AMENDMENT) BILL, 2025",2025,Government,Financial Bill,EDUCATION,Lok Sabha,,2025-08-18,2025-08-19,2025-08-20,21/08/2025,Assented,,,31,2025,https://sansad.in/getFile/BillsTexts/LSBillTexts/Asintroduced/iim eng8182025122705PM.pdf?source=legislation,,
108,"THE JAN VISHWAS (AMENDMENT OF PROVISIONS) BILL, 2025",2025,Government,Ordinary Bill,COMMERCE AND INDUSTRY,Lok Sabha,,2025-08-18,,,,Withdrawn,,,,,https://sansad.in/getFile/BillsTexts/LSBillTexts/Asintroduced/jan eng8182025121958PM.pdf?source=legislation,,
107,"THE INSOLVENCY AND BANKRUPTCY CODE (AMENDMENT) BILL, 2026",2025,Government,Ordinary Bill,CORPORATE AFFAIRS,Lok Sabha,,2025-08-12,2026-03-30,2026-04-01,06/04/2026,Passed,,,6,2026,https://sansad.in/getFile/BillsTexts/LSBillTexts/Asintroduced/INSOLVENCY as intro812202584142PM.pdf?source=legislation,,
106,"THE MINES AND MINERALS (DEVELOPMENT AND REGULATION) AMENDMENT BILL, 2025",2025,Government,Financial Bill,MINES,Lok Sabha,,2025-08-11,2025-08-12,2025-08-19,21/08/2025,Assented,,,28,2025,https://sansad.in/getFile/BillsTexts/LSBillTexts/Asintroduced/mines eng811202522259PM.pdf?source=legislation,,
105,"THE TAXATION LAWS (AMENDMENT) BILL, 2025",2025,Government,Money Bill,FINANCE,Lok Sabha,,2025-08-11,2025-08-11,2025-08-12,21/08/2025,Assented,,,29,2025,https://sansad.in/getFile/BillsTexts/LSBillTexts/Asintroduced/taxation eng811202522604PM.pdf?source=legislation,,
105,"THE TAXATION LAWS (AMENDMENT) BILL, 2025",2025,Government,Money Bill,FINANCE,Lok Sabha,,2025-08-11,2025-08-11,2025-08-12,21/08/2025,Passed,,,29,2025,https://sansad.in/getFile/BillsTexts/LSBillTexts/Asintroduced/taxation eng811202522604PM.pdf?source=legislation,,
104,"THE INCOME-TAX BILL, 2025",2025,Government,Money Bill,FINANCE,Lok Sabha,,2025-08-11,2025-08-11,2025-08-12,21/08/2025,Assented,,,30,2025,https://sansad.in/getFile/BillsTexts/LSBillTexts/Asintroduced/income tax 2811202521448PM.pdf?source=legislation,,
104,"THE INCOME-TAX BILL, 2025",2025,Government,Money Bill,FINANCE,Lok Sabha,,2025-08-11,2025-08-11,2025-08-12,21/08/2025,Passed,,,30,2025,https://sansad.in/getFile/BillsTexts/LSBillTexts/Asintroduced/income tax 2811202521448PM.pdf?source=legislation,,
103,"The Manipur Appropriation (No.2) Bill,2025",2025,Government,Money Bill,FINANCE,Lok Sabha,,2025-08-07,2025-08-07,2025-08-11,18/08/2025,Assented,,,23,2025,https://sansad.in/getFile/BillsTexts/LSBillTexts/Asintroduced/Manipur introduced87202523319PM.pdf?source=legislation,,
101,"THE MANIPUR GOODS AND SERVICES TAX (AMENDMENT) BILL, 2025",2025,Government,Money Bill,FINANCE,Lok Sabha,,2025-08-07,2025-08-07,2025-08-11,18/08/2025,Assented,,,22,2025,https://sansad.in/getFile/BillsTexts/LSBillTexts/Asintroduced/101 eng872025122331PM.pdf?source=legislation,,
77,"THE NATIONAL ANTI-DOPING (AMENDMENT) BILL, 2025",2025,Government,Ordinary Bill,YOUTH AFFAIRS AND SPORTS,Lok Sabha,,2025-07-23,2025-08-11,2025-08-12,18/08/2025,Assented,,,26,2025,https://sansad.in/getFile/BillsTexts/LSBillTexts/Asintroduced/doping7232025123417PM.pdf?source=legislation,,
76,"THE NATIONAL SPORTS GOVERNANCE BILL, 2025",2025,Government,Financial Bill,YOUTH AFFAIRS AND SPORTS,Lok Sabha,,2025-07-23,2025-08-11,2025-08-12,18/08/2025,Assented,,,25,2025,https://sansad.in/getFile/BillsTexts/LSBillTexts/Asintroduced/sports7232025123349PM.pdf?source=legislation,,
65,"The Indian Ports Bill, 2025",2025,Government,Ordinary Bill,"PORTS, SHIPPING AND WATERWAYS",Lok Sabha,,2025-03-28,2025-08-12,2025-08-18,21/08/2025,Assented,,,27,2025,https://sansad.in/getFile/BillsTexts/LSBillTexts/Asintroduced/AS INTRO ports3282025124010PM.pdf?source=legislation,,
65,"The Indian Ports Bill, 2025",2025,Government,Ordinary Bill,"PORTS, SHIPPING AND WATERWAYS",Lok Sabha,,2025-03-28,2025-08-12,2025-08-18,21/08/2025,Passed,,,27,2025,https://sansad.in/getFile/BillsTexts/LSBillTexts/Asintroduced/AS INTRO ports3282025124010PM.pdf?source=legislation,,
36,"The Appropriation (No.3) Bill,2025",2025,Government,Money Bill,FINANCE,Lok Sabha,,2025-03-21,2025-03-21,2025-03-27,29/03/2025,Assented,,,,,https://sansad.in/getFile/BillsTexts/LSBillTexts/Asintroduced/appro 33242025115929AM.pdf?source=legislation,,
38,"THE MANIPUR APPROPRIATION (VOTE ON ACCOUNT) BILL, 2025",2025,Government,Money Bill,FINANCE,Lok Sabha,,2025-03-11,2025-03-11,2025-03-18,20/03/2025,Assented,,,,,https://sansad.in/getFile/BillsTexts/LSBillTexts/Asintroduced/Bill Eng3112025102524PM.pdf?source=legislation,,
37,"THE MANIPUR APPROPRIATION BILL, 2025",2025,Government,Money Bill,FINANCE,Lok Sabha,,2025-03-11,2025-03-11,2025-03-18,20/03/2025,Assented,,,,,https://sansad.in/getFile/BillsTexts/LSBillTexts/Asintroduced/Bill Eng3112025101801PM.pdf?source=legislation,,
35,"THE APPROPRIATION (No. 2) BILL, 2025",2025,Government,Money Bill,FINANCE,Lok Sabha,,2025-03-11,2025-03-11,2025-03-18,20/03/2025,Assented,,,,,https://sansad.in/getFile/BillsTexts/LSBillTexts/Asintroduced/Bill Eng3112025101205PM.pdf?source=legislation,,
34,"THE APPROPRIATION BILL, 2025",2025,Government,Money Bill,FINANCE,Lok Sabha,,2025-03-11,2025-03-11,2025-03-18,20/03/2025,Assented,,,,,https://sansad.in/getFile/BillsTexts/LSBillTexts/Asintroduced/Bill Eng3112025100512PM.pdf?source=legislation,,
22,"THE IMMIGRATION AND FOREIGNERS BILL, 2025",2025,Government,Financial Bill,HOME AFFAIRS,Lok Sabha,,2025-03-11,2025-03-27,2025-04-02,04/04/2025,Assented,,,13,2025,https://sansad.in/getFile/BillsTexts/LSBillTexts/Asintroduced/immigration eng3112025124359PM.pdf?source=legislation,,
22,"THE IMMIGRATION AND FOREIGNERS BILL, 2025",2025,Government,Financial Bill,HOME AFFAIRS,Lok Sabha,,2025-03-11,2025-03-27,2025-04-02,04/04/2025,Passed,,,13,2025,https://sansad.in/getFile/BillsTexts/LSBillTexts/Asintroduced/immigration eng3112025124359PM.pdf?source=legislation,,
24,"The Income-tax Bill, 2025",2025,Government,Money Bill,FINANCE,Lok Sabha,,2025-02-13,2025-03-27,,,Withdrawn,,,,,https://sansad.in/getFile/BillsTexts/LSBillTexts/Asintroduced/Income tax213202522837PM.pdf?source=legislation,,
IX,"The Protection of Interests in Aircraft Objects Bill, 2025",2025,Government,Ordinary Bill,CIVIL AVIATION,Rajya Sabha,,2025-02-10,2025-04-03,2025-04-01,16/04/2025,Passed,,,17,2025,https://sansad.in/getFile/BillsTexts/RSBillTexts/Asintroduced/eng210202550548PM.pdf?source=legislation,,
LXX,"The Deepfake Prevention and Criminalisation Bill, 2023",2023,Private Member,Financial Bill,ELECTRONICS AND INFORMATION TECHNOLOGY,Rajya Sabha,Mausam B Noor Smt.,2025-02-07,,,,Removed,,,,,https://sansad.in/getFile/BillsTexts/RSBillTexts/Asintroduced/2e214202543549PM.pdf?source=legislation,,
LXIX,"The Artificial Intelligence (Protection of Rights of Employees) Bill, 2023",2023,Private Member,Financial Bill,ELECTRONICS AND INFORMATION TECHNOLOGY,Rajya Sabha,Mausam B Noor Smt.,2025-02-07,,,,Removed,,,,,https://sansad.in/getFile/BillsTexts/RSBillTexts/Asintroduced/1e214202543523PM.pdf?source=legislation,,
XXXVIII,"The Constitution (Amendment) Bill, 2024 (amendment of article 85)",2024,Private Member,Constitutional Amendment Bill,PARLIAMENTARY  AFFAIRS,Rajya Sabha,Derek O' Brien Shri,2025-02-07,,,,Pending,,,,,https://sansad.in/getFile/BillsTexts/RSBillTexts/Asintroduced/7e214202544016PM.pdf?source=legislation,,
XXXVII,"The Asha Workers (Regularization of Service and Other Benefits) Bill, 2024",2024,Private Member,Financial Bill,HEALTH AND FAMILY WELFARE,Rajya Sabha,Ashok Kumar Mittal Dr.,2025-02-07,,,,Pending,,,,,https://sansad.in/getFile/BillsTexts/RSBillTexts/Asintroduced/4e214202543853PM.pdf?source=legislation,,
XXXVI,"The Entrepreneurship Leave Bill, 2024",2024,Private Member,Ordinary Bill,"PERSONNEL,  PUBLIC  GRIEVANCES  AND  PENSIONS",Rajya Sabha,Vivek K. Tankha Shri,2025-02-07,,,,Pending,,,,,https://sansad.in/getFile/BillsTexts/RSBillTexts/Asintroduced/6e214202543941PM.pdf?source=legislation,,
XXXIX,"The Bharatiya Nyaya Sanhita (Amendment) Bill, 2024",2024,Private Member,Ordinary Bill,HOME AFFAIRS,Rajya Sabha,Derek O' Brien Shri,2025-02-07,,,,Pending,,,,,https://sansad.in/getFile/BillsTexts/RSBillTexts/Asintroduced/9e214202544058PM.pdf?source=legislation,,
XLVIII,"The National Agricultural Commission Bill, 2024",2024,Private Member,Financial Bill,AGRICULTURE & FARMERS WELFARE,Rajya Sabha,Fauzia Khan Dr.,2025-02-07,,,,Removed,,,,,https://sansad.in/getFile/BillsTexts/RSBillTexts/Asintroduced/13e214202545913PM.pdf?source=legislation,,
XLVII,"The National Tribal Heritage Council Bill, 2024",2024,Private Member,Financial Bill,TRIBAL AFFAIRS,Rajya Sabha,Sumitra Balmik Smt.,2025-02-07,,,,Pending,,,,,https://sansad.in/getFile/BillsTexts/RSBillTexts/Asintroduced/10e214202544115PM.pdf?source=legislation,,
XLIX,"The Release of Mortal Remains by Clinical Establishments Bill, 2024",2024,Private Member,Ordinary Bill,HEALTH AND FAMILY WELFARE,Rajya Sabha,Kartikeya Sharma Shri,2025-02-07,,,,Pending,,,,,https://sansad.in/getFile/BillsTexts/RSBillTexts/Asintroduced/14e214202545928PM.pdf?source=legislation,,
XL,"The Right to Digital Literacy Bill, 2024",2024,Private Member,Financial Bill,EDUCATION,Rajya Sabha,Derek O' Brien Shri,2025-02-07,,,,Pending,,,,,https://sansad.in/getFile/BillsTexts/RSBillTexts/Asintroduced/8e214202544040PM.pdf?source=legislation,,
XCIX,"The Compulsory Self-Defence Training in Educational Institutions Bill, 2024",2024,Private Member,Financial Bill,EDUCATION,Rajya Sabha,Sanjay Seth Shri,2025-02-07,,,,Pending,,,,,https://sansad.in/getFile/BillsTexts/RSBillTexts/Asintroduced/42e214202551109PM.pdf?source=legislation,,
XCIII,"The Code on Social Security (Amendment) Bill, 2024",2024,Private Member,Ordinary Bill,LABOUR  AND  EMPLOYMENT,Rajya Sabha,Sanjay Seth Shri,2025-02-07,,,,Pending,,,,,https://sansad.in/getFile/BillsTexts/RSBillTexts/Asintroduced/43e214202551125PM.pdf?source=legislation,,
XC,"The Rainwater Harvesting in Government Establishments and Schools Bill, 2024",2024,Private Member,Financial Bill,JAL SHAKTI,Rajya Sabha,Sanjay Seth Shri,2025-02-07,,,,Pending,,,,,https://sansad.in/getFile/BillsTexts/RSBillTexts/Asintroduced/41e214202551054PM.pdf?source=legislation,,
LXXXVIII,"The Prevention of Black Magic, Witch-Hunting and Superstitious Practices Bill, 2024",2024,Private Member,Ordinary Bill,WOMEN AND CHILD DEVELOPMENT,Rajya Sabha,Sanjeev Arora Shri,2025-02-07,,,,Removed,,,,,https://sansad.in/getFile/BillsTexts/RSBillTexts/Asintroduced/38e214202550959PM.pdf?source=legislation,,
LXXXV,"The Constitution (Amendment) Bill, 2024 (amendment of articles 124,217 and 224)",2024,Private Member,Ordinary Bill,LAW AND JUSTICE,Rajya Sabha,P. Wilson Shri,2025-02-07,,,,Removed,,,,,https://sansad.in/getFile/BillsTexts/RSBillTexts/Asintroduced/17e214202550029PM.pdf?source=legislation,,
LXXXIV,"The National Commission for the Welfare of Salt Workers Bill, 2024",2024,Private Member,Financial Bill,LABOUR  AND  EMPLOYMENT,Rajya Sabha,Sandosh Kumar P Shri,2025-02-07,,,,Pending,,,,,https://sansad.in/getFile/BillsTexts/RSBillTexts/Asintroduced/23e214202550232PM.pdf?source=legislation,,
LXXXII,"The Constitution (Amendment) Bill, 2024 (insertion of new article 21-B and amendment of the Seventh Schedule)",2024,Private Member,Constitutional Amendment Bill,HEALTH AND FAMILY WELFARE,Rajya Sabha,Ashok Kumar Mittal Dr.,2025-02-07,,,,Pending,,,,,https://sansad.in/getFile/BillsTexts/RSBillTexts/Asintroduced/5e214202543921PM.pdf?source=legislation,,
LXXVII,"The Constitution (Amendment) Bill, 2024 (amendment of the Seventh Schedule)",2024,Private Member,Constitutional Amendment Bill,EARTH SCIENCES,Rajya Sabha,Sagarika Ghose Smt.,2025-02-07,,,,Pending,,,,,https://sansad.in/getFile/BillsTexts/RSBillTexts/Asintroduced/40e214202551040PM.pdf?source=legislation,,
LXXVI,"The Recognition of Legal Person Status of Rivers Bill, 2024",2024,Private Member,Financial Bill,JAL SHAKTI,Rajya Sabha,Satnam Singh Sandhu Shri,2025-02-07,,,,Pending,,,,,https://sansad.in/getFile/BillsTexts/RSBillTexts/Asintroduced/37e214202550938PM.pdf?source=legislation,,
LXXV,"The National Commission for Workers Bill, 2024",2024,Private Member,Financial Bill,LABOUR  AND  EMPLOYMENT,Rajya Sabha,V. Sivadasan Dr.,2025-02-07,,,,Pending,,,,,https://sansad.in/getFile/BillsTexts/RSBillTexts/Asintroduced/20e214202550132PM.pdf?source=legislation,,
LXXIX,"The Constitution (Amendment) Bill, 2024 (amendment of article 368)",2024,Private Member,Constitutional Amendment Bill,LAW AND JUSTICE,Rajya Sabha,Mausam B Noor Smt.,2025-02-07,,,,Removed,,,,,https://sansad.in/getFile/BillsTexts/RSBillTexts/Asintroduced/3e214202543621PM.pdf?source=legislation,,
LXXIV,"The Right of Children to Free and Compulsory Education (Amendment) Bill, 2024",2024,Private Member,Ordinary Bill,EDUCATION,Rajya Sabha,A. A. Rahim Shri,2025-02-07,,,,Pending,,,,,https://sansad.in/getFile/BillsTexts/RSBillTexts/Asintroduced/31e214202550509PM.pdf?source=legislation,,
LXXIII,"The Online Hate Speech (Prevention) Bill, 2024",2024,Private Member,Financial Bill,HOME AFFAIRS,Rajya Sabha,Vikramjit Singh Sahney Dr.,2025-02-07,,,,Pending,,,,,https://sansad.in/getFile/BillsTexts/RSBillTexts/Asintroduced/48e214202551255PM.pdf?source=legislation,,
LXXI,"The Right to Free Public Health Care Bill, 2024",2024,Private Member,Financial Bill,HEALTH AND FAMILY WELFARE,Rajya Sabha,V. Sivadasan Dr.,2025-02-07,,,,Pending,,,,,https://sansad.in/getFile/BillsTexts/RSBillTexts/Asintroduced/19e214202550117PM.pdf?source=legislation,,
LXX,"The Virtual Court Proceedings Bill, 2024",2024,Private Member,Ordinary Bill,LAW AND JUSTICE,Rajya Sabha,P. Wilson Shri,2025-02-07,,,,Removed,,,,,https://sansad.in/getFile/BillsTexts/RSBillTexts/Asintroduced/16e214202550013PM.pdf?source=legislation,,
LXVIII,"The Public Works (Quality Assurance and Transparency) Bill, 2024",2024,Private Member,Financial Bill,Housing and Urban Affairs,Rajya Sabha,Ajeet Madhavrao Gopchade Dr.,2025-02-07,,,,Pending,,,,,https://sansad.in/getFile/BillsTexts/RSBillTexts/Asintroduced/28e214202550416PM.pdf?source=legislation,,
LXVII,"The Code on Social Security (Amendment) Bill, 2024",2024,Private Member,Financial Bill,LABOUR  AND  EMPLOYMENT,Rajya Sabha,John Brittas Dr.,2025-02-07,,,,Pending,,,,,https://sansad.in/getFile/BillsTexts/RSBillTexts/Asintroduced/34e214202550838PM.pdf?source=legislation,,
LXVI,"The Constitution (Amendment) Bill, 2024 (amendment of article 158)",2024,Private Member,Constitutional Amendment Bill,HOME AFFAIRS,Rajya Sabha,John Brittas Dr.,2025-02-07,,,,Pending,,,,,https://sansad.in/getFile/BillsTexts/RSBillTexts/Asintroduced/35e214202550902PM.pdf?source=legislation,,
LXV,"The Digital Personal Data Protection (Amendment) Bill, 2024",2024,Private Member,Ordinary Bill,ELECTRONICS AND INFORMATION TECHNOLOGY,Rajya Sabha,Sandosh Kumar P Shri,2025-02-07,,,,Pending,,,,,https://sansad.in/getFile/BillsTexts/RSBillTexts/Asintroduced/22e214202550212PM.pdf?source=legislation,,
LXIX,"The Makhana (Fox Nut) Industry (Promotion and Development) Bill, 2024",2024,Private Member,Financial Bill,COMMERCE AND INDUSTRY,Rajya Sabha,A. D. Singh Shri,2025-02-07,,,,Removed,,,,,https://sansad.in/getFile/BillsTexts/RSBillTexts/Asintroduced/32e214202550524PM.pdf?source=legislation,,
LXIV,"The Criminal Laws (Repeal) Bill, 2024",2024,Private Member,Ordinary Bill,HOME AFFAIRS,Rajya Sabha,John Brittas Dr.,2025-02-07,,,,Pending,,,,,https://sansad.in/getFile/BillsTexts/RSBillTexts/Asintroduced/36e214202550921PM.pdf?source=legislation,,
LXIII,"The Fiscal Responsibility and Budget Management (Amendment) Bill, 2024",2024,Private Member,Ordinary Bill,FINANCE,Rajya Sabha,A. A. Rahim Shri,2025-02-07,,,,Pending,,,,,https://sansad.in/getFile/BillsTexts/RSBillTexts/Asintroduced/29e214202550432PM.pdf?source=legislation,,
LXII,"The Constitution (Amendment) Bill, 2024 (insertion of new article 21-B and amendment of the Seventh Schedule)",2024,Private Member,Constitutional Amendment Bill,"ENVIRONMENT, FOREST AND CLIMATE CHANGE",Rajya Sabha,A. A. Rahim Shri,2025-02-07,,,,Pending,,,,,https://sansad.in/getFile/BillsTexts/RSBillTexts/Asintroduced/30e214202550453PM.pdf?source=legislation,,
LX,"The Constitution (Amendment) Bill, 2024 (insertion of new article 21-B and substitution of article 39-A)",2024,Private Member,Constitutional Amendment Bill,LAW AND JUSTICE,Rajya Sabha,V. Sivadasan Dr.,2025-02-07,,,,Pending,,,,,https://sansad.in/getFile/BillsTexts/RSBillTexts/Asintroduced/18e214202550056PM.pdf?source=legislation,,
LVIII,"The Prevention of Custodial Torture Bill, 2024",2024,Private Member,Ordinary Bill,HOME AFFAIRS,Rajya Sabha,Manoj Kumar Jha Shri,2025-02-07,,,,Pending,,,,,https://sansad.in/getFile/BillsTexts/RSBillTexts/Asintroduced/25e214202550316PM.pdf?source=legislation,,
LVII,"The Parliament (Productivity Enhancement) Bill, 2024",2024,Private Member,Financial Bill,PARLIAMENTARY  AFFAIRS,Rajya Sabha,Manoj Kumar Jha Prof.,2025-02-07,,,,Pending,,,,,https://sansad.in/getFile/BillsTexts/RSBillTexts/Asintroduced/24e214202550249PM.pdf?source=legislation,,
LVI,"The Constitution (Amendment) Bill, 2024 (amendment of articles 124 and 216)",2024,Private Member,Constitutional Amendment Bill,LAW AND JUSTICE,Rajya Sabha,Manoj Kumar Jha Prof.,2025-02-07,,,,Pending,,,,,https://sansad.in/getFile/BillsTexts/RSBillTexts/Asintroduced/26e214202550343PM.pdf?source=legislation,,
LV,"The Protection of Women from Domestic Violence (Amendment) Bill, 2024",2024,Private Member,Ordinary Bill,WOMEN AND CHILD DEVELOPMENT,Rajya Sabha,Sandosh Kumar P Shri,2025-02-07,,,,Pending,,,,,https://sansad.in/getFile/BillsTexts/RSBillTexts/Asintroduced/21e214202550149PM.pdf?source=legislation,,
LIX,"The Constitution (Amendment) Bill, 2024 (insertion of new articles 48-B and 51-B)",2024,Private Member,Constitutional Amendment Bill,LAW AND JUSTICE,Rajya Sabha,Ajeet Madhavrao Gopchade Dr.,2025-02-07,,,,Pending,,,,,https://sansad.in/getFile/BillsTexts/RSBillTexts/Asintroduced/27e214202550358PM.pdf?source=legislation,,
LIII,"The Disaster Management (Amendment) Bill, 2024",2024,Private Member,Ordinary Bill,HOME AFFAIRS,Rajya Sabha,P. Wilson Shri,2025-02-07,,,,Removed,,,,,https://sansad.in/getFile/BillsTexts/RSBillTexts/Asintroduced/15e214202545955PM.pdf?source=legislation,,
LI,"The Coaching Institutes (Accountability and Regulation) Bill, 2024",2024,Private Member,Financial Bill,EDUCATION,Rajya Sabha,Fauzia Khan Dr.,2025-02-07,,,,Removed,,,,,https://sansad.in/getFile/BillsTexts/RSBillTexts/Asintroduced/11e214202545833PM.pdf?source=legislation,,
L,"The Constitution (Amendment) Bill, 2024 (insertion of new Part XIV-B and amendment of the Seventh Schedule)",2024,Private Member,Constitutional Amendment Bill,FINANCE,Rajya Sabha,Fauzia Khan Dr.,2025-02-07,,,,Removed,,,,,https://sansad.in/getFile/BillsTexts/RSBillTexts/Asintroduced/12e214202545853PM.pdf?source=legislation,,
CII,"The Voyeurism (Prevention, Prohibition and Redressal) Bill, 2024",2024,Private Member,Financial Bill,HOME AFFAIRS,Rajya Sabha,Syed Naseer Hussain Dr.,2025-02-07,,,,Pending,,,,,https://sansad.in/getFile/BillsTexts/RSBillTexts/Asintroduced/44e214202551138PM.pdf?source=legislation,,
C,"The Private Universities (Prevention of Sale of Degrees) Bill, 2024",2024,Private Member,Ordinary Bill,EDUCATION,Rajya Sabha,Imran Pratapgarhi Shri,2025-02-07,,,,Pending,,,,,https://sansad.in/getFile/BillsTexts/RSBillTexts/Asintroduced/39e214202551014PM.pdf?source=legislation,,
VIII,"The Digital Health Records (Mandatory Use) Bill, 2025",2025,Private Member,Financial Bill,HEALTH AND FAMILY WELFARE,Rajya Sabha,Shaktisinh Gohil Shri,2025-02-07,,,,Pending,,,,,https://sansad.in/getFile/BillsTexts/RSBillTexts/Asintroduced/46e214202551214PM.pdf?source=legislation,,
VII,"The Medicines and Medical Devices (Price Control and Accessibility) Bill, 2025",2025,Private Member,Financial Bill,CHEMICALS AND FERTILIZERS,Rajya Sabha,Shaktisinh Gohil Shri,2025-02-07,,,,Pending,,,,,https://sansad.in/getFile/BillsTexts/RSBillTexts/Asintroduced/45e214202551159PM.pdf?source=legislation,,
VI,"The Sustainable Fashion (Promotion and Regulation) Bill, 2025",2025,Private Member,Financial Bill,TEXTILES,Rajya Sabha,Sujeet Kumar Shri,2025-02-07,,,,Removed,,,,,https://sansad.in/getFile/BillsTexts/RSBillTexts/Asintroduced/47e214202551230PM.pdf?source=legislation,,
III,"The Viral Hepatitis (Prevention and Control) Bill, 2025",2025,Private Member,Financial Bill,HEALTH AND FAMILY WELFARE,Rajya Sabha,Sujeet Kumar Shri,2025-02-07,,,,Removed,,,,,https://sansad.in/getFile/BillsTexts/RSBillTexts/Asintroduced/49e214202551308PM.pdf?source=legislation,,
I,The Constitution (Amendment) Bill 2025 (amendment of article 293),2025,Private Member,Constitutional Amendment Bill,FINANCE,Rajya Sabha,A. D. Singh Shri,2025-02-07,,,,Removed,,,,,https://sansad.in/getFile/BillsTexts/RSBillTexts/Asintroduced/33e214202550813PM.pdf?source=legislation,,
15,"THE âTRIBHUVANâ SAHKARI UNIVERSITY BILL, 2025",2025,Government,Financial Bill,Co-operation,Lok Sabha,,2025-02-03,2025-03-26,2025-04-01,03/04/2025,Assented,,,11,2025,https://sansad.in/getFile/BillsTexts/LSBillTexts/Asintroduced/tribhuvan eng232025123628PM.pdf?source=legislation,,
15,"THE âTRIBHUVANâ SAHKARI UNIVERSITY BILL, 2025",2025,Government,Financial Bill,Co-operation,Lok Sabha,,2025-02-03,2025-03-26,2025-04-01,03/04/2025,Passed,,,11,2025,https://sansad.in/getFile/BillsTexts/LSBillTexts/Asintroduced/tribhuvan eng232025123628PM.pdf?source=legislation,,
14,"The Finance Bill, 2025",2025,Government,Money Bill,FINANCE,Lok Sabha,,2025-02-01,2025-03-25,2025-03-27,29/03/2025,Assented,,,,,https://sansad.in/getFile/BillsTexts/LSBillTexts/Asintroduced/English_FinanceBill21202510225PM.pdf?source=legislation,,
276,"THE UNION TERRITORIES LAWS (AMENDMENT) BILL, 2024",2024,Government,Ordinary Bill,LAW AND JUSTICE,Lok Sabha,,2024-12-17,,,,Pending,,,,,https://sansad.in/getFile/BillsTexts/LSBillTexts/Asintroduced/ut1217202425100PM.pdf?source=legislation,,
275,"THE CONSTITUTION (ONE HUNDRED AND TWENTY-NINTH AMENDMENT) BILL, 2024",2024,Government,Constitutional Amendment Bill,LAW AND JUSTICE,Lok Sabha,,2024-12-17,,,,Pending,,,,,https://sansad.in/getFile/BillsTexts/LSBillTexts/Asintroduced/const amdt1217202425225PM.pdf?source=legislation,,
274,"THE APPROPRIATION (No. 3) BILL, 2024",2024,Government,Money Bill,FINANCE,Lok Sabha,,2024-12-17,2024-12-17,,04/01/2025,Assented,,,,,https://sansad.in/getFile/BillsTexts/LSBillTexts/Asintroduced/Appropriation 31217202483925PM.pdf?source=legislation,,
183,"THE MERCHANT SHIPPING BILL, 2024",2024,Government,Financial Bill,"PORTS, SHIPPING AND WATERWAYS",Lok Sabha,,2024-12-10,2025-08-06,2025-08-11,18/08/2025,Assented,,,24,2025,https://sansad.in/getFile/BillsTexts/LSBillTexts/Asintroduced/merchant eng12102024122449PM.pdf?source=legislation,,
183,"THE MERCHANT SHIPPING BILL, 2024",2024,Government,Financial Bill,"PORTS, SHIPPING AND WATERWAYS",Lok Sabha,,2024-12-10,2025-08-06,2025-08-11,18/08/2025,Passed,,,24,2025,https://sansad.in/getFile/BillsTexts/LSBillTexts/Asintroduced/merchant eng12102024122449PM.pdf?source=legislation,,
177,"THE COASTAL SHIPPING BILL, 2024",2024,Government,Financial Bill,"PORTS, SHIPPING AND WATERWAYS",Lok Sabha,,2024-12-02,2025-04-03,2025-08-07,09/08/2025,Assented,,,20,2025,https://sansad.in/getFile/BillsTexts/LSBillTexts/Asintroduced/coastal eng1222024123753PM.pdf?source=legislation,,
177,"THE COASTAL SHIPPING BILL, 2024",2024,Government,Financial Bill,"PORTS, SHIPPING AND WATERWAYS",Lok Sabha,,2024-12-02,2025-04-03,2025-08-07,09/08/2025,Passed,,,20,2025,https://sansad.in/getFile/BillsTexts/LSBillTexts/Asintroduced/coastal eng1222024123753PM.pdf?source=legislation,,
99,"The Constitution (Amendment) Bill, 2024 (Amendment of article 58).",2024,Private Member,Ordinary Bill,LAW AND JUSTICE,Lok Sabha,P P Chaudhary Shri,2024-08-09,,,,Pending,,,,,https://sansad.in/getFile/BillsTexts/LSBillTexts/Asintroduced/99 of 2024 AS89202451002PM.pdf?source=legislation,,
97,"The High Court of Kerala (Establishment of a Permanent Bench at Palakkad) Bill, 2024.",2024,Private Member,Ordinary Bill,LAW AND JUSTICE,Lok Sabha,V K Sreekandan Shri,2024-08-09,,,,Pending,,,,,https://sansad.in/getFile/BillsTexts/LSBillTexts/Asintroduced/97 of 2024 AS89202445522PM.pdf?source=legislation,,
95,"The Ban on Entrance Examination in Professional Courses Bill, 2024.",2024,Private Member,Ordinary Bill,EDUCATION,Lok Sabha,Navaskani K Shri,2024-08-09,,,,Pending,,,,,https://sansad.in/getFile/BillsTexts/LSBillTexts/Asintroduced/95 of 2024 AS89202445442PM.pdf?source=legislation,,
94,"The Constitution (Amendment) Bill, 2024 (Amendment of the Seventh Schedule).",2024,Private Member,Ordinary Bill,AGRICULTURE & FARMERS WELFARE,Lok Sabha,P P Chaudhary Shri,2024-08-09,,,,Pending,,,,,https://sansad.in/getFile/BillsTexts/LSBillTexts/Asintroduced/94 of 2024 AS89202450937PM.pdf?source=legislation,,
92,"The National Youth Commission Bill, 2024.",2024,Private Member,Financial Bill,YOUTH AFFAIRS AND SPORTS,Lok Sabha,Smita Uday Wagh Smt.,2024-08-09,,,,Pending,,,,,https://sansad.in/getFile/BillsTexts/LSBillTexts/Asintroduced/92 of 2024 AS89202445608PM.pdf?source=legislation,,
91,"The Mahatma Gandhi National Rural Employment Guarantee (Amendment) Bill, 2024 (Amendment of section 3 and Schedule II).",2024,Private Member,Financial Bill,RURAL DEVELOPMENT,Lok Sabha,N K Premachandran Shri,2024-08-09,,,,Pending,,,,,https://sansad.in/getFile/BillsTexts/LSBillTexts/Asintroduced/91 of 2024 AS89202445159PM.pdf?source=legislation,,
90,"The Promotion of Organic Farming Bill, 2024.",2024,Private Member,Financial Bill,AGRICULTURE & FARMERS WELFARE,Lok Sabha,Rajkumar Chahar Shri,2024-08-09,,,,Pending,,,,,https://sansad.in/getFile/BillsTexts/LSBillTexts/Asintroduced/90 of 2024 AS89202445603PM.pdf?source=legislation,,
89,"The Orphans (Reservation of Posts in Government Establishments and Welfare) Bill, 2024.",2024,Private Member,Financial Bill,WOMEN AND CHILD DEVELOPMENT,Lok Sabha,Janardan Singh Sigriwal Shri,2024-08-09,,,,Pending,,,,,https://sansad.in/getFile/BillsTexts/LSBillTexts/Asintroduced/89 of 2024 AS89202445350PM.pdf?source=legislation,,
88,"The Food Safety and Standards (Amendment) Bill, 2024 (Amendment of section 3,etc.).",2024,Private Member,Financial Bill,HEALTH AND FAMILY WELFARE,Lok Sabha,D M Kathir Anand Thiru,2024-08-09,,,,Pending,,,,,https://sansad.in/getFile/BillsTexts/LSBillTexts/Asintroduced/88 of 2024 AS89202445843PM.pdf?source=legislation,,
87,"The Visual Representation of Income Tax Collections Bill, 2024.",2024,Private Member,Financial Bill,FINANCE,Lok Sabha,Shrirang Appa Chandu Barne Shri,2024-08-09,,,,Pending,,,,,https://sansad.in/getFile/BillsTexts/LSBillTexts/Asintroduced/87 of 2024 AS89202445545PM.pdf?source=legislation,,
86,"The Constitution (Amendment) Bill, 2024 (Amendment of article 80, etc.).",2024,Private Member,Financial Bill,HOME AFFAIRS,Lok Sabha,Manish Tewari Shri,2024-08-09,,,,Pending,,,,,https://sansad.in/getFile/BillsTexts/LSBillTexts/Asintroduced/86 of 2024 AS89202445513PM.pdf?source=legislation,,
85,"The Constitution (Amendment) Bill, 2024 (Amendment of the Seventh Schedule).",2024,Private Member,Ordinary Bill,WATER RESOURCES,Lok Sabha,P P Chaudhary Shri,2024-08-09,,,,Pending,,,,,https://sansad.in/getFile/BillsTexts/LSBillTexts/Asintroduced/85 of 2024 AS89202451021PM.pdf?source=legislation,,
84,"The Rural Labour Welfare Fund Bill, 2024.",2024,Private Member,Financial Bill,LABOUR  AND  EMPLOYMENT,Lok Sabha,Janardan Singh Sigriwal Shri,2024-08-09,,,,Pending,,,,,https://sansad.in/getFile/BillsTexts/LSBillTexts/Asintroduced/84 of 2024 AS89202445415PM.pdf?source=legislation,,
83,"The All India Institutes of Medical Sciences (Amendment) Bill, 2024 (Insertion of new section 3A).",2024,Private Member,Financial Bill,HEALTH AND FAMILY WELFARE,Lok Sabha,V K Sreekandan Shri,2024-08-09,,,,Pending,,,,,https://sansad.in/getFile/BillsTexts/LSBillTexts/Asintroduced/83 of 2024 AS89202445253PM.pdf?source=legislation,,
82,"The Special Financial Assistance for Ancient Monuments and Archaeological Sites and Remains in the State of Tamil Nadu Bill, 2024.",2024,Private Member,Financial Bill,FINANCE,Lok Sabha,D M Kathir Anand Thiru,2024-08-09,,,,Pending,,,,,https://sansad.in/getFile/BillsTexts/LSBillTexts/Asintroduced/82 of 2024 AS89202445811PM.pdf?source=legislation,,
81,"The Solid Waste Management Bill, 2024.",2024,Private Member,Financial Bill,ENVIRONMENT AND FORESTS,Lok Sabha,T Sumathy Alias Thamizhachi Thangapandian Dr.,2024-08-09,,,,Pending,,,,,https://sansad.in/getFile/BillsTexts/LSBillTexts/Asintroduced/81 of 2024 AS89202445624PM.pdf?source=legislation,,
80,"The Compulsory Military Training in Schools and Other Educational Institutions Bill, 2024.",2024,Private Member,Financial Bill,EDUCATION,Lok Sabha,Shrirang Appa Chandu Barne Shri,2024-08-09,,,,Pending,,,,,https://sansad.in/getFile/BillsTexts/LSBillTexts/Asintroduced/80 of 2024 AS89202445526PM.pdf?source=legislation,,
79,"The Air (Prevention and Control of Pollution) Amendment Bill, 2024 (Amendment of section 2, etc.).",2024,Private Member,Financial Bill,ENVIRONMENT AND FORESTS,Lok Sabha,Hibi Eden Shri,2024-08-09,,,,Pending,,,,,https://sansad.in/getFile/BillsTexts/LSBillTexts/Asintroduced/79 of 2024 AS89202445838PM.pdf?source=legislation,,
78,"The Intelligence Services (Powers and Regulation) Bill, 2024.",2024,Private Member,Financial Bill,HOME AFFAIRS,Lok Sabha,Manish Tewari Shri,2024-08-09,,,,Pending,,,,,https://sansad.in/getFile/BillsTexts/LSBillTexts/Asintroduced/78 of 2024 AS89202454426PM.pdf?source=legislation,,
76,"The Compulsory Teaching of Sanskrit Language in Schools Bill, 2024.",2024,Private Member,Financial Bill,EDUCATION,Lok Sabha,Smita Uday Wagh Smt.,2024-08-09,,,,Pending,,,,,https://sansad.in/getFile/BillsTexts/LSBillTexts/Asintroduced/76 of 2024 AS89202445630PM.pdf?source=legislation,,
72,"The Anganwadi Workers (Regularisation of Service and Welfare) Bill, 2024.",2024,Private Member,Financial Bill,WOMEN AND CHILD DEVELOPMENT,Lok Sabha,N K Premachandran Shri,2024-08-09,,,,Pending,,,,,https://sansad.in/getFile/BillsTexts/LSBillTexts/Asintroduced/72 of 2024 AS89202445338PM.pdf?source=legislation,,
71,"The Micro, Small and Medium Enterprises Development (Amendment) Bill, 2024 (Insertion of new sections 10A and 10B).",2024,Private Member,Ordinary Bill,"MICRO, SMALL AND MEDIUM ENTERPRISES",Lok Sabha,D M Kathir Anand Thiru,2024-08-09,,,,Pending,,,,,https://sansad.in/getFile/BillsTexts/LSBillTexts/Asintroduced/71 of 2024 AS89202445901PM.pdf?source=legislation,,
70,"The Play Schools (Regulation) Bill, 2024.",2024,Private Member,Financial Bill,EDUCATION,Lok Sabha,Janardan Singh Sigriwal Shri,2024-08-09,,,,Pending,,,,,https://sansad.in/getFile/BillsTexts/LSBillTexts/Asintroduced/70 of 2024 AS89202445317PM.pdf?source=legislation,,
69,"The Mahatma Gandhi National Rural Employment Guarantee (Amendment) Bill, 2024 (Insertion of new section 5A, etc.).",2024,Private Member,Ordinary Bill,RURAL DEVELOPMENT,Lok Sabha,Hibi Eden Shri,2024-08-09,,,,Pending,,,,,https://sansad.in/getFile/BillsTexts/LSBillTexts/Asintroduced/69 of 2024 AS89202445629PM.pdf?source=legislation,,
68,"The Glucotest Strips (Regulation and Price Control) Bill, 2024.",2024,Private Member,Financial Bill,HEALTH AND FAMILY WELFARE,Lok Sabha,Shrirang Appa Chandu Barne Shri,2024-08-09,,,,Pending,,,,,https://sansad.in/getFile/BillsTexts/LSBillTexts/Asintroduced/68 of 2024 AS89202445605PM.pdf?source=legislation,,
67,"The Constitution (Amendment) Bill, 2024 (Amendment of article 324, etc.).",2024,Private Member,Ordinary Bill,LAW AND JUSTICE,Lok Sabha,Manish Tewari Shri,2024-08-09,,,,Pending,,,,,https://sansad.in/getFile/BillsTexts/LSBillTexts/Asintroduced/67 of 2024 AS89202445533PM.pdf?source=legislation,,
64,"The ASHA Workers (Regularisation of Service and Other Benefits) Bill, 2024.",2024,Private Member,Financial Bill,HEALTH AND FAMILY WELFARE,Lok Sabha,N K Premachandran Shri,2024-08-09,,,,Pending,,,,,https://sansad.in/getFile/BillsTexts/LSBillTexts/Asintroduced/64 OF 2024 AS89202445317PM.pdf?source=legislation,,
59,"The Special Financial Assistance to the State of Tamil Nadu Bill, 2024.",2024,Private Member,Financial Bill,FINANCE,Lok Sabha,T Sumathy Alias Thamizhachi Thangapandian Dr.,2024-08-09,,,,Pending,,,,,https://sansad.in/getFile/BillsTexts/LSBillTexts/Asintroduced/59 OF 2024 AS89202451058PM.pdf?source=legislation,,
52,"The Overseas Workers (Welfare) Bill, 2024.",2024,Private Member,Financial Bill,EXTERNAL AFFAIRS,Lok Sabha,Navaskani K Shri,2024-08-09,,,,Pending,,,,,https://sansad.in/getFile/BillsTexts/LSBillTexts/Asintroduced/52 OF 2024 AS89202445501PM.pdf?source=legislation,,
113,"THE RAILWAYS (AMENDMENT) BILL, 2024",2024,Government,Financial Bill,RAILWAYS,Lok Sabha,,2024-08-09,2024-12-11,2025-03-10,29/03/2025,Assented,,,9,2025,https://sansad.in/getFile/BillsTexts/LSBillTexts/Asintroduced/AS INTRO-2892024123726PM.pdf?source=legislation,,
112,"THE CARRIAGE OF GOODS BY SEA BILL, 2024",2024,Government,Ordinary Bill,SHIPPING,Lok Sabha,,2024-08-09,2025-03-28,2025-08-06,08/08/2025,Assented,,,19,2025,https://sansad.in/getFile/BillsTexts/LSBillTexts/Asintroduced/As INTRO89202434335PM.pdf?source=legislation,,
112,"THE CARRIAGE OF GOODS BY SEA BILL, 2024",2024,Government,Ordinary Bill,SHIPPING,Lok Sabha,,2024-08-09,2025-03-28,2025-08-06,08/08/2025,Passed,,,19,2025,https://sansad.in/getFile/BillsTexts/LSBillTexts/Asintroduced/As INTRO89202434335PM.pdf?source=legislation,,
111,"THE BILLS OF LADING BILL, 2025",2024,Government,Ordinary Bill,SHIPPING,Lok Sabha,,2024-08-09,2025-03-10,2025-07-21,24/07/2025,Assented,,,18,2025,https://sansad.in/getFile/BillsTexts/LSBillTexts/Asintroduced/AS INTRO892024125642PM.pdf?source=legislation,,
111,"THE BILLS OF LADING BILL, 2025",2024,Government,Ordinary Bill,SHIPPING,Lok Sabha,,2024-08-09,2025-03-10,2025-07-21,24/07/2025,Passed,,,18,2025,https://sansad.in/getFile/BillsTexts/LSBillTexts/Asintroduced/AS INTRO892024125642PM.pdf?source=legislation,,
110,"THE BANKING LAWS (AMENDMENT) BILL, 2024",2024,Government,Ordinary Bill,FINANCE,Lok Sabha,,2024-08-09,2024-12-03,2025-03-26,15/04/2025,Assented,,,16,2025,https://sansad.in/getFile/BillsTexts/LSBillTexts/Asintroduced/banking89202450403PM.pdf?source=legislation,,
106,"The Andhra Pradesh Reorganisation (Amendment) Bill, 2024 (Insertion of new section 90A).",2024,Private Member,Financial Bill,JAL SHAKTI,Lok Sabha,Maddila Gurumoorthy Shri,2024-08-09,,,,Pending,,,,,https://sansad.in/getFile/BillsTexts/LSBillTexts/Asintroduced/106 of 2024 AS89202445650PM.pdf?source=legislation,,
105,"The Quality Education (Enhancing Through Internship) Bill, 2024.",2024,Private Member,Financial Bill,EDUCATION,Lok Sabha,Praniti Sushilkumar Shinde Ms.,2024-08-09,,,,Pending,,,,,https://sansad.in/getFile/BillsTexts/LSBillTexts/Asintroduced/105 of 2024 AS89202445419PM.pdf?source=legislation,,
102,"The Victims of Natural Lightning Disaster (Compensation) Bill, 2024.",2024,Private Member,Financial Bill,HOME AFFAIRS,Lok Sabha,V K Sreekandan Shri,2024-08-09,,,,Pending,,,,,https://sansad.in/getFile/BillsTexts/LSBillTexts/Asintroduced/102 of 2024 AS89202445547PM.pdf?source=legislation,,
101,"The Airlines Passenger Services Authority Bill, 2024.",2024,Private Member,Financial Bill,CIVIL AVIATION,Lok Sabha,Hibi Eden Shri,2024-08-09,,,,Pending,,,,,https://sansad.in/getFile/BillsTexts/LSBillTexts/Asintroduced/101 of 2024 AS89202445909PM.pdf?source=legislation,,
100,"The Backward Areas Development Board Bill, 2024.",2024,Private Member,Financial Bill,PLANNING,Lok Sabha,Navaskani K Shri,2024-08-09,,,,Pending,,,,,https://sansad.in/getFile/BillsTexts/LSBillTexts/Asintroduced/100 of 2024 AS89202445359PM.pdf?source=legislation,,
LIV,"The Boilers Bill, 2024",2024,Government,Ordinary Bill,COMMERCE AND INDUSTRY,Rajya Sabha,,2024-08-08,2025-03-25,2024-12-04,04/04/2025,Assented,,,12,2025,https://sansad.in/getFile/BillsTexts/RSBillTexts/Asintroduced/Boilers bill-E88202482635PM.pdf?source=legislation,,
LIV,"The Boilers Bill, 2024",2024,Government,Ordinary Bill,COMMERCE AND INDUSTRY,Rajya Sabha,,2024-08-08,2025-03-25,2024-12-04,04/04/2025,Passed,,,12,2025,https://sansad.in/getFile/BillsTexts/RSBillTexts/Asintroduced/Boilers bill-E88202482635PM.pdf?source=legislation,,
109,"THE WAQF (AMENDMENT) BILL, 2025",2024,Government,Ordinary Bill,MINORITY AFFAIRS,Lok Sabha,,2024-08-08,2025-04-03,2025-04-04,05/04/2025,Assented,,,14,2025,"https://sansad.in/getFile/BillsTexts/LSBillTexts/Asintroduced/THE WAQF (AMENDMENT) BILL, 202488202441731PM.pdf?source=legislation",,
109,"THE WAQF (AMENDMENT) BILL, 2025",2024,Government,Ordinary Bill,MINORITY AFFAIRS,Lok Sabha,,2024-08-08,2025-04-03,2025-04-04,05/04/2025,Passed,,,14,2025,"https://sansad.in/getFile/BillsTexts/LSBillTexts/Asintroduced/THE WAQF (AMENDMENT) BILL, 202488202441731PM.pdf?source=legislation",,
108,"THE MUSSALMAN WAKF (REPEAL) BILL, 2025",2024,Government,Ordinary Bill,MINORITY AFFAIRS,Lok Sabha,,2024-08-08,,2025-04-04,05/04/2025,Assented,,,15,2025,https://sansad.in/getFile/BillsTexts/LSBillTexts/Asintroduced/MUSSALMAN WAKF 202488202435239PM.pdf?source=legislation,,
108,"THE MUSSALMAN WAKF (REPEAL) BILL, 2025",2024,Government,Ordinary Bill,MINORITY AFFAIRS,Lok Sabha,,2024-08-08,,2025-04-04,05/04/2025,Passed,,,15,2025,https://sansad.in/getFile/BillsTexts/LSBillTexts/Asintroduced/MUSSALMAN WAKF 202488202435239PM.pdf?source=legislation,,
LII,"The Oilfields (Regulation and Development) Amendment Bill, 2024",2024,Government,Ordinary Bill,PETROLEUM  AND  NATURAL  GAS,Rajya Sabha,,2024-08-05,2025-03-12,2024-12-03,28/03/2025,Assented,,,6,2025,https://sansad.in/getFile/BillsTexts/RSBillTexts/Asintroduced/oilfileds-E85202424318PM.pdf?source=legislation,,
LII,"The Oilfields (Regulation and Development) Amendment Bill, 2024",2024,Government,Ordinary Bill,PETROLEUM  AND  NATURAL  GAS,Rajya Sabha,,2024-08-05,2025-03-12,2024-12-03,28/03/2025,Passed,,,6,2025,https://sansad.in/getFile/BillsTexts/RSBillTexts/Asintroduced/oilfileds-E85202424318PM.pdf?source=legislation,,
75,"THE APPROPRIATION (No. 2) BILL, 2024",2024,Government,Money Bill,FINANCE,Lok Sabha,,2024-08-05,2024-08-05,2024-08-08,14/08/2024,Assented,,,14,2024,https://sansad.in/getFile/BillsTexts/LSBillTexts/Asintroduced/bill no-75 EV85202462524PM.pdf?source=legislation,,
75,"THE APPROPRIATION (No. 2) BILL, 2024",2024,Government,Money Bill,FINANCE,Lok Sabha,,2024-08-05,2024-08-05,2024-08-08,14/08/2024,Passed,,,14,2024,https://sansad.in/getFile/BillsTexts/LSBillTexts/Asintroduced/bill no-75 EV85202462524PM.pdf?source=legislation,,
104,"THE READJUSTMENT OF REPRESENTATION OF SCHEDULED TRIBES IN ASSEMBLY CONSTITUENCIES OF THE STATE OF GOA BILL, 2024",2024,Government,Ordinary Bill,LAW AND JUSTICE,Lok Sabha,,2024-08-05,2025-08-05,2025-08-11,13/08/2025,Assented,,,21,2025,https://sansad.in/getFile/BillsTexts/LSBillTexts/Asintroduced/goa852024124017PM.pdf?source=legislation,,
104,"THE READJUSTMENT OF REPRESENTATION OF SCHEDULED TRIBES IN ASSEMBLY CONSTITUENCIES OF THE STATE OF GOA BILL, 2024",2024,Government,Ordinary Bill,LAW AND JUSTICE,Lok Sabha,,2024-08-05,2025-08-05,2025-08-11,13/08/2025,Passed,,,21,2025,https://sansad.in/getFile/BillsTexts/LSBillTexts/Asintroduced/goa852024124017PM.pdf?source=legislation,,
98,"THE DISASTER MANAGEMENT (AMENDMENT) BILL, 2024",2024,Government,Financial Bill,HOME AFFAIRS,Lok Sabha,,2024-08-01,2024-12-12,2025-03-25,29/03/2025,Assented,,,10,2025,https://sansad.in/getFile/BillsTexts/LSBillTexts/Asintroduced/disaster812024123302PM.pdf?source=legislation,,
74,"THE BHARATIYA VAYUYAN VIDHEYAK, 2024",2024,Government,Financial Bill,CIVIL AVIATION,Lok Sabha,,2024-07-31,2024-08-09,2024-12-05,11/12/2024,Assented,,,16,2024,https://sansad.in/getFile/BillsTexts/LSBillTexts/Asintroduced/vayu yan latest812024121353PM.pdf?source=legislation,,
66,"The Jammu and Kashmir Appropriation (No.3) Bill, 2024",2024,Government,Money Bill,FINANCE,Lok Sabha,,2024-07-30,2024-07-30,2024-08-08,13/08/2024,Assented,,,13,2024,https://sansad.in/getFile/BillsTexts/LSBillTexts/Asintroduced/66_LS_2024_H730202463101PM.pdf?source=legislation,,
XXXIX,"The Representation of the People (Amendment) Bill, 2022",2022,Private Member,Ordinary Bill,LAW AND JUSTICE,Rajya Sabha,Iranna Kadadi Shri,2024-07-26,,,,Pending,,,,,https://sansad.in/getFile/BillsTexts/RSBillTexts/Asintroduced/1_RoP_Iranna-E731202480627PM.pdf?source=legislation,,
XLI,"The Constitution (Amendment) Bill, 2022 (insertion of new article 21B)",2022,Private Member,Constitutional Amendment Bill,JAL SHAKTI,Rajya Sabha,Iranna Kadadi Shri,2024-07-26,,,,Pending,,,,,https://sansad.in/getFile/BillsTexts/RSBillTexts/Asintroduced/2-Const amend21B_iranna-E731202480653PM.pdf?source=legislation,,
LVI,"The Right of Children to Free, Compulsory and Quality Education (Amendment) Bill, 2023",2023,Private Member,Ordinary Bill,EDUCATION,Rajya Sabha,Iranna Kadadi Shri,2024-07-26,,,,Pending,,,,,https://sansad.in/getFile/BillsTexts/RSBillTexts/Asintroduced/3-Right of Children_Iranna-E731202481405PM.pdf?source=legislation,,
XXXV,"The National Artificial Intelligence Technology Regulatory Authority Bill, 2024.",2024,Private Member,Financial Bill,ELECTRONICS AND INFORMATION TECHNOLOGY,Rajya Sabha,Sandosh Kumar P Shri,2024-07-26,,,,Pending,,,,,https://sansad.in/getFile/BillsTexts/RSBillTexts/Asintroduced/18-AI_Sandosh-E731202483720PM.pdf?source=legislation,,
XXXIV,"The National Commission for the Preservation of Endangered Languages Bill, 2024.",2024,Private Member,Financial Bill,EDUCATION,Rajya Sabha,Sandosh Kumar P Shri,2024-07-26,,,,Pending,,,,,https://sansad.in/getFile/BillsTexts/RSBillTexts/Asintroduced/17-Endangered Languages-E731202483658PM.pdf?source=legislation,,
XXXIII,"The Protection of Rights of Persons Affected by Natural Disaster Bill, 2024.",2024,Private Member,Financial Bill,HOME AFFAIRS,Rajya Sabha,V. Sivadasan Dr.,2024-07-26,,,,Pending,,,,,https://sansad.in/getFile/BillsTexts/RSBillTexts/Asintroduced/13-Natural Disaster_Sivadasan-E731202483334PM.pdf?source=legislation,,
XXXII,"The Citizenship (Amendment) Bill, 2024",2024,Private Member,Ordinary Bill,HOME AFFAIRS,Rajya Sabha,Sandosh Kumar P Shri,2024-07-26,,,,Pending,,,,,https://sansad.in/getFile/BillsTexts/RSBillTexts/Asintroduced/16-Citizenship-E731202483628PM.pdf?source=legislation,,
XXXI,"The Right to Old Age Care Bill, 2024",2024,Private Member,Financial Bill,SOCIAL JUSTICE AND EMPOWERMENT,Rajya Sabha,V. Sivadasan Dr.,2024-07-26,,,,Pending,,,,,https://sansad.in/getFile/BillsTexts/RSBillTexts/Asintroduced/12-Old-Age-Sivadasan-E731202483255PM.pdf?source=legislation,,
XXX,"The Constitution (Amendment) Bill, 2024 (amendment of articles 124, 148, 319 and 324 and insertion of new articles 220A and 309A)",2024,Private Member,Constitutional Amendment Bill,LAW AND JUSTICE,Rajya Sabha,A. D. Singh Shri,2024-07-26,,,,Removed,,,,,https://sansad.in/getFile/BillsTexts/RSBillTexts/Asintroduced/9-const-article 124  A Dsingh-E731202483024PM.pdf?source=legislation,,
XXVIII,"The Traditional Handloom Silk Weavers (Protection and Welfare) Bill, 2024.",2024,Private Member,Financial Bill,TEXTILES,Rajya Sabha,A. D. Singh Shri,2024-07-26,,,,Removed,,,,,https://sansad.in/getFile/BillsTexts/RSBillTexts/Asintroduced/silk weavers-Eng-Shri AD Singh816202424838PM.pdf?source=legislation,,
XXVII,"The Bharatiya Nyaya Sanhita (Amendment) Bill, 2024.",2024,Private Member,Ordinary Bill,HOME AFFAIRS,Rajya Sabha,A. D. Singh Shri,2024-07-26,,,,Removed,,,,,https://sansad.in/getFile/BillsTexts/RSBillTexts/Asintroduced/7-BNS_AD SIngh-E731202482858PM.pdf?source=legislation,,
XXVI,"The University Grants Commission (Amendment) Bill, 2024.",2024,Private Member,Ordinary Bill,EDUCATION,Rajya Sabha,John Brittas Dr.,2024-07-26,,,,Pending,,,,,https://sansad.in/getFile/BillsTexts/RSBillTexts/Asintroduced/15-UGC_Brittas-E731202483556PM.pdf?source=legislation,,
XXV,"The General Clauses (Amendment) Bill, 2024.",2024,Private Member,Ordinary Bill,LAW AND JUSTICE,Rajya Sabha,John Brittas Dr.,2024-07-26,,,,Pending,,,,,https://sansad.in/getFile/BillsTexts/RSBillTexts/Asintroduced/14-GeneralClauses-E731202483426PM.pdf?source=legislation,,
XXIV,"The Constitution (Amendment) Bill, 2024 (amendment of article 164).",2024,Private Member,Constitutional Amendment Bill,HOME AFFAIRS,Rajya Sabha,A. A. Rahim Shri,2024-07-26,,,,Pending,,,,,https://sansad.in/getFile/BillsTexts/RSBillTexts/Asintroduced/6-Consti-art164-Rahim-E731202482829PM.pdf?source=legislation,,
XXIII,"The Constitution (Amendment) Bill, 2024 (substitution of article 3).",2024,Private Member,Constitutional Amendment Bill,HOME AFFAIRS,Rajya Sabha,Tiruchi Siva Shri,2024-07-26,,,,Removed,,,,,https://sansad.in/getFile/BillsTexts/RSBillTexts/Asintroduced/11-ConstAmend-insert-E731202483130PM.pdf?source=legislation,,
XXII,"The Constitution (Amendment) Bill, 2024 (substitution of article 263 and amendment of the Seventh and Eighth Schedules)",2024,Private Member,Constitutional Amendment Bill,HOME AFFAIRS,Rajya Sabha,Sasmit Patra Dr.,2024-07-26,,,,Pending,,,,,https://sansad.in/getFile/BillsTexts/RSBillTexts/Asintroduced/5-Consti-8th Sch-263art-Sasmit-E731202482754PM.pdf?source=legislation,,
XXI,"The Right to Universal Basic Income Bill, 2024.",2024,Private Member,Financial Bill,SOCIAL JUSTICE AND EMPOWERMENT,Rajya Sabha,V. Sivadasan Dr.,2024-07-26,,,,Pending,,,,,https://sansad.in/getFile/BillsTexts/RSBillTexts/Asintroduced/10-UBI_Sivadasan-E731202484024PM.pdf?source=legislation,,
II,"The  Hindu Marriage (Amendment) Bill, 2024",2024,Private Member,Ordinary Bill,LAW AND JUSTICE,Rajya Sabha,R. Girirajan Shri,2024-07-26,,,,Pending,,,,,https://sansad.in/getFile/BillsTexts/RSBillTexts/Asintroduced/4-hindu marriage_girirajan-E731202482719PM.pdf?source=legislation,,
63,"The Constitution (Amendment) Bill, 2024 (Insertion of new article 49A)",2024,Private Member,Ordinary Bill,EDUCATION,Lok Sabha,Dean Kuriakose Adv,2024-07-26,,,,Pending,,,,,https://sansad.in/getFile/BillsTexts/LSBillTexts/Asintroduced/63 of 2024 AS726202445223PM.pdf?source=legislation,,
61,"The Constitution (Amendment) Bill, 2024 (Amendment of article 81)",2024,Private Member,Ordinary Bill,LAW AND JUSTICE,Lok Sabha,Shashi Tharoor Dr.,2024-07-26,,,,Pending,,,,,https://sansad.in/getFile/BillsTexts/LSBillTexts/Asintroduced/61 of 2024 as726202444802PM.pdf?source=legislation,,
60,"The Constitution (Amendment) Bill, 2024 (Substitution of new article for article 48A, etc.)",2024,Private Member,Ordinary Bill,ENVIRONMENT AND FORESTS,Lok Sabha,Rajiv Pratap Rudy Shri,2024-07-26,,,,Pending,,,,,https://sansad.in/getFile/BillsTexts/LSBillTexts/Asintroduced/60 of 2024 AS726202445621PM.pdf?source=legislation,,
58,"The Constitution (Amendment) Bill, 2024 (Amendment of Eighth Schedule)",2024,Private Member,Ordinary Bill,HOME AFFAIRS,Lok Sabha,Ravindra Shukla Alias Ravi Kishan Shri,2024-07-26,,,,Pending,,,,,https://sansad.in/getFile/BillsTexts/LSBillTexts/Asintroduced/58 of 2024 AS726202444728PM.pdf?source=legislation,,
56,"The Constitution (Amendment) Bill, 2024 (Amendment of article 43A)",2024,Private Member,Ordinary Bill,LABOUR,Lok Sabha,Dean Kuriakose Adv,2024-07-26,,,,Pending,,,,,https://sansad.in/getFile/BillsTexts/LSBillTexts/Asintroduced/56 of 2024 AS726202445156PM.pdf?source=legislation,,
54,"The Establishment of Schools upto Senior Secondary level Bill, 2024",2024,Private Member,Financial Bill,EDUCATION,Lok Sabha,Chandra Shekhar Adv.,2024-07-26,,,,Pending,,,,,https://sansad.in/getFile/BillsTexts/LSBillTexts/Asintroduced/54 of 2024 As Introduced726202444938PM.pdf?source=legislation,,
53,"The Mahatma Gandhi National Rural Employment Guarantee (Amendment) Bill, 2024 (Amendment of long title, etc.)",2024,Private Member,Financial Bill,RURAL DEVELOPMENT,Lok Sabha,Shafi Parambil Shri,2024-07-26,,,,Pending,,,,,https://sansad.in/getFile/BillsTexts/LSBillTexts/Asintroduced/53 of 2024 As introduced726202445143PM.pdf?source=legislation,,
51,"The Airfare Regulatory Board Bill, 2024",2024,Private Member,Financial Bill,CIVIL AVIATION,Lok Sabha,Shafi Parambil Shri,2024-07-26,,,,Pending,,,,,https://sansad.in/getFile/BillsTexts/LSBillTexts/Asintroduced/51 of 2024 As Introduced726202445029PM.pdf?source=legislation,,
50,"The Autism Spectrum Disorders (Recognition and Treatment) Bill, 2024.",2024,Private Member,Financial Bill,HEALTH AND FAMILY WELFARE,Lok Sabha,Benny Behanan Shri,2024-07-26,,,,Pending,,,,,https://sansad.in/getFile/BillsTexts/LSBillTexts/Asintroduced/50 of 2024 As Introduced726202445254PM.pdf?source=legislation,,
49,"The Central Educational Institutions (Reservation in Admission) Amendment Bill, 2024 (Amendment of sections 2 and 3).",2024,Private Member,Ordinary Bill,EDUCATION,Lok Sabha,Nishikant Dubey Dr.,2024-07-26,,,,Pending,,,,,https://sansad.in/getFile/BillsTexts/LSBillTexts/Asintroduced/49 of 2024 As Introduced726202444911PM.pdf?source=legislation,,
48,"The Mahatma Gandhi National Rural Employment Guarantee (Amendment) Bill, 2024 (Amendment of section 3).",2024,Private Member,Financial Bill,RURAL DEVELOPMENT,Lok Sabha,C N Annadurai Shri,2024-07-26,,,,Pending,,,,,https://sansad.in/getFile/BillsTexts/LSBillTexts/Asintroduced/48 of 2024 As Introduced726202445355PM.pdf?source=legislation,,
47,"The Flood and Drought Control Bill, 2024.",2024,Private Member,Financial Bill,WATER RESOURCES,Lok Sabha,Alok Kumar Suman Dr.,2024-07-26,,,,Pending,,,,,https://sansad.in/getFile/BillsTexts/LSBillTexts/Asintroduced/47 of 2024 As Introduced726202450043PM.pdf?source=legislation,,
46,"The Single Use Plastic (Regulation) Bill, 2024.",2024,Private Member,Financial Bill,ENVIRONMENT AND FORESTS,Lok Sabha,Nishikant Dubey Dr.,2024-07-26,,,,Pending,,,,,https://sansad.in/getFile/BillsTexts/LSBillTexts/Asintroduced/46 of 2024 As Introduced726202444530PM.pdf?source=legislation,,
43,"The Artists (Social Security) Bill, 2024",2024,Private Member,Financial Bill,CULTURE,Lok Sabha,Ravindra Shukla Alias Ravi Kishan Shri,2024-07-26,,,,Pending,,,,,https://sansad.in/getFile/BillsTexts/LSBillTexts/Asintroduced/43 of 2014 As Introduced726202444518PM.pdf?source=legislation,,
42,"The Advocates (Amendment) Bill, 2024 (Amendment of section 2, etc)",2024,Private Member,Financial Bill,LAW AND JUSTICE,Lok Sabha,Shrikant Eknath Shinde Dr.,2024-07-26,,,,Pending,,,,,https://sansad.in/getFile/BillsTexts/LSBillTexts/Asintroduced/42 of 2024 As Introduced726202445116PM.pdf?source=legislation,,
41,"The Promotion of Rational Thought Bill, 2024.",2024,Private Member,Financial Bill,EDUCATION,Lok Sabha,Benny Behanan Shri,2024-07-26,,,,Pending,,,,,https://sansad.in/getFile/BillsTexts/LSBillTexts/Asintroduced/41 As Introduced726202444957PM.pdf?source=legislation,,
40,"The Greenfield Infrastructure Development Boards Bill, 2024",2024,Private Member,Financial Bill,ROAD TRANSPORT AND HIGHWAYS,Lok Sabha,Rajiv Pratap Rudy Shri,2024-07-26,,,,Pending,,,,,https://sansad.in/getFile/BillsTexts/LSBillTexts/Asintroduced/40 of 2024 AS726202444843PM.pdf?source=legislation,,
39,"The Reservation for the Scheduled Castes, the Scheduled Tribes and the Other Backward Classes in Private Sector Bill, 2024",2024,Private Member,Ordinary Bill,SOCIAL JUSTICE AND EMPOWERMENT,Lok Sabha,Chandra Shekhar Adv.,2024-07-26,,,,Pending,,,,,https://sansad.in/getFile/BillsTexts/LSBillTexts/Asintroduced/39 of 2024 As Introduced726202444910PM.pdf?source=legislation,,
37,"The Right of Children to Free and Compulsory Education (Amendment) Bill, 2024 (Amendment of section 2, etc.)",2024,Private Member,Ordinary Bill,EDUCATION,Lok Sabha,Shrikant Eknath Shinde Dr.,2024-07-26,,,,Pending,,,,,https://sansad.in/getFile/BillsTexts/LSBillTexts/Asintroduced/37 of 2024 As Introduced726202445238PM.pdf?source=legislation,,
36,"The Special Economic Assistance to the State of Bihar Bill, 2024.",2024,Private Member,Financial Bill,FINANCE,Lok Sabha,Alok Kumar Suman Dr.,2024-07-26,,,,Pending,,,,,https://sansad.in/getFile/BillsTexts/LSBillTexts/Asintroduced/36 of 2024 AS726202450539PM.pdf?source=legislation,,
34,"The Rabies Control Bill, 2024.",2024,Private Member,Financial Bill,"fisheries, animal husbandry and dairying",Lok Sabha,Dean Kuriakose Adv,2024-07-26,,,,Pending,,,,,https://sansad.in/getFile/BillsTexts/LSBillTexts/Asintroduced/34 of 2024  As Introduced726202444430PM.pdf?source=legislation,,
33,"The Commission for Regulation and Development of Information Technology Industry Bill, 2024.",2024,Private Member,Financial Bill,ELECTRONICS AND INFORMATION TECHNOLOGY,Lok Sabha,C N Annadurai Shri,2024-07-26,,,,Pending,,,,,https://sansad.in/getFile/BillsTexts/LSBillTexts/Asintroduced/33 of 2024  As Introduced726202445548PM.pdf?source=legislation,,
32,"The Orphan Child (Welfare and Development) Bill, 2024",2024,Private Member,Financial Bill,WOMEN AND CHILD DEVELOPMENT,Lok Sabha,Shrikant Eknath Shinde Dr.,2024-07-26,,,,Pending,,,,,https://sansad.in/getFile/BillsTexts/LSBillTexts/Asintroduced/32 of 2024 As Introduced726202445053PM.pdf?source=legislation,,
31,"The Railways (Amendment) Bill, 2024 (Insertion of new section 24A)",2024,Private Member,Financial Bill,RAILWAYS,Lok Sabha,Alok Kumar Suman Dr.,2024-07-26,,,,Pending,,,,,https://sansad.in/getFile/BillsTexts/LSBillTexts/Asintroduced/31 of 2024 As introduced726202445212PM.pdf?source=legislation,,
30,"The Constitution (Scheduled Tribes) Order (Amendment) Bill, 2024 (Amendment of the Schedule).",2024,Private Member,Financial Bill,TRIBAL AFFAIRS,Lok Sabha,C N Annadurai Shri,2024-07-26,,,,Pending,,,,,https://sansad.in/getFile/BillsTexts/LSBillTexts/Asintroduced/30 of 2024  As Introduced726202445455PM.pdf?source=legislation,,
29,"The Victims of Floods caused due to heavy rains, cyclones and other reason (Rehabilitation and Welfare) Bill, 2024.",2024,Private Member,Financial Bill,WATER RESOURCES,Lok Sabha,Nishikant Dubey Dr.,2024-07-26,,,,Pending,,,,,https://sansad.in/getFile/BillsTexts/LSBillTexts/Asintroduced/29 of 2024 As introduced726202444714PM.pdf?source=legislation,,
28,"The Traditional Fishermen (Protection and Welfare) Bill, 2024",2024,Private Member,Financial Bill,"fisheries, animal husbandry and dairying",Lok Sabha,Ravindra Shukla Alias Ravi Kishan Shri,2024-07-26,,,,Pending,,,,,https://sansad.in/getFile/BillsTexts/LSBillTexts/Asintroduced/28 of 2024 As Introduced726202444648PM.pdf?source=legislation,,
27,"The High Court of Kerala (Establishment of a Permanent Bench at Thiruvananthapuram) Bill, 2024",2024,Private Member,Ordinary Bill,LAW AND JUSTICE,Lok Sabha,Shashi Tharoor Dr.,2024-07-26,,,,Pending,,,,,https://sansad.in/getFile/BillsTexts/LSBillTexts/Asintroduced/27 of 2024 As Introduced726202445052PM.pdf?source=legislation,,
26,"The Transgender Persons (Protection of Rights) Amendment Bill, 2024 (Insertion of new sections 8A and 13A)",2024,Private Member,Ordinary Bill,SOCIAL JUSTICE AND EMPOWERMENT,Lok Sabha,Shashi Tharoor Dr.,2024-07-26,,,,Pending,,,,,https://sansad.in/getFile/BillsTexts/LSBillTexts/Asintroduced/26 of 2024 As Introduced726202445124PM.pdf?source=legislation,,
25,"The District Development and Monitoring Committee for Implementation of Central Sector and Centrally Sponsored Schemes Bill, 2024",2024,Private Member,Financial Bill,RURAL DEVELOPMENT,Lok Sabha,Rajiv Pratap Rudy Shri,2024-07-26,,,,Pending,,,,,https://sansad.in/getFile/BillsTexts/LSBillTexts/Asintroduced/25 of 2024 As Introduced726202445003PM.pdf?source=legislation,,
24,"The Residential Schools (for Scheduled Castes and Scheduled Tribes) Bill, 2024",2024,Private Member,Financial Bill,EDUCATION,Lok Sabha,Chandra Shekhar Adv.,2024-07-26,,,,Pending,,,,,https://sansad.in/getFile/BillsTexts/LSBillTexts/Asintroduced/24 of 2024 AS726202444842PM.pdf?source=legislation,,
55,"THE FINANCE (NO. 2) BILL, 2024",2024,Government,Money Bill,FINANCE,Lok Sabha,,2024-07-23,2024-08-07,2024-08-08,16/08/2024,Assented,,,15,2024,https://sansad.in/getFile/BillsTexts/LSBillTexts/Asintroduced/The Finance Bill723202421400PM.pdf?source=legislation,,
55,"THE FINANCE (NO. 2) BILL, 2024",2024,Government,Money Bill,FINANCE,Lok Sabha,,2024-07-23,2024-08-07,2024-08-08,16/08/2024,Passed,,,15,2024,https://sansad.in/getFile/BillsTexts/LSBillTexts/Asintroduced/The Finance Bill723202421400PM.pdf?source=legislation,,
22,"The Jammu and Kashmir Appropriation (No.2) Bill, 2024",2024,Government,Money Bill,FINANCE,Lok Sabha,,2024-02-07,2024-02-07,2024-02-08,15/02/2024,Assented,,,12,2024,https://sansad.in/getFile/BillsTexts/LSBillTexts/Asintroduced/22_2024_LS_Eng28202470630PM.pdf?source=legislation,,
21,"The Jammu and Kashmir Appropriation Bill, 2024",2024,Government,Money Bill,FINANCE,Lok Sabha,,2024-02-07,2024-02-07,2024-02-08,15/02/2024,Assented,,,11,2024,https://sansad.in/getFile/BillsTexts/LSBillTexts/Asintroduced/21_2024_LS_Eng28202470503PM.pdf?source=legislation,,
20,"The Appropriation Bill, 2024",2024,Government,Money Bill,FINANCE,Lok Sabha,,2024-02-07,2024-02-07,2024-02-08,15/02/2024,Assented,,,10,2024,https://sansad.in/getFile/BillsTexts/LSBillTexts/Asintroduced/20_2024_LS_Eng28202470335PM.pdf?source=legislation,,
19,"The Appropriation (Vote on Account) Bill, 2024",2024,Government,Money Bill,FINANCE,Lok Sabha,,2024-02-07,2024-02-07,2024-02-08,15/02/2024,Assented,,,,,https://sansad.in/getFile/BillsTexts/LSBillTexts/Asintroduced/19_2024_LS_Eng28202470205PM.pdf?source=legislation,,
XX,"The Constitution (Scheduled Tribes) Order (Amendment) Bill, 2024",2024,Government,Financial Bill,TRIBAL AFFAIRS,Rajya Sabha,,2024-02-05,2024-02-08,2024-02-06,15/02/2024,Assented,,,7,2024,https://sansad.in/getFile/BillsTexts/RSBillTexts/Asintroduced/STorder-E25202424340PM.pdf?source=legislation,,
XX,"The Constitution (Scheduled Tribes) Order (Amendment) Bill, 2024",2024,Government,Financial Bill,TRIBAL AFFAIRS,Rajya Sabha,,2024-02-05,2024-02-08,2024-02-06,15/02/2024,Passed,,,7,2024,https://sansad.in/getFile/BillsTexts/RSBillTexts/Asintroduced/STorder-E25202424340PM.pdf?source=legislation,,
XVIII,"The Water (Prevention and Control of Pollution) Amendment Bill, 2024",2024,Government,Ordinary Bill,"ENVIRONMENT, FOREST AND CLIMATE CHANGE",Rajya Sabha,,2024-02-05,2024-02-08,2024-02-06,15/02/2024,Assented,,,5,2024,https://sansad.in/getFile/BillsTexts/RSBillTexts/Asintroduced/Water_Prevention-E25202424315PM.pdf?source=legislation,,
XVIII,"The Water (Prevention and Control of Pollution) Amendment Bill, 2024",2024,Government,Ordinary Bill,"ENVIRONMENT, FOREST AND CLIMATE CHANGE",Rajya Sabha,,2024-02-05,2024-02-08,2024-02-06,15/02/2024,Passed,,,5,2024,https://sansad.in/getFile/BillsTexts/RSBillTexts/Asintroduced/Water_Prevention-E25202424315PM.pdf?source=legislation,,
XIX,"The Constitution (Scheduled Castes and Scheduled Tribes) Orders (Amendment) Bill, 2024",2024,Government,Financial Bill,TRIBAL AFFAIRS,Rajya Sabha,,2024-02-05,2024-02-08,2024-02-06,15/02/2024,Assented,,,6,2024,https://sansad.in/getFile/BillsTexts/RSBillTexts/Asintroduced/SC&ST_order-E25202424328PM.pdf?source=legislation,,
XIX,"The Constitution (Scheduled Castes and Scheduled Tribes) Orders (Amendment) Bill, 2024",2024,Government,Financial Bill,TRIBAL AFFAIRS,Rajya Sabha,,2024-02-05,2024-02-08,2024-02-06,15/02/2024,Passed,,,6,2024,https://sansad.in/getFile/BillsTexts/RSBillTexts/Asintroduced/SC&ST_order-E25202424328PM.pdf?source=legislation,,
18,"THE JAMMU AND KASHMIR LOCAL BODIES LAWS (AMENDMENT) BILL, 2024",2024,Government,Ordinary Bill,HOME AFFAIRS,Lok Sabha,,2024-02-05,2024-02-06,2024-02-09,12/02/2024,Assented,,,2,2024,https://sansad.in/getFile/BillsTexts/LSBillTexts/Asintroduced/18_2024_LS_E252024124932PM.pdf?source=legislation,,
15,"The Public Examinations (Prevention of Unfair Means) Bill, 2024",2024,Government,Ordinary Bill,"PERSONNEL,  PUBLIC  GRIEVANCES  AND  PENSIONS",Lok Sabha,,2024-02-05,2024-02-06,2024-02-09,12/02/2024,Assented,,,1,2024,https://sansad.in/getFile/BillsTexts/LSBillTexts/Asintroduced/15_2024_LS_E252024122603PM.pdf?source=legislation,,
XCV,"The Right of Children to Free and Compulsory Education (Amendment) Bill, 2022",2022,Private Member,Ordinary Bill,EDUCATION,Rajya Sabha,A. A. Rahim Shri,2024-02-02,,,,Pending,,,,,https://sansad.in/getFile/BillsTexts/RSBillTexts/Asintroduced/01_right of children_rahim-E29202465925PM.pdf?source=legislation,,
CIV,"The Kashmiri Pandits (Recourse, Restitution, Rehabilitation and Resettlement) Bill, 2022",2022,Private Member,Financial Bill,HOME AFFAIRS,Rajya Sabha,Vivek K. Tankha Shri,2024-02-02,,,,Pending,,,,,https://sansad.in/getFile/BillsTexts/RSBillTexts/Asintroduced/04_Kashmiri Pandits_v tankha-E29202470447PM.pdf?source=legislation,,
XVIII,"The Securitisation and Reconstruction of Financial Assets and Enforcement of Security Interest (Amendment) Bill, 2023.",2023,Private Member,Ordinary Bill,FINANCE,Rajya Sabha,A. A. Rahim Shri,2024-02-02,,,,Pending,,,,,https://sansad.in/getFile/BillsTexts/RSBillTexts/Asintroduced/03_Securitisation_rahim-E29202470017PM.pdf?source=legislation,,
XLIX,"The Witness Protection Bill, 2023",2023,Private Member,Financial Bill,HOME AFFAIRS,Rajya Sabha,S Niranjan Reddy Shri,2024-02-02,,,,Pending,,,,,https://sansad.in/getFile/BillsTexts/RSBillTexts/Asintroduced/05_witness protection_niranjan-E29202470700PM.pdf?source=legislation,,
VIII,"The Constitution (Amendment) Bill, 2023 (amendment of article 371A)",2023,Private Member,Constitutional Amendment Bill,LAW AND JUSTICE,Rajya Sabha,A. A. Rahim Shri,2024-02-02,,,,Pending,,,,,https://sansad.in/getFile/BillsTexts/RSBillTexts/Asintroduced/02_const_371A_rahim-E29202465948PM.pdf?source=legislation,,
LXVIII,"The Prevention of Cruelty to Animals (Amendment) Bill, 2023",2023,Private Member,Ordinary Bill,"fisheries, animal husbandry and dairying",Rajya Sabha,Saket Gokhale Shri,2024-02-02,,,,Removed,,,,,https://sansad.in/getFile/BillsTexts/RSBillTexts/Asintroduced/07_prevention of Cruelty_saket-E29202470802PM.pdf?source=legislation,,
LXVI,"The Public Service Integrity Bill, 2023",2023,Private Member,Financial Bill,"PERSONNEL,  PUBLIC  GRIEVANCES  AND  PENSIONS",Rajya Sabha,Derek O' Brien Shri,2024-02-02,,,,Pending,,,,,https://sansad.in/getFile/BillsTexts/RSBillTexts/Asintroduced/09_Public Service_Derek-E29202470901PM.pdf?source=legislation,,
LXV,"The Constitution (Amendment) Bill, 2023 (substitution of article 155, insertion of new article 156A and substitution of articles 200 and 201)",2023,Private Member,Constitutional Amendment Bill,HOME AFFAIRS,Rajya Sabha,Priyanka Chaturvedi Smt.,2024-02-02,,,,Removed,,,,,https://sansad.in/getFile/BillsTexts/RSBillTexts/Asintroduced/11-Consti_155_156_priyanka-E29202471027PM.pdf?source=legislation,,
LXIV,"The Maternity Benefit for Women in the Unorganised Sector Bill, 2023",2023,Private Member,Financial Bill,LABOUR  AND  EMPLOYMENT,Rajya Sabha,K.R. Suresh Reddy Shri,2024-02-02,,,,Removed,,,,,https://sansad.in/getFile/BillsTexts/RSBillTexts/Asintroduced/06_Maternity benefit_KRsuresh-E29202470731PM.pdf?source=legislation,,
LXII,"The Information Technology (Amendment) Bill, 2023",2023,Private Member,Ordinary Bill,ELECTRONICS AND INFORMATION TECHNOLOGY,Rajya Sabha,Derek O' Brien Shri,2024-02-02,,,,Pending,,,,,https://sansad.in/getFile/BillsTexts/RSBillTexts/Asintroduced/08_IT_Derek-E29202470826PM.pdf?source=legislation,,
XVI,"The Protection of Children from Sexual Offences (Amendment) Bill, 2024",2024,Private Member,Ordinary Bill,WOMEN AND CHILD DEVELOPMENT,Rajya Sabha,Fauzia Khan Dr.,2024-02-02,,,,Removed,,,,,https://sansad.in/getFile/BillsTexts/RSBillTexts/Asintroduced/20_Posh_fauzia-E29202471632PM.pdf?source=legislation,,
XV,"The Indian Media Services (Regulation and Licensing) Bill, 2024",2024,Private Member,Financial Bill,INFORMATION AND BROADCASTING,Rajya Sabha,V. Sivadasan Dr.,2024-02-02,,,,Pending,,,,,https://sansad.in/getFile/BillsTexts/RSBillTexts/Asintroduced/15_Indian Media_sivadasn-E29202471312PM.pdf?source=legislation,,
XIV,"The Prevention of Fraudulent Calls Bill, 2024",2024,Private Member,Ordinary Bill,COMMUNICATIONS AND INFORMATION TECHNOLOGY,Rajya Sabha,Fauzia Khan Dr.,2024-02-02,,,,Withdrawn,,,,,https://sansad.in/getFile/BillsTexts/RSBillTexts/Asintroduced/21_Fraudulant Calls_fauzia-E29202471653PM.pdf?source=legislation,,
XIII,"The National Food Security (Amendment) Bill, 2024",2024,Private Member,Ordinary Bill,"CONSUMER AFFAIRS, FOOD AND PUBLIC DISTRIBUTION",Rajya Sabha,Fauzia Khan Dr.,2024-02-02,,,,Removed,,,,,https://sansad.in/getFile/BillsTexts/RSBillTexts/Asintroduced/19-National Food_fauzia-E29202471609PM.pdf?source=legislation,,
XII,"The Constitution (Amendment) Bill, 2024 (amendment of articles 15 and 16)",2024,Private Member,Constitutional Amendment Bill,SOCIAL JUSTICE AND EMPOWERMENT,Rajya Sabha,P. Wilson Shri,2024-02-02,,,,Removed,,,,,https://sansad.in/getFile/BillsTexts/RSBillTexts/Asintroduced/18_Consti15_16_wilson-E29202471548PM.pdf?source=legislation,,
X,"The Elder Persons (Care and Protection) Bill, 2024",2024,Private Member,Financial Bill,SOCIAL JUSTICE AND EMPOWERMENT,Rajya Sabha,Derek O' Brien Shri,2024-02-02,,,,Pending,,,,,https://sansad.in/getFile/BillsTexts/RSBillTexts/Asintroduced/10_ElderCare_Derek-E29202470943PM.pdf?source=legislation,,
VIII,"The National Commission for Protection from Honour Crime Bill, 2024",2024,Private Member,Financial Bill,HOME AFFAIRS,Rajya Sabha,V. Sivadasan Dr.,2024-02-02,,,,Pending,,,,,https://sansad.in/getFile/BillsTexts/RSBillTexts/Asintroduced/16-National Commission_savadasn-E29202471335PM.pdf?source=legislation,,
VI,"The Representation of the People (Amendment) Bill, 2024 (amendment of sections 86 and 116A)",2024,Private Member,Ordinary Bill,LAW AND JUSTICE,Rajya Sabha,A. D. Singh Shri,2024-02-02,,,,Removed,,,,,https://sansad.in/getFile/BillsTexts/RSBillTexts/Asintroduced/22_ RoP_ADsingh-E29202471716PM.pdf?source=legislation,,
V,"The Representation of the People (Amendment) Bill, 2024 (insertion of new sections 127B to 127D)",2024,Private Member,Ordinary Bill,LAW AND JUSTICE,Rajya Sabha,Sasmit Patra Dr.,2024-02-02,,,,Pending,,,,,https://sansad.in/getFile/BillsTexts/RSBillTexts/Asintroduced/14-Rop_sasmit-E29202471233PM.pdf?source=legislation,,
IX,"The Constitution (Amendment) Bill, 2024 (amendment of article 361)",2024,Private Member,Constitutional Amendment Bill,HOME AFFAIRS,Rajya Sabha,P. Wilson Shri,2024-02-02,,,,Removed,,,,,https://sansad.in/getFile/BillsTexts/RSBillTexts/Asintroduced/17-Consti361_wilson-E29202471409PM.pdf?source=legislation,,
IV,"The Indian Contract (Amendment) Bill, 2024",2024,Private Member,Ordinary Bill,LAW AND JUSTICE,Rajya Sabha,Sasmit Patra Dr.,2024-02-02,,,,Pending,,,,,https://sansad.in/getFile/BillsTexts/RSBillTexts/Asintroduced/13-Indian Contract_sasmit-E29202471208PM.pdf?source=legislation,,
I,"The Sexual Harassment of Women at Workplace (Prevention, Prohibition And Redressal) Amendment Bill, 2024",2024,Private Member,Ordinary Bill,WOMEN AND CHILD DEVELOPMENT,Rajya Sabha,Sasmit Patra Dr.,2024-02-02,,,,Pending,,,,,https://sansad.in/getFile/BillsTexts/RSBillTexts/Asintroduced/12_sexual harrasment_sasmit-E29202471145PM.pdf?source=legislation,,
14,"THE FINANCE BILL, 2024",2024,Government,Money Bill,FINANCE,Lok Sabha,,2024-02-01,2024-02-07,2024-02-08,15/02/2024,Assented,,,,,https://sansad.in/getFile/BillsTexts/LSBillTexts/Asintroduced/14_2024_LS_E22202431042PM.pdf?source=legislation,,
14,"THE FINANCE BILL, 2024",2024,Government,Money Bill,FINANCE,Lok Sabha,,2024-02-01,2024-02-07,2024-02-08,15/02/2024,Passed,,,,,https://sansad.in/getFile/BillsTexts/LSBillTexts/Asintroduced/14_2024_LS_E22202431042PM.pdf?source=legislation,,
194,"THE TELECOMMUNICATIONS BILL, 2023",2023,Government,Financial Bill,COMMUNICATIONS AND INFORMATION TECHNOLOGY,Lok Sabha,,2023-12-18,2023-12-20,2023-12-21,24/12/2023,Passed,,,44,2023,https://sansad.in/getFile/BillsTexts/LSBillTexts/Asintroduced/194_2023_LS_Eng12182023125629PM.pdf?source=legislation,,
176,"THE NATIONAL CAPITAL TERRITORY OF DELHI LAWS (SPECIAL PROVISIONS) SECOND (AMENDMENT) BILL, 2023",2023,Government,Ordinary Bill,Housing and Urban Affairs,Lok Sabha,,2023-12-13,2023-12-19,2023-12-19,24/12/2023,Passed,,,42,2023,https://sansad.in/getFile/BillsTexts/LSBillTexts/Asintroduced/176_2023_LS_E1213202321915PM.pdf?source=legislation,,
159,"THE CENTRAL GOODS AND SERVICES TAX (SECOND AMENDMENT) BILL, 2023",2023,Government,Money Bill,FINANCE,Lok Sabha,,2023-12-13,2023-12-19,2023-12-20,,Passed,,,,,https://sansad.in/getFile/BillsTexts/LSBillTexts/Asintroduced/159_2023_LS_E12132023123932PM.pdf?source=legislation,,
158,"THE PROVISIONAL COLLECTION OF TAXES BILL, 2023",2023,Government,Money Bill,FINANCE,Lok Sabha,,2023-12-13,2023-12-19,2023-12-20,,Passed,,,,,https://sansad.in/getFile/BillsTexts/LSBillTexts/Asintroduced/158_2023_LS_E12132023123905PM.pdf?source=legislation,,
175,"THE BHARATIYA SAKSHYA  BILL, 2023",2023,Government,Ordinary Bill,HOME AFFAIRS,Lok Sabha,,2023-12-12,2023-12-20,2023-12-21,25/12/2023,Passed,,,47,2023,https://sansad.in/getFile/BillsTexts/LSBillTexts/Asintroduced/175_2023_LS_Eng1212202343017PM.pdf?source=legislation,,
174,"THE BHARATIYA NAGARIK SURAKSHA SANHITA, 2023",2023,Government,Ordinary Bill,HOME AFFAIRS,Lok Sabha,,2023-12-12,2023-12-20,2023-12-21,25/12/2023,Passed,,,46,2023,https://sansad.in/getFile/BillsTexts/LSBillTexts/Asintroduced/174_2023_LS_Eng1212202343003PM.pdf?source=legislation,,
173,"THE BHARATIYA NYAYA  SANHITA, 2023",2023,Government,Ordinary Bill,HOME AFFAIRS,Lok Sabha,,2023-12-12,2023-12-20,2023-12-21,25/12/2023,Passed,,,45,2023,https://sansad.in/getFile/BillsTexts/LSBillTexts/Asintroduced/173_2023_LS_Eng1212202342949PM.pdf?source=legislation,,
172,"THE JAMMU AND KASHMIR REORGANISATION (SECOND AMENDMENT) BILL, 2023",2023,Government,Ordinary Bill,HOME AFFAIRS,Lok Sabha,,2023-12-12,,2023-12-18,20/12/2023,Passed,,,38,2023,https://sansad.in/getFile/BillsTexts/LSBillTexts/Asintroduced/172_2023_LS_Eng12122023124424PM.pdf?source=legislation,,
171,"THE GOVERNMENT OF UNION TERRITORIES (AMENDMENT) BILL, 2023",2023,Government,Ordinary Bill,HOME AFFAIRS,Lok Sabha,,2023-12-12,,2023-12-18,20/12/2023,Passed,,,39,2023,https://sansad.in/getFile/BillsTexts/LSBillTexts/Asintroduced/171_2023_LS_Eng12122023124407PM.pdf?source=legislation,,
157,"THE APPROPRIATION (No. 4) BILL, 2023",2023,Government,Money Bill,FINANCE,Lok Sabha,,2023-12-12,2023-12-12,2023-12-19,24/12/2023,Assented,,,41,2023,https://sansad.in/getFile/BillsTexts/LSBillTexts/Asintroduced/157_2023_LS_Eng1212202351040PM.pdf?source=legislation,,
157,"THE APPROPRIATION (No. 4) BILL, 2023",2023,Government,Money Bill,FINANCE,Lok Sabha,,2023-12-12,2023-12-12,2023-12-19,24/12/2023,Passed,,,41,2023,https://sansad.in/getFile/BillsTexts/LSBillTexts/Asintroduced/157_2023_LS_Eng1212202351040PM.pdf?source=legislation,,
156,"THE APPROPRIATION (No. 3) BILL, 2023",2023,Government,Money Bill,FINANCE,Lok Sabha,,2023-12-12,2023-12-12,2023-12-19,24/12/2023,Assented,,,40,2023,https://sansad.in/getFile/BillsTexts/LSBillTexts/Asintroduced/156_2023_LS_Eng1212202350947PM.pdf?source=legislation,,
156,"THE APPROPRIATION (No. 3) BILL, 2023",2023,Government,Money Bill,FINANCE,Lok Sabha,,2023-12-12,2023-12-12,2023-12-19,24/12/2023,Passed,,,40,2023,https://sansad.in/getFile/BillsTexts/LSBillTexts/Asintroduced/156_2023_LS_Eng1212202350947PM.pdf?source=legislation,,
XCVIII,"The Marriage Bureau (Regulation) Bill, 2022",2022,Private Member,Financial Bill,LAW AND JUSTICE,Rajya Sabha,Anil Sukhdeorao Bonde Dr.,2023-12-08,,,,Pending,,,,,https://sansad.in/getFile/BillsTexts/RSBillTexts/Asintroduced/marriage bureau-E1219202363251PM.pdf?source=legislation,,
XCVII,"The Khadi Spinners, Weavers and Khadi Institutions (Protection and Welfare) Bill, 2022.",2022,Private Member,Ordinary Bill,"MICRO, SMALL AND MEDIUM ENTERPRISES",Rajya Sabha,Aneel Prasad Hegde Shri,2023-12-08,,,,Removed,,,,,https://sansad.in/getFile/BillsTexts/RSBillTexts/Asintroduced/khadi spinners-E1219202363210PM.pdf?source=legislation,,
XCVI,"The Constitution (Amendment) Bill, 2022 (insertion of new article 44A and amendment of article 51A)",2022,Private Member,Constitutional Amendment Bill,HEALTH AND FAMILY WELFARE,Rajya Sabha,Anil Sukhdeorao Bonde Dr.,2023-12-08,,,,Pending,,,,,https://sansad.in/getFile/BillsTexts/RSBillTexts/Asintroduced/consti insert44A_51A Bonde-E1219202363149PM.pdf?source=legislation,,
XCIX,"The Micro, Small and Medium Enterprises Development (Amendment) Bill, 2022",2022,Private Member,Ordinary Bill,"MICRO, SMALL AND MEDIUM ENTERPRISES",Rajya Sabha,Kanimozhi NVN Somu Dr.,2023-12-08,,,,Removed,,,,,https://sansad.in/getFile/BillsTexts/RSBillTexts/Asintroduced/MSME-E1219202363116PM.pdf?source=legislation,,
XCIII,"The Advocates (Amendment) Bill, 2022",2022,Private Member,Ordinary Bill,LAW AND JUSTICE,Rajya Sabha,Sasmit Patra Dr.,2023-12-08,,,,Pending,,,,,https://sansad.in/getFile/BillsTexts/RSBillTexts/Asintroduced/Advocates (E)1219202363019PM.pdf?source=legislation,,
XCII,"The Constitution (Amendment) Bill, 2022 (substitution of articles 331 and 333)",2022,Private Member,Constitutional Amendment Bill,LAW AND JUSTICE,Rajya Sabha,Sasmit Patra Dr.,2023-12-08,,,,Pending,,,,,https://sansad.in/getFile/BillsTexts/RSBillTexts/Asintroduced/consti331&333 sasmit-E1219202362919PM.pdf?source=legislation,,
XCI,"The Indian Penal Code (Amendment) Bill, 2022 (substitution of sections 124A and 309 and amendment of section 375)",2022,Private Member,Ordinary Bill,LAW AND JUSTICE,Rajya Sabha,Sasmit Patra Dr.,2023-12-08,,,,Lapsed,,,,,https://sansad.in/getFile/BillsTexts/RSBillTexts/Asintroduced/IPC124ASasmit E1219202362752PM.pdf?source=legislation,,
LXXVI,"The Waqf Repeal Bill, 2022",2022,Private Member,Ordinary Bill,MINORITY AFFAIRS,Rajya Sabha,Harnath Singh Yadav Shri,2023-12-08,,,,Removed,,,,,https://sansad.in/getFile/BillsTexts/RSBillTexts/Asintroduced/waqf repeal 1 -E1219202361452PM.pdf?source=legislation,,
LXVIII,"The Constitution (Amendment) Bill, 2022 (amendment of the Eighth Schedule)",2022,Private Member,Constitutional Amendment Bill,HOME AFFAIRS,Rajya Sabha,Rajeev Shukla Shri,2023-12-08,,,,Pending,,,,,https://sansad.in/getFile/BillsTexts/RSBillTexts/Asintroduced/consti 8th rajeev-E1219202350919PM.pdf?source=legislation,,
CXI,"The Sexual Harassment of Women at Workplace (Prevention, Prohibition and Redressal) Amendment Bill, 2022.",2022,Private Member,Financial Bill,WOMEN AND CHILD DEVELOPMENT,Rajya Sabha,Fauzia Khan Dr.,2023-12-08,,,,Removed,,,,,https://sansad.in/getFile/BillsTexts/RSBillTexts/Asintroduced/sexual harassment-E1219202351138PM.pdf?source=legislation,,
CX,"The Constitution (Amendment) Bill, 2022 (amendment of articles 102, 191 and the Tenth Schedule)",2022,Private Member,Constitutional Amendment Bill,LAW AND JUSTICE,Rajya Sabha,Priyanka Chaturvedi Smt.,2023-12-08,,,,Removed,,,,,https://sansad.in/getFile/BillsTexts/RSBillTexts/Asintroduced/Consti Priyanka-E1219202350644PM.pdf?source=legislation,,
CVIII,"The Motor Vehicles (Amendment) Bill, 2022",2022,Private Member,Ordinary Bill,ROAD TRANSPORT AND HIGHWAYS,Rajya Sabha,Elamaram Kareem Shri,2023-12-08,,,,Removed,,,,,https://sansad.in/getFile/BillsTexts/RSBillTexts/Asintroduced/121-motor_vehicle-E1219202334113PM.pdf?source=legislation,,
CVII,"The Shopkeepersâ Welfare Bill, 2022.",2022,Private Member,Financial Bill,COMMERCE AND INDUSTRY,Rajya Sabha,Ashok Kumar Mittal Dr.,2023-12-08,,,,Pending,,,,,https://sansad.in/getFile/BillsTexts/RSBillTexts/Asintroduced/shopkeepers welfare-E1219202350231PM.pdf?source=legislation,,
CVI,"The Constitution (Amendment) Bill, 2022 (insertion of new Part XVIA and amendment of article 366)",2022,Private Member,Constitutional Amendment Bill,AGRICULTURE & FARMERS WELFARE,Rajya Sabha,Ashok Kumar Mittal Dr.,2023-12-08,,,,Pending,,,,,https://sansad.in/getFile/BillsTexts/RSBillTexts/Asintroduced/consti XVIA13202410700PM.pdf?source=legislation,,
CV,"The Constitution (Amendment) Bill, 2022 (substitution of articles 153,154 etc.)",2022,Private Member,Constitutional Amendment Bill,HOME AFFAIRS,Rajya Sabha,Raghav Chadha Shri,2023-12-08,,,,Pending,,,,,https://sansad.in/getFile/BillsTexts/RSBillTexts/Asintroduced/consti154 Raghav E132024115747AM.pdf?source=legislation,,
CIX,"The Hate Speech and Hate Crimes (Prevention) Bill, 2022",2022,Private Member,Financial Bill,HOME AFFAIRS,Rajya Sabha,K.R. Suresh Reddy Shri,2023-12-08,,,,Removed,,,,,https://sansad.in/getFile/BillsTexts/RSBillTexts/Asintroduced/Hate speech- KR- E 1219202350136PM.pdf?source=legislation,,
CIII,"The Food Safety and Standards (Amendment) Bill, 2022.",2022,Private Member,Financial Bill,HEALTH AND FAMILY WELFARE,Rajya Sabha,Kanimozhi NVN Somu Dr.,2023-12-08,,,,Removed,,,,,https://sansad.in/getFile/BillsTexts/RSBillTexts/Asintroduced/food safety-Kanimozhi E1219202350015PM.pdf?source=legislation,,
CII,"The Special Financial Assistance to the State of Tamil Nadu Bill, 2022",2022,Private Member,Financial Bill,FINANCE,Rajya Sabha,Kanimozhi NVN Somu Dr.,2023-12-08,,,,Removed,,,,,https://sansad.in/getFile/BillsTexts/RSBillTexts/Asintroduced/special assistance tamilnadu-E1219202345942PM.pdf?source=legislation,,
CI,"The Constitution (Amendment) Bill, 2022 (amendment of article 16).",2022,Private Member,Ordinary Bill,SOCIAL JUSTICE AND EMPOWERMENT,Rajya Sabha,P. Wilson Shri,2023-12-08,,,,Removed,,,,,https://sansad.in/getFile/BillsTexts/RSBillTexts/Asintroduced/consti amend A16-E Wilson1219202345453PM.pdf?source=legislation,,
C,"The Prevention of Money Laundering (Amendment) Bill, 2022",2022,Private Member,Ordinary Bill,FINANCE,Rajya Sabha,Raghav Chadha Shri,2023-12-08,,,,Pending,,,,,https://sansad.in/getFile/BillsTexts/RSBillTexts/Asintroduced/money laundering-E1219202345243PM.pdf?source=legislation,,
XXXVIII,"The Constitution (Amendment) Bill, 2023 (insertion of article 16A)",2023,Private Member,Ordinary Bill,SOCIAL JUSTICE AND EMPOWERMENT,Rajya Sabha,M. Shanmugam Shri,2023-12-08,,,,Removed,,,,,https://sansad.in/getFile/BillsTexts/RSBillTexts/Asintroduced/const_shanmugham-E1219202344119PM.pdf?source=legislation,,
XXXVII,"The Motor Vehicle Drivers and Other Workers Welfare Fund Bill, 2023",2023,Private Member,Ordinary Bill,LABOUR  AND  EMPLOYMENT,Rajya Sabha,M. Shanmugam Shri,2023-12-08,,,,Removed,,,,,https://sansad.in/getFile/BillsTexts/RSBillTexts/Asintroduced/motor vehicle-Shanmugam E (2)1219202342903PM.pdf?source=legislation,,
XXXVI,"The Interfaith Marriages by Unlawful Conversion (Prohibition) Bill, 2023",2023,Private Member,Ordinary Bill,HOME AFFAIRS,Rajya Sabha,Anil Sukhdeorao Bonde Dr.,2023-12-08,,,,Pending,,,,,https://sansad.in/getFile/BillsTexts/RSBillTexts/Asintroduced/interfaith_marriages-Bonde E1219202344325PM.pdf?source=legislation,,
XXXIV,"The Black Money Recovery Bill, 2023",2023,Private Member,Ordinary Bill,FINANCE,Rajya Sabha,M. Mohamed Abdulla Shri,2023-12-08,,,,Removed,,,,,https://sansad.in/getFile/BillsTexts/RSBillTexts/Asintroduced/black money recovery-E1219202341315PM.pdf?source=legislation,,
XXXIII,"The Participation of Workers in Management Bill, 2023",2023,Private Member,Ordinary Bill,LABOUR  AND  EMPLOYMENT,Rajya Sabha,Sandosh Kumar P Shri,2023-12-08,,,,Pending,,,,,https://sansad.in/getFile/BillsTexts/RSBillTexts/Asintroduced/participation of workers-E1219202341214PM.pdf?source=legislation,,
XXXII,"The Freedom of Marriage and Association and Prohibition of Crimes in the name of Honour Bill, 2023",2023,Private Member,Ordinary Bill,HOME AFFAIRS,Rajya Sabha,Ram Nath Thakur Shri,2023-12-08,,,,Removed,,,,,https://sansad.in/getFile/BillsTexts/RSBillTexts/Asintroduced/freedom_of_marriage_RN-E1219202344530PM.pdf?source=legislation,,
XXXI,"The Prevention of Custodial Torture Bill, 2023",2023,Private Member,Ordinary Bill,HOME AFFAIRS,Rajya Sabha,Manoj Kumar Jha Prof.,2023-12-08,,,,Removed,,,,,https://sansad.in/getFile/BillsTexts/RSBillTexts/Asintroduced/custodial_torture-E1219202344710PM.pdf?source=legislation,,
XXX,"The Indian Penal Code (Amendment) Bill, 2023 (substitution of section 305 and amendment of section 375)",2023,Private Member,Ordinary Bill,HOME AFFAIRS,Rajya Sabha,Amar Patnaik Dr.,2023-12-08,,,,Lapsed,,,,,https://sansad.in/getFile/BillsTexts/RSBillTexts/Asintroduced/IPC amar patnaik-E (13122023)1219202342710PM.pdf?source=legislation,,
XXVIII,"The Payment and Settlement Systems (Amendment) Bill, 2023",2023,Private Member,Ordinary Bill,FINANCE,Rajya Sabha,Amar Patnaik Dr.,2023-12-08,,,,Removed,,,,,https://sansad.in/getFile/BillsTexts/RSBillTexts/Asintroduced/paymnent and settlement-E1219202344939PM.pdf?source=legislation,,
XXVII,"The Constitution (Amendment) Bill, 2023 (amendment of article 51A)",2023,Private Member,Ordinary Bill,HOME AFFAIRS,Rajya Sabha,Manoj Kumar Jha Prof.,2023-12-08,,,,Removed,,,,,https://sansad.in/getFile/BillsTexts/RSBillTexts/Asintroduced/const amend 51A manoj jha-E1219202342618PM.pdf?source=legislation,,
XXVI,"The Right to Early Childhood Care Bill, 2023",2023,Private Member,Financial Bill,WOMEN AND CHILD DEVELOPMENT,Rajya Sabha,V. Sivadasan Dr.,2023-12-08,,,,Pending,,,,,https://sansad.in/getFile/BillsTexts/RSBillTexts/Asintroduced/right to early childhood care-E1219202340323PM.pdf?source=legislation,,
XXV,"The Constitution (Scheduled Tribes) Order (Amendment) Bill, 2023",2023,Private Member,Constitutional Amendment Bill,TRIBAL AFFAIRS,Rajya Sabha,Fauzia Khan Dr.,2023-12-08,,,,Removed,,,,,https://sansad.in/getFile/BillsTexts/RSBillTexts/Asintroduced/122C-ST order amend fauzia-E1219202334600PM.pdf?source=legislation,,
XXIII,"The Representation of the People (Amendment) Bill, 2023",2023,Private Member,Ordinary Bill,LAW AND JUSTICE,Rajya Sabha,Sandosh Kumar P Shri,2023-12-08,,,,Pending,,,,,https://sansad.in/getFile/BillsTexts/RSBillTexts/Asintroduced/ROP amend -sandosh-E1219202340910PM.pdf?source=legislation,,
XXI,"The Constitution (Amendment) Bill, 2023 (amendment of the Seventh Schedule)",2023,Private Member,Ordinary Bill,HOME AFFAIRS,Rajya Sabha,P. Wilson Shri,2023-12-08,,,,Removed,,,,,https://sansad.in/getFile/BillsTexts/RSBillTexts/Asintroduced/const 7th PWilson-E1219202365217PM.pdf?source=legislation,,
XX,"The Sustainable Agriculture (Ban on Harmful Chemicals) Bill, 2023",2023,Private Member,Ordinary Bill,AGRICULTURE & FARMERS WELFARE,Rajya Sabha,Aneel Prasad Hegde Shri,2023-12-08,,,,Removed,,,,,https://sansad.in/getFile/BillsTexts/RSBillTexts/Asintroduced/sustainable agriculture-E1219202365142PM.pdf?source=legislation,,
XVII,"The Andhra Pradesh Reorganisation (Amendment) Bill, 2023",2023,Private Member,Financial Bill,HOME AFFAIRS,Rajya Sabha,K.R. Suresh Reddy Shri,2023-12-08,,,,Removed,,,,,https://sansad.in/getFile/BillsTexts/RSBillTexts/Asintroduced/AP reorganization-E1219202365110PM.pdf?source=legislation,,
XV,"The Consumer Protection (Amendment) Bill, 2023",2023,Private Member,Ordinary Bill,"CONSUMER AFFAIRS, FOOD AND PUBLIC DISTRIBUTION",Rajya Sabha,V. Vijayasai Reddy Shri,2023-12-08,,,,Removed,,,,,https://sansad.in/getFile/BillsTexts/RSBillTexts/Asintroduced/consumer protection_VReddy-E1219202364959PM.pdf?source=legislation,,
XLVIII,"The Constitution (Amendment) Bill, 2023 (amendment of articles 111, 200 and 201)",2023,Private Member,Constitutional Amendment Bill,LAW AND JUSTICE,Rajya Sabha,A. D. Singh Shri,2023-12-08,,,,Removed,,,,,https://sansad.in/getFile/BillsTexts/RSBillTexts/Asintroduced/const111_200_AD-E1219202364848PM.pdf?source=legislation,,
XLVII,"The Special Financial Assistance to the State of Bihar Bill, 2023",2023,Private Member,Financial Bill,FINANCE,Rajya Sabha,A. D. Singh Shri,2023-12-08,,,,Removed,,,,,https://sansad.in/getFile/BillsTexts/RSBillTexts/Asintroduced/financial assistance BiharAD-E1219202364752PM.pdf?source=legislation,,
XLIII,"The Constitution (Amendment) Bill, 2023 (amendment of article 348)",2023,Private Member,Ordinary Bill,LAW AND JUSTICE,Rajya Sabha,Harnath Singh Yadav Shri,2023-12-08,,,,Removed,,,,,https://sansad.in/getFile/BillsTexts/RSBillTexts/Asintroduced/const348 harnath-E1219202364641PM.pdf?source=legislation,,
XLII,"The Adaptation to Climate Change (Resilience, Rehabilitation and Resettlement) Bill, 2023",2023,Private Member,Ordinary Bill,ENVIRONMENT AND FORESTS,Rajya Sabha,Vandana Chavan Smt.,2023-12-08,,,,Removed,,,,,https://sansad.in/getFile/BillsTexts/RSBillTexts/Asintroduced/adaptation to climate-E- Final1219202342730PM.pdf?source=legislation,,
XLI,"The Election Commission of India (Reforms) Bill, 2023.",2023,Private Member,Ordinary Bill,LAW AND JUSTICE,Rajya Sabha,P. Wilson Shri,2023-12-08,,,,Removed,,,,,https://sansad.in/getFile/BillsTexts/RSBillTexts/Asintroduced/election commission Wilson-E1219202364423PM.pdf?source=legislation,,
XL,"The Central Universities (Amendment) Bill, 2023",2023,Private Member,Ordinary Bill,EDUCATION,Rajya Sabha,V. Vijayasai Reddy Shri,2023-12-08,,,,Removed,,,,,https://sansad.in/getFile/BillsTexts/RSBillTexts/Asintroduced/Central University-E1219202342515PM.pdf?source=legislation,,
XIX,"The Decriminalization of Defamation Bill, 2023.",2023,Private Member,Ordinary Bill,HOME AFFAIRS,Rajya Sabha,Raghav Chadha Shri,2023-12-08,,,,Lapsed,,,,,https://sansad.in/getFile/BillsTexts/RSBillTexts/Asintroduced/decriminalization-E1219202364348PM.pdf?source=legislation,,
XIV,"The Constitution (Amendment) Bill, 2023 (amendment of articles 343, 344 and 348 etc.)",2023,Private Member,Constitutional Amendment Bill,HOME AFFAIRS,Rajya Sabha,R. Girirajan Shri,2023-12-08,,,,Pending,,,,,https://sansad.in/getFile/BillsTexts/RSBillTexts/Asintroduced/const343 Girirajan-E1219202364152PM.pdf?source=legislation,,
XIII,"The Constitution (Amendment) Bill, 2023 (amendment of articles 124 and 217)",2023,Private Member,Ordinary Bill,LAW AND JUSTICE,Rajya Sabha,V. Vijayasai Reddy Shri,2023-12-08,,,,Removed,,,,,https://sansad.in/getFile/BillsTexts/RSBillTexts/Asintroduced/const124 VReddy-E1219202363552PM.pdf?source=legislation,,
XII,"The National Commission for the Welfare of Youth Bill, 2023",2023,Private Member,Financial Bill,YOUTH AFFAIRS AND SPORTS,Rajya Sabha,Sandosh Kumar P Shri,2023-12-08,,,,Pending,,,,,https://sansad.in/getFile/BillsTexts/RSBillTexts/Asintroduced/welfare of youth-E1219202363455PM.pdf?source=legislation,,
XI,"The Right to Public Space Bill, 2023",2023,Private Member,Financial Bill,Housing and Urban Affairs,Rajya Sabha,V. Sivadasan Dr.,2023-12-08,,,,Pending,,,,,https://sansad.in/getFile/BillsTexts/RSBillTexts/Asintroduced/117-right to public space-E1219202334900PM.pdf?source=legislation,,
X,"The Right to Free Internet Bill, 2023",2023,Private Member,Financial Bill,COMMUNICATIONS,Rajya Sabha,V. Sivadasan Dr.,2023-12-08,,,,Pending,,,,,https://sansad.in/getFile/BillsTexts/RSBillTexts/Asintroduced/right to free internet -E1219202362556PM.pdf?source=legislation,,
VII,"The Representation of the People (Amendment) Bill, 2023",2023,Private Member,Ordinary Bill,LAW AND JUSTICE,Rajya Sabha,John Brittas Dr.,2023-12-08,,,,Pending,,,,,https://sansad.in/getFile/BillsTexts/RSBillTexts/Asintroduced/RoP John-E1219202362455PM.pdf?source=legislation,,
VI,"The Central Educational Institutions (Reservation in Admission) Amendment Bill, 2023",2023,Private Member,Ordinary Bill,EDUCATION,Rajya Sabha,Sujeet Kumar Shri,2023-12-08,,,,Removed,,,,,https://sansad.in/getFile/BillsTexts/RSBillTexts/Asintroduced/central education-E (Final)1219202340746PM.pdf?source=legislation,,
V,"The Indian Penal Code (Amendment) Bill, 2023 (insertion of sections 24A, 300A and 302A)",2023,Private Member,Ordinary Bill,HOME AFFAIRS,Rajya Sabha,Sujeet Kumar Shri,2023-12-08,,,,Lapsed,,,,,https://sansad.in/getFile/BillsTexts/RSBillTexts/Asintroduced/IPC insert 24A Sujeet-E1219202362249PM.pdf?source=legislation,,
LXI,"The Right of Children to Free and Compulsory Education (Amendment) Bill , 2023",2023,Private Member,Ordinary Bill,EDUCATION,Rajya Sabha,Tiruchi Siva Shri,2023-12-08,,,,Removed,,,,,https://sansad.in/getFile/BillsTexts/RSBillTexts/Asintroduced/Right of Children Tiruchi Siva1219202343507PM.pdf?source=legislation,,
LV,"The Compulsory Teaching of Lifestyle for Environment (LiFE) in Schools Bill, 2023.",2023,Private Member,Ordinary Bill,EDUCATION,Rajya Sabha,Biplab Kumar Deb Shri,2023-12-08,,,,Removed,,,,,https://sansad.in/getFile/BillsTexts/RSBillTexts/Asintroduced/compulsory teaching of LiFE-E1219202343300PM.pdf?source=legislation,,
LIX,"The Mental Healthcare (Amendment) Bill, 2023.",2023,Private Member,Financial Bill,HEALTH AND FAMILY WELFARE,Rajya Sabha,Surendra Singh Nagar Shri,2023-12-08,,,,Pending,,,,,https://sansad.in/getFile/BillsTexts/RSBillTexts/Asintroduced/mental health-E1219202343356PM.pdf?source=legislation,,
LII,"The Indian Penal Code (Amendment) Bill, 2023 (insertion of new Section 377A)",2023,Private Member,Ordinary Bill,HOME AFFAIRS,Rajya Sabha,A. D. Singh Shri,2023-12-08,,,,Lapsed,,,,,https://sansad.in/getFile/BillsTexts/RSBillTexts/Asintroduced/IPC 377AD Singh-E1219202343051PM.pdf?source=legislation,,
L,"The Representation of the People (Amendment) Bill, 2023",2023,Private Member,Ordinary Bill,LAW AND JUSTICE,Rajya Sabha,Javed Ali Khan Shri,2023-12-08,,,,Pending,,,,,https://sansad.in/getFile/BillsTexts/RSBillTexts/Asintroduced/RoP_Javed Ali-E1219202342933PM.pdf?source=legislation,,
IX,"The Facial Recognition Technology (Regulation of Police Powers) Bill, 2023",2023,Private Member,Ordinary Bill,HOME AFFAIRS,Rajya Sabha,Priyanka Chaturvedi Smt.,2023-12-08,,,,Removed,,,,,https://sansad.in/getFile/BillsTexts/RSBillTexts/Asintroduced/facial recognition Priyanka-E1219202360805PM.pdf?source=legislation,,
IV,"The Antiquities and Art Treasures (Amendment) Bill, 2023",2023,Private Member,Ordinary Bill,CULTURE,Rajya Sabha,Sujeet Kumar Shri,2023-12-08,,,,Removed,,,,,https://sansad.in/getFile/BillsTexts/RSBillTexts/Asintroduced/antiquities-E11219202340601PM.pdf?source=legislation,,
III,"The Constitution (Amendment) Bill, 2023 (amendment of article 326)",2023,Private Member,Constitutional Amendment Bill,LAW AND JUSTICE,Rajya Sabha,John Brittas Dr.,2023-12-08,,,,Pending,,,,,https://sansad.in/getFile/BillsTexts/RSBillTexts/Asintroduced/const326 John-E1219202360618PM.pdf?source=legislation,,
II,"The Reserve Bank of India (Amendment) Bill, 2023",2023,Private Member,Ordinary Bill,FINANCE,Rajya Sabha,John Brittas Dr.,2023-12-08,,,,Pending,,,,,https://sansad.in/getFile/BillsTexts/RSBillTexts/Asintroduced/RBI-E John (FINAL) (1)1219202340517PM.pdf?source=legislation,,
I,"The Constitution (Amendment) Bill, 2023 (insertion of new articles 330A, 330B etc.)",2023,Private Member,Constitutional Amendment Bill,WOMEN AND CHILD DEVELOPMENT,Rajya Sabha,Fauzia Khan Dr.,2023-12-08,,,,Removed,,,,,https://sansad.in/getFile/BillsTexts/RSBillTexts/Asintroduced/const insert330A Fauzia-E1219202360447PM.pdf?source=legislation,,
141,"THE CENTRAL UNIVERSITIES (AMENDMENT) BILL, 2023",2023,Government,Financial Bill,EDUCATION,Lok Sabha,,2023-12-04,2023-12-07,2023-12-13,17/12/2023,Assented,,,36,2023,https://sansad.in/getFile/BillsTexts/LSBillTexts/Asintroduced/141_2023_LS_E1242023123216PM.pdf?source=legislation,,
141,"THE CENTRAL UNIVERSITIES (AMENDMENT) BILL, 2023",2023,Government,Financial Bill,EDUCATION,Lok Sabha,,2023-12-04,2023-12-07,2023-12-13,17/12/2023,Passed,,,36,2023,https://sansad.in/getFile/BillsTexts/LSBillTexts/Asintroduced/141_2023_LS_E1242023123216PM.pdf?source=legislation,,
124,"THE CONSTITUTION (ONE HUNDRED AND TWENTY-EIGHTH AMENDMENT) BILL, 2023",2023,Government,Constitutional Amendment Bill,LAW AND JUSTICE,Lok Sabha,,2023-09-19,2023-09-20,2023-09-21,28/09/2023,Assented,,,,,https://sansad.in/getFile/BillsTexts/LSBillTexts/Asintroduced/124_2023_LS_E919202323027PM.pdf?source=legislation,,
124,"THE CONSTITUTION (ONE HUNDRED AND TWENTY-EIGHTH AMENDMENT) BILL, 2023",2023,Government,Constitutional Amendment Bill,LAW AND JUSTICE,Lok Sabha,,2023-09-19,2023-09-20,2023-09-21,28/09/2023,Passed,,,,,https://sansad.in/getFile/BillsTexts/LSBillTexts/Asintroduced/124_2023_LS_E919202323027PM.pdf?source=legislation,,
123,"THE BHARATIYA SAKSHYA BILL, 2023",2023,Government,Ordinary Bill,HOME AFFAIRS,Lok Sabha,,2023-08-11,,,,Withdrawn,,,,,https://sansad.in/getFile/BillsTexts/LSBillTexts/Asintroduced/123_2023_LS_ENG811202320706PM.pdf?source=legislation,,
122,"THE BHARATIYA NAGARIK SURAKSHA SANHITA, 2023",2023,Government,Ordinary Bill,HOME AFFAIRS,Lok Sabha,,2023-08-11,,,,Withdrawn,,,,,https://sansad.in/getFile/BillsTexts/LSBillTexts/Asintroduced/122_2023_LS_ENG811202312939PM.pdf?source=legislation,,
121,"THE BHARATIYA NYAYA SANHITA, 2023",2023,Government,Ordinary Bill,HOME AFFAIRS,Lok Sabha,,2023-08-11,,,,Withdrawn,,,,,https://sansad.in/getFile/BillsTexts/LSBillTexts/Asintroduced/121_2023_LS_ENG811202312748PM.pdf?source=legislation,,
120,"THE INTEGRATED GOODS AND SERVICES TAX (AMENDMENT) BILL, 2023",2023,Government,Money Bill,FINANCE,Lok Sabha,,2023-08-11,2023-08-11,2023-08-11,18/08/2023,Assented,,,31,2023,https://sansad.in/getFile/BillsTexts/LSBillTexts/Asintroduced/igst8112023123445PM.pdf?source=legislation,,
119,"THE CENTRAL GOODS AND SERVICES TAX (AMENDMENT) BILL, 2023",2023,Government,Money Bill,FINANCE,Lok Sabha,,2023-08-11,2023-08-11,2023-08-11,18/08/2023,Assented,,,30,2023,https://sansad.in/getFile/BillsTexts/LSBillTexts/Asintroduced/cgst8112023123106PM.pdf?source=legislation,,
LVIII,"The Post Office Bill, 2023",2023,Government,Ordinary Bill,COMMUNICATIONS,Rajya Sabha,,2023-08-10,2023-12-18,2023-12-04,24/12/2023,Assented,,,43,2023,https://sansad.in/getFile/BillsTexts/RSBillTexts/Asintroduced/post office-E810202331641PM.pdf?source=legislation,,
LVIII,"The Post Office Bill, 2023",2023,Government,Ordinary Bill,COMMUNICATIONS,Rajya Sabha,,2023-08-10,2023-12-18,2023-12-04,24/12/2023,Passed,,,43,2023,https://sansad.in/getFile/BillsTexts/RSBillTexts/Asintroduced/post office-E810202331641PM.pdf?source=legislation,,
LVII,"The Chief Election Commissioner and Other Election Commissioners (Appointment, Conditions of Service and Term of Office) Bill, 2023",2023,Government,Ordinary Bill,LAW AND JUSTICE,Rajya Sabha,,2023-08-10,2023-12-21,2023-12-12,28/12/2023,Passed,,,49,2023,https://sansad.in/getFile/BillsTexts/RSBillTexts/Asintroduced/chief election-E810202351548PM.pdf?source=legislation,,
91,"The Scheduled Castes and Scheduled Tribes Sub Plans (Budgetary Allocation and Special Scheme) Bill, 2020.",2020,Private Member,Financial Bill,SOCIAL JUSTICE AND EMPOWERMENT,Lok Sabha,Locket Chatterjee Smt.,2023-08-04,,,,Lapsed,,,,,https://sansad.in/getFile/BillsTexts/LSBillTexts/Asintroduced/91 of 2020 as84202365849PM.pdf?source=legislation,,
59,"The Prevention of Wasteful Expenditure on Special Occasions Bill, 2020.",2020,Private Member,Ordinary Bill,"CONSUMER AFFAIRS, FOOD AND PUBLIC DISTRIBUTION",Lok Sabha,Jasbir Singh Gill Shri,2023-08-04,,,,Lapsed,,,,,https://sansad.in/getFile/BillsTexts/LSBillTexts/Asintroduced/59 of 2020 as introduced 84202370003PM.pdf?source=legislation,,
79,"The National Commission for Minorities (Amendment) Bill, 2021 (Amendment of section 2).",2021,Private Member,Ordinary Bill,MINORITY AFFAIRS,Lok Sabha,Sanjay Jaiswal Dr.,2023-08-04,,,,Lapsed,,,,,https://sansad.in/getFile/BillsTexts/LSBillTexts/Asintroduced/79 of 2021 (AS)84202370028PM.pdf?source=legislation,,
73,"The Child Welfare Bill, 2021.",2021,Private Member,Financial Bill,WOMEN AND CHILD DEVELOPMENT,Lok Sabha,Jugal Kishore Sharma Shri,2023-08-04,,,,Lapsed,,,,,https://sansad.in/getFile/BillsTexts/LSBillTexts/Asintroduced/73 of 2021 AS 84202371045PM.pdf?source=legislation,,
127,"The Constitution (Amendment) Bill, 2021 (Amendment of Seventh Schedule).",2021,Private Member,Ordinary Bill,ENVIRONMENT AND FORESTS,Lok Sabha,Jagdambika Pal  Shri,2023-08-04,,,,Lapsed,,,,,https://sansad.in/getFile/BillsTexts/LSBillTexts/Asintroduced/127 OF 2021 AS84202381543PM.pdf?source=legislation,,
105,"The Electronic Waste (Management and Disposal) Bill, 2021.",2021,Private Member,Financial Bill,ENVIRONMENT AND FORESTS,Lok Sabha,Jugal Kishore Sharma Shri,2023-08-04,,,,Lapsed,,,,,https://sansad.in/getFile/BillsTexts/LSBillTexts/Asintroduced/105 of 2021 as84202370126PM.pdf?source=legislation,,
94,"The Government Legislative Proposals and Scheme (Impact Analysis and Post Implementation Assessment) Bill,2022.",2022,Private Member,Financial Bill,FINANCE,Lok Sabha,Srinivas Kesineni Shri,2023-08-04,,,,Lapsed,,,,,https://sansad.in/getFile/BillsTexts/LSBillTexts/Asintroduced/94 of 2022 as84202384954PM.pdf?source=legislation,,
35,"The Tuberculosis (Treatment and Eradication) Bill, 2022.",2022,Private Member,Financial Bill,HEALTH AND FAMILY WELFARE,Lok Sabha,Shrirang Appa Barne Shri,2023-08-04,,,,Lapsed,,,,,https://sansad.in/getFile/BillsTexts/LSBillTexts/Asintroduced/35 OF 2022 AS84202384845PM.pdf?source=legislation,,
296,"The Constitution (Amendment) Bill, 2022 (Amendment of articles 15 and 16)",2022,Private Member,Ordinary Bill,SOCIAL JUSTICE AND EMPOWERMENT,Lok Sabha,Sanjay Bhatia Shri,2023-08-04,,,,Lapsed,,,,,https://sansad.in/getFile/BillsTexts/LSBillTexts/Asintroduced/296 of 2022 as intro84202385403PM.pdf?source=legislation,,
294,"The Constitution (Amendment) Bill, 2022 (Amendment of the Seventh Schedule).",2022,Private Member,Ordinary Bill,WATER RESOURCES,Lok Sabha,P.P. Chaudhary Shri,2023-08-04,,,,Lapsed,,,,,https://sansad.in/getFile/BillsTexts/LSBillTexts/Asintroduced/294 of 2022 (EV) To be Introduced84202373720PM.pdf?source=legislation,,
293,"The Constitution (Amendment) Bill, 2022 (Substitution of new article for article 343).",2022,Private Member,Ordinary Bill,HOME AFFAIRS,Lok Sabha,Krishnapal Singh Yadav Dr.,2023-08-04,,,,Lapsed,,,,,https://sansad.in/getFile/BillsTexts/LSBillTexts/Asintroduced/293 of 2022 (EV) As Introduced84202374133PM.pdf?source=legislation,,
292,"The Constitution (Amendment) Bill, 2022 (Amendment of the Seventh Schedule).",2022,Private Member,Ordinary Bill,WATER RESOURCES,Lok Sabha,Pradyut Bordoloi Shri,2023-08-04,,,,Lapsed,,,,,https://sansad.in/getFile/BillsTexts/LSBillTexts/Asintroduced/292 of 2022 AS84202375146PM.pdf?source=legislation,,
291,"The Constitution (Amendment) Bill, 2022 (Amendment of article 72).",2022,Private Member,Ordinary Bill,HOME AFFAIRS,Lok Sabha,Pushpendra Singh Chandel Kunwar,2023-08-04,,,,Lapsed,,,,,https://sansad.in/getFile/BillsTexts/LSBillTexts/Asintroduced/291 of 2022 (EV) As Introduced84202385756PM.pdf?source=legislation,,
289,"The Code of Civil Procedure (Amendment) Bill, 2022 (Amendment of section 23, etc.).",2022,Private Member,Ordinary Bill,LAW AND JUSTICE,Lok Sabha,Shrikant Eknath Shinde Dr.,2023-08-04,,,,Lapsed,,,,,https://sansad.in/getFile/BillsTexts/LSBillTexts/Asintroduced/289 of 2022 as84202374240PM.pdf?source=legislation,,
287,"The Motor Vehicles (Amendment) Bill, 2022 (Amendment of section 41).",2022,Private Member,Ordinary Bill,ROAD TRANSPORT AND HIGHWAYS,Lok Sabha,Sanjay Bhatia Shri,2023-08-04,,,,Lapsed,,,,,https://sansad.in/getFile/BillsTexts/LSBillTexts/Asintroduced/287 OF 2022 AS INTRO84202385820PM.pdf?source=legislation,,
286,"The Citizenship (Amendment) Bill, 2022 (Amendment of section 2).",2022,Private Member,Ordinary Bill,HOME AFFAIRS,Lok Sabha,Veeraswamy Kalanidhi Dr.,2023-08-04,,,,Lapsed,,,,,https://sansad.in/getFile/BillsTexts/LSBillTexts/Asintroduced/286 of 2022 as introduced84202380914PM.pdf?source=legislation,,
285,"The Child Marriage Abolition Bill, 2022.",2022,Private Member,Ordinary Bill,WOMEN AND CHILD DEVELOPMENT,Lok Sabha,"Shewale, Shri Rahul Ramesh",2023-08-04,,,,Lapsed,,,,,https://sansad.in/getFile/BillsTexts/LSBillTexts/Asintroduced/285 of 2022 as introduced84202375528PM.pdf?source=legislation,,
284,"The Sportspersons (Reservation in Sports Bodies) Bill, 2022.",2022,Private Member,Ordinary Bill,YOUTH AFFAIRS AND SPORTS,Lok Sabha,Parvesh Sahib Singh Shri,2023-08-04,,,,Lapsed,,,,,https://sansad.in/getFile/BillsTexts/LSBillTexts/Asintroduced/284 of 2022 AS introduced84202375700PM.pdf?source=legislation,,
281,"The Companies (Amendment) Bill, 2022 (Amendment of section 2, etc.).",2022,Private Member,Financial Bill,CORPORATE AFFAIRS,Lok Sabha,Gaurav Gogoi Shri,2023-08-04,,,,Lapsed,,,,,https://sansad.in/getFile/BillsTexts/LSBillTexts/Asintroduced/281 of 2022 to be introduced (EV)84202380323PM.pdf?source=legislation,,
280,"The Prevention of Violence Against Healthcare Professionals and Clinical Establishments Bill, 2022.",2022,Private Member,Financial Bill,HEALTH AND FAMILY WELFARE,Lok Sabha,"DNV Senthilkumar S, Dr.",2023-08-04,,,,Lapsed,,,,,https://sansad.in/getFile/BillsTexts/LSBillTexts/Asintroduced/280 of 2022 (EV) As Introduced84202380720PM.pdf?source=legislation,,
279,"The Agricultural Produce Price Fixation Board Bill, 2022.",2022,Private Member,Financial Bill,AGRICULTURE & FARMERS WELFARE,Lok Sabha,Adv. A. M. Ariff,2023-08-04,,,,Lapsed,,,,,https://sansad.in/getFile/BillsTexts/LSBillTexts/Asintroduced/279 of 2022 AS882023113739AM.pdf?source=legislation,,
277,"The Criminal Law (Amendment) Bill, 2022 (Insertion of new section 304C, etc.).",2022,Private Member,Ordinary Bill,HOME AFFAIRS,Lok Sabha,Alok Kumar Suman Dr.,2023-08-04,,,,Lapsed,,,,,https://sansad.in/getFile/BillsTexts/LSBillTexts/Asintroduced/277 of 2022 (EV) As Introduced84202374414PM.pdf?source=legislation,,
276,"The Right of Women to Menstrual Leave and Free Access to Menstrual Health Products  Bill, 2022.",2022,Private Member,Financial Bill,HEALTH AND FAMILY WELFARE,Lok Sabha,Hibi Eden Shri,2023-08-04,,,,Lapsed,,,,,https://sansad.in/getFile/BillsTexts/LSBillTexts/Asintroduced/276 of 2022 as introduced84202375127PM.pdf?source=legislation,,
275,"The Criminal Laws (Amendment) Bill, 2022 (Amendment of section 353, etc.).",2022,Private Member,Ordinary Bill,HOME AFFAIRS,Lok Sabha,M. K. Raghavan Shri,2023-08-04,,,,Lapsed,,,,,https://sansad.in/getFile/BillsTexts/LSBillTexts/Asintroduced/275 of 2022 as introduced84202375241PM.pdf?source=legislation,,
273,"The Prohibition of Employment as Manual Scavengers and their Rehabilitation (Amendment) Bill, 2022 (Amendment of section 2, etc.).",2022,Private Member,Financial Bill,SOCIAL JUSTICE AND EMPOWERMENT,Lok Sabha,Supriya Sadanand Sule Smt.,2023-08-04,,,,Lapsed,,,,,https://sansad.in/getFile/BillsTexts/LSBillTexts/Asintroduced/273 of 2022 (TO BE)84202385609PM.pdf?source=legislation,,
272,"The Terminated Employees (Temporary Benefits) Bill, 2022.",2022,Private Member,Financial Bill,LABOUR,Lok Sabha,Sri Krishna Devarayalu Lavu Shri,2023-08-04,,,,Lapsed,,,,,https://sansad.in/getFile/BillsTexts/LSBillTexts/Asintroduced/272 of 2022 (EV) As Introduced84202370100PM.pdf?source=legislation,,
271,"The Commission for Air Quality Management in National Capital Region and Adjoining Areas (Amendment) Bill, 2022 (Amendment of section 2, etc.).",2022,Private Member,Financial Bill,ENVIRONMENT AND FORESTS,Lok Sabha,Gaurav Gogoi Shri,2023-08-04,,,,Lapsed,,,,,https://sansad.in/getFile/BillsTexts/LSBillTexts/Asintroduced/271 of 2022as882023113716AM.pdf?source=legislation,,
269,"The Patharughat National Farmers Memorial Bill, 2022.",2022,Private Member,Financial Bill,CULTURE,Lok Sabha,Saikia Dilip Shri,2023-08-04,,,,Lapsed,,,,,https://sansad.in/getFile/BillsTexts/LSBillTexts/Asintroduced/269 OF 2022 AS INTRO84202385702PM.pdf?source=legislation,,
266,"The Constitution (Amendment) Bill, 2022 (Amendment of article 85).",2022,Private Member,Ordinary Bill,PARLIAMENTARY  AFFAIRS,Lok Sabha,Shyam Singh Yadav Shri,2023-08-04,,,,Lapsed,,,,,https://sansad.in/getFile/BillsTexts/LSBillTexts/Asintroduced/266 of 2022 as intro84202373814PM.pdf?source=legislation,,
264,"The Representation of the People (Amendment) Bill, 2022 (Insertion of new Chapter IVA).",2022,Private Member,Ordinary Bill,LAW AND JUSTICE,Lok Sabha,Abdul Khaleque  Shri,2023-08-04,,,,Lapsed,,,,,https://sansad.in/getFile/BillsTexts/LSBillTexts/Asintroduced/264 of 2022 as introduced84202374043PM.pdf?source=legislation,,
263,"The Mental Healthcare (Amendment) Bill, 2022 (Amendment of section 17, etc.).",2022,Private Member,Ordinary Bill,HEALTH AND FAMILY WELFARE,Lok Sabha,Shrikant Eknath Shinde Dr.,2023-08-04,,,,Lapsed,,,,,https://sansad.in/getFile/BillsTexts/LSBillTexts/Asintroduced/263 of 2022 as84202374216PM.pdf?source=legislation,,
261,"The Indian Penal Code (Amendment) Bill, 2022 (Insertion of new section 440A).",2022,Private Member,Ordinary Bill,HOME AFFAIRS,Lok Sabha,"Shewale, Shri Rahul Ramesh",2023-08-04,,,,Lapsed,,,,,https://sansad.in/getFile/BillsTexts/LSBillTexts/Asintroduced/261 of 2022 as84202375552PM.pdf?source=legislation,,
260,"The Anganwadi Workerâs Welfare Bill, 2022.",2022,Private Member,Financial Bill,WOMEN AND CHILD DEVELOPMENT,Lok Sabha,M. K. Raghavan Shri,2023-08-04,,,,Lapsed,,,,,https://sansad.in/getFile/BillsTexts/LSBillTexts/Asintroduced/260 of 2022 (Ev) (As introduced)84202375615PM.pdf?source=legislation,,
259,"The Code of Criminal Procedure (Amendment) Bill, 2022 (Amendment of section 125).",2022,Private Member,Ordinary Bill,HOME AFFAIRS,Lok Sabha,Srinivas Kesineni Shri,2023-08-04,,,,Lapsed,,,,,https://sansad.in/getFile/BillsTexts/LSBillTexts/Asintroduced/259 of 2022as882023113639AM.pdf?source=legislation,,
257,"The Advocates (Protection) Bill, 2022.",2022,Private Member,Ordinary Bill,LAW AND JUSTICE,Lok Sabha,N.K. Premachandran Shri,2023-08-04,,,,Lapsed,,,,,https://sansad.in/getFile/BillsTexts/LSBillTexts/Asintroduced/257 of 2022  (AS)84202380445PM.pdf?source=legislation,,
256,"The Energy Conservation (Amendment) Bill, 2022 (Amendment of section 2, etc.).",2022,Private Member,Financial Bill,POWER,Lok Sabha,Gaurav Gogoi Shri,2023-08-04,,,,Lapsed,,,,,https://sansad.in/getFile/BillsTexts/LSBillTexts/Asintroduced/256 of 2022 (Ev) (As Introduced)84202375814PM.pdf?source=legislation,,
255,"The Representation of the People (Amendment) Bill, 2022 (Amendment of section 23).",2022,Private Member,Ordinary Bill,LAW AND JUSTICE,Lok Sabha,Supriya Sadanand Sule Smt.,2023-08-04,,,,Lapsed,,,,,https://sansad.in/getFile/BillsTexts/LSBillTexts/Asintroduced/255 of 2022 AS INTRODUCED84202380553PM.pdf?source=legislation,,
254,"The Social Media and Over-the-Top Platform Regulatory Board Bill, 2022.",2022,Private Member,Financial Bill,INFORMATION AND BROADCASTING,Lok Sabha,Pushpendra Singh Chandel Kunwar,2023-08-04,,,,Lapsed,,,,,https://sansad.in/getFile/BillsTexts/LSBillTexts/Asintroduced/254 of 2022 AS INTRODUCED84202375425PM.pdf?source=legislation,,
253,"The Micro, Small and Medium Enterprises Development (Amendment) Bill, 2022 (Amendment of section 2, etc.).",2022,Private Member,Ordinary Bill,"MICRO, SMALL AND MEDIUM ENTERPRISES",Lok Sabha,Heena Vijaykumar Gavit Dr.,2023-08-04,,,,Lapsed,,,,,https://sansad.in/getFile/BillsTexts/LSBillTexts/Asintroduced/253 of 2022 as84202373943PM.pdf?source=legislation,,
251,"The Constitution (Amendment) Bill, 2022 (Amendment of article 201).",2022,Private Member,Ordinary Bill,LAW AND JUSTICE,Lok Sabha,N.K. Premachandran Shri,2023-08-04,,,,Lapsed,,,,,https://sansad.in/getFile/BillsTexts/LSBillTexts/Asintroduced/251 OF 2022 AS INTRO84202385635PM.pdf?source=legislation,,
250,"The Journalist (Prevention of Violence and Damage or Loss to the Property) Bill, 2022.",2022,Private Member,Ordinary Bill,INFORMATION AND BROADCASTING,Lok Sabha,N.K. Premachandran Shri,2023-08-04,,,,Lapsed,,,,,https://sansad.in/getFile/BillsTexts/LSBillTexts/Asintroduced/250 of 2022 (Ev) (As Introduced)84202380526PM.pdf?source=legislation,,
248,"The Code on Social Security (Amendment) Bill, 2022 (Amendment of sections 2 and 53).",2022,Private Member,Ordinary Bill,LABOUR  AND  EMPLOYMENT,Lok Sabha,Krishnapal Singh Yadav Dr.,2023-08-04,,,,Lapsed,,,,,https://sansad.in/getFile/BillsTexts/LSBillTexts/Asintroduced/248 of 2022 as84202374106PM.pdf?source=legislation,,
247,"The Sexual Harassment at Workplace (Prevention, Prohibition and Redressal) Bill, 2022.",2022,Private Member,Financial Bill,SOCIAL JUSTICE AND EMPOWERMENT,Lok Sabha,Sri Krishna Devarayalu Lavu Shri,2023-08-04,,,,Lapsed,,,,,https://sansad.in/getFile/BillsTexts/LSBillTexts/Asintroduced/247 of 2022 As introduced84202380400PM.pdf?source=legislation,,
243,"The Arbitration and Conciliation (Amendment) Bill, 2022 (Amendment of section 20).",2022,Private Member,Ordinary Bill,LAW AND JUSTICE,Lok Sabha,Hanuman Beniwal Shri,2023-08-04,,,,Lapsed,,,,,https://sansad.in/getFile/BillsTexts/LSBillTexts/Asintroduced/243 of 2022 (EV) (As Introduced)84202373630PM.pdf?source=legislation,,
241,"The Maintenance and Welfare of parents and Senior Citizens (Amendment) Bill, 2022 (Amendment of section 21, etc.).",2022,Private Member,Ordinary Bill,SOCIAL JUSTICE AND EMPOWERMENT,Lok Sabha,Heena Vijaykumar Gavit Dr.,2023-08-04,,,,Lapsed,,,,,https://sansad.in/getFile/BillsTexts/LSBillTexts/Asintroduced/241 of 2022 (EV) (As Introduced)84202373859PM.pdf?source=legislation,,
239,"The Promotion of Social and Emotional Learning in Schools Bill, 2022.",2022,Private Member,Financial Bill,EDUCATION,Lok Sabha,Janardan Singh Sigriwal Shri,2023-08-04,,,,Lapsed,,,,,https://sansad.in/getFile/BillsTexts/LSBillTexts/Asintroduced/239 of 2022 (Ev) (As Introduced)84202374907PM.pdf?source=legislation,,
238,"The Constitution (Amendment) Bill, 2022 (Amendment of article 312).",2022,Private Member,Ordinary Bill,EDUCATION,Lok Sabha,Heena Vijaykumar Gavit Dr.,2023-08-04,,,,Lapsed,,,,,https://sansad.in/getFile/BillsTexts/LSBillTexts/Asintroduced/238 of 2022 (EV) As Introduced84202373920PM.pdf?source=legislation,,
237,"The Constitution (Amendment) Bill, 2022 (Amendment of the Seventh Schedule).",2022,Private Member,Ordinary Bill,HOME AFFAIRS,Lok Sabha,P.P. Chaudhary Shri,2023-08-04,,,,Lapsed,,,,,https://sansad.in/getFile/BillsTexts/LSBillTexts/Asintroduced/237 OF 2022 AS INTRO84202373657PM.pdf?source=legislation,,
235,"The Tourism Development Board Bill, 2022.",2022,Private Member,Financial Bill,TOURISM,Lok Sabha,Shrirang Appa Barne Shri,2023-08-04,,,,Lapsed,,,,,https://sansad.in/getFile/BillsTexts/LSBillTexts/Asintroduced/235 of 2022 as introduced84202375753PM.pdf?source=legislation,,
234,"The Central Universities (Amendment) Bill, 2022 (Insertion of new section 3G, etc.).",2022,Private Member,Financial Bill,EDUCATION,Lok Sabha,Raju Bista Shri,2023-08-04,,,,Lapsed,,,,,https://sansad.in/getFile/BillsTexts/LSBillTexts/Asintroduced/234 of 2022 EV (AS)84202375342PM.pdf?source=legislation,,
233,"The Securitisation and Reconstruction of Financial Assets and Enforcement of Security Interest (Amendment) Bill, 2022 (Amendment of section 31).",2022,Private Member,Ordinary Bill,FINANCE,Lok Sabha,Suresh Kodikunnil Shri,2023-08-04,,,,Lapsed,,,,,https://sansad.in/getFile/BillsTexts/LSBillTexts/Asintroduced/233 of 2022 EV AS84202375051PM.pdf?source=legislation,,
231,"The Motor Vehicles (Amendment) Bill, 2022 (Amendment of section 8).",2022,Private Member,Ordinary Bill,ROAD TRANSPORT AND HIGHWAYS,Lok Sabha,Unmesh Bhaiyyasaheb Patil Shri,2023-08-04,,,,Lapsed,,,,,https://sansad.in/getFile/BillsTexts/LSBillTexts/Asintroduced/231 of 2022 (EV) As Introduced84202373835PM.pdf?source=legislation,,
229,"The  Dalit, Backward and Oppressed Youth (Development and Welfare) Bill, 2022.",2022,Private Member,Financial Bill,SOCIAL JUSTICE AND EMPOWERMENT,Lok Sabha,Janardan Singh Sigriwal Shri,2023-08-04,,,,Lapsed,,,,,https://sansad.in/getFile/BillsTexts/LSBillTexts/Asintroduced/229 of 2022 (EV) As Introduced84202374929PM.pdf?source=legislation,,
228,"The Census (Amendment) Bill, 2022 (Substitution of new section for section 3)",2022,Private Member,Ordinary Bill,HOME AFFAIRS,Lok Sabha,Supriya Sadanand Sule Smt.,2023-08-04,,,,Lapsed,,,,,https://sansad.in/getFile/BillsTexts/LSBillTexts/Asintroduced/228 of 2022 as introduced census84202380637PM.pdf?source=legislation,,
227,"The Constitution (Amendment) Bill, 2022 (Amendment of article 58).",2022,Private Member,Ordinary Bill,LAW AND JUSTICE,Lok Sabha,P.P. Chaudhary Shri,2023-08-04,,,,Lapsed,,,,,https://sansad.in/getFile/BillsTexts/LSBillTexts/Asintroduced/227 of 2022 (EV) As Introduced84202373751PM.pdf?source=legislation,,
226,"The Constitution (Scheduled Castes) Order (Amendment) Bill, 2022 (Omission of paragraph 3).",2022,Private Member,Ordinary Bill,SOCIAL JUSTICE AND EMPOWERMENT,Lok Sabha,Abdul Khaleque  Shri,2023-08-04,,,,Lapsed,,,,,https://sansad.in/getFile/BillsTexts/LSBillTexts/Asintroduced/226 of 2022 (AS)84202374010PM.pdf?source=legislation,,
224,"The Companies (Amendment) Bill, 2022 (Amendment of section 135).",2022,Private Member,Ordinary Bill,CORPORATE AFFAIRS,Lok Sabha,Krishnapal Singh Yadav Dr.,2023-08-04,,,,Lapsed,,,,,https://sansad.in/getFile/BillsTexts/LSBillTexts/Asintroduced/224 of 2022 (EV) As Introduced84202374156PM.pdf?source=legislation,,
223,"The Compulsory Teaching and Practice of Bhagavad Gita in Educational Institutions Bill, 2022.",2022,Private Member,Financial Bill,EDUCATION,Lok Sabha,Bhola Singh Shri,2023-08-04,,,,Lapsed,,,,,https://sansad.in/getFile/BillsTexts/LSBillTexts/Asintroduced/223 of 2022 as882023113616AM.pdf?source=legislation,,
222,"The Tour Operators and Travel Agents (Regulation) Bill, 2022.",2022,Private Member,Ordinary Bill,TOURISM,Lok Sabha,Janardan Singh Sigriwal Shri,2023-08-04,,,,Lapsed,,,,,https://sansad.in/getFile/BillsTexts/LSBillTexts/Asintroduced/222 of 2022 (EV) As Introduced84202375000PM.pdf?source=legislation,,
216,"The Sculptors, Artists and Artisans of Rural Areas Upliftment Council Bill, 2022.",2022,Private Member,Financial Bill,RURAL DEVELOPMENT,Lok Sabha,Shrirang Appa Barne Shri,2023-08-04,,,,Lapsed,,,,,https://sansad.in/getFile/BillsTexts/LSBillTexts/Asintroduced/216 of 2022 as84202375733PM.pdf?source=legislation,,
208,"The Victims of Acid Attack, their Rehabilitation Support and Healthcare Bill, 2022.",2022,Private Member,Financial Bill,HOME AFFAIRS,Lok Sabha,Dileshwar Kamait Shri,2023-08-04,,,,Lapsed,,,,,https://sansad.in/getFile/BillsTexts/LSBillTexts/Asintroduced/208 OF 2022 AS INTRO84202385426PM.pdf?source=legislation,,
203,"The Terminated Employees (Welfare) Bill, 2022.",2022,Private Member,Financial Bill,LABOUR,Lok Sabha,Dileshwar Kamait Shri,2023-08-04,,,,Lapsed,,,,,https://sansad.in/getFile/BillsTexts/LSBillTexts/Asintroduced/203 OF 2022 AS INTRO84202385449PM.pdf?source=legislation,,
202,"The Chilli (Promotion and Development) Bill, 2022.",2022,Private Member,Financial Bill,COMMERCE AND INDUSTRY,Lok Sabha,Sri Krishna Devarayalu Lavu Shri,2023-08-04,,,,Lapsed,,,,,https://sansad.in/getFile/BillsTexts/LSBillTexts/Asintroduced/202 of 2022 as intro84202385340PM.pdf?source=legislation,,
199,"The Nursing Services (Regularisation of Service and Welfare) Bill, 2022.",2022,Private Member,Financial Bill,HEALTH AND FAMILY WELFARE,Lok Sabha,Ritesh Pandey Shri,2023-08-04,,,,Lapsed,,,,,https://sansad.in/getFile/BillsTexts/LSBillTexts/Asintroduced/199 of 2022 as intro84202385303PM.pdf?source=legislation,,
198,"The National Green Tribunal (Amendment) Bill, 2022 (Amendment of section 15, etc.)",2022,Private Member,Financial Bill,ENVIRONMENT AND FORESTS,Lok Sabha,E. T. Mohammed Basheer Shri,2023-08-04,,,,Lapsed,,,,,https://sansad.in/getFile/BillsTexts/LSBillTexts/Asintroduced/198 OF 2022 AS INTRO84202385537PM.pdf?source=legislation,,
195,"The Victims of Accident (Equal Compensation) Bill, 2022.",2022,Private Member,Financial Bill,ROAD TRANSPORT AND HIGHWAYS,Lok Sabha,Sunil Kumar Singh Shri,2023-08-04,,,,Lapsed,,,,,https://sansad.in/getFile/BillsTexts/LSBillTexts/Asintroduced/195 of 2022 as84202385017PM.pdf?source=legislation,,
190,"The Food Safety and Standards (Amendment) Bill, 2022 (Amendment of section 3, etc.).",2022,Private Member,Financial Bill,FINANCE,Lok Sabha,"DNV Senthilkumar S, Dr.",2023-08-04,,,,Lapsed,,,,,https://sansad.in/getFile/BillsTexts/LSBillTexts/Asintroduced/190 OF 2022 AS84202384815PM.pdf?source=legislation,,
163,"The Wind Turbine and Solar Energy Waste (Handling, Disposal and Recycling) Bill, 2022.",2022,Private Member,Financial Bill,NON-CONVENTIONAL ENERGY SOURCES,Lok Sabha,Poonamben Hematbhai Maadam Smt.,2023-08-04,,,,Lapsed,,,,,https://sansad.in/getFile/BillsTexts/LSBillTexts/Asintroduced/163 of 2022 as intro84202385216PM.pdf?source=legislation,,
157,"The Constitution (Schedule Tribes) Order (Amendment) Bill, 2022 (Amendment of the Schedule).",2022,Private Member,Financial Bill,TRIBAL AFFAIRS,Lok Sabha,"DNV Senthilkumar S, Dr.",2023-08-04,,,,Lapsed,,,,,https://sansad.in/getFile/BillsTexts/LSBillTexts/Asintroduced/157 of 2022 to be84202385152PM.pdf?source=legislation,,
13,"The Criminal Law (Amendment) Bill, 2022 (Amendment of section 124A, etc.).",2022,Private Member,Ordinary Bill,HOME AFFAIRS,Lok Sabha,Srinivas Kesineni Shri,2023-08-04,,,,Lapsed,,,,,https://sansad.in/getFile/BillsTexts/LSBillTexts/Asintroduced/13 of 2022 AS INTRODUCED84202371245PM.pdf?source=legislation,,
129,"The Railways (Amendment) Bill, 2022 (Insertion of new section 24A).",2022,Private Member,Financial Bill,RAILWAYS,Lok Sabha,Alok Kumar Suman Dr.,2023-08-04,,,,Lapsed,,,,,https://sansad.in/getFile/BillsTexts/LSBillTexts/Asintroduced/129 of 2022 as introduced84202385107PM.pdf?source=legislation,,
119,"The Motor Vehicles (Amendment) Bill, 2022 (Amendment of section 2, etc.).",2022,Private Member,Financial Bill,ROAD TRANSPORT AND HIGHWAYS,Lok Sabha,Jagdambika Pal  Shri,2023-08-04,,,,Lapsed,,,,,https://sansad.in/getFile/BillsTexts/LSBillTexts/Asintroduced/119 of 2022(E84202371347PM.V) As intro.pdf?source=legislation,,
117,"The High Courts (Use of Official Language) Bill, 2022.",2022,Private Member,Financial Bill,HOME AFFAIRS,Lok Sabha,Sunil Kumar Singh Shri,2023-08-04,,,,Lapsed,,,,,https://sansad.in/getFile/BillsTexts/LSBillTexts/Asintroduced/117 of 2022 As84202385041PM.pdf?source=legislation,,
99,"The Healthcare Personnel and healthcare Institutions (Prohibition of Violence and Damage to Property) Bill, 2023",2023,Private Member,Ordinary Bill,HEALTH AND FAMILY WELFARE,Lok Sabha,Shashi Tharoor Dr.,2023-08-04,,,,Lapsed,,,,,https://sansad.in/getFile/BillsTexts/LSBillTexts/Asintroduced/99 of 2023 AS84202371745PM.pdf?source=legislation,,
98,"The Healthcare Service Providers and Facilities (Prevention of Violence and Damage to Property) Bill, 2023",2023,Private Member,Financial Bill,HEALTH AND FAMILY WELFARE,Lok Sabha,Mohammad Jawed Dr.,2023-08-04,,,,Lapsed,,,,,https://sansad.in/getFile/BillsTexts/LSBillTexts/Asintroduced/98 of 2023 as intro84202371813PM.pdf?source=legislation,,
94,"The Hindu Succession (Amendment) Bill, 2023 (Amendment of section 2, etc.)",2023,Private Member,Ordinary Bill,LAW AND JUSTICE,Lok Sabha,Gautham Sigamani Pon Dr.,2023-08-04,,,,Lapsed,,,,,https://sansad.in/getFile/BillsTexts/LSBillTexts/Asintroduced/94 of 2023 AS84202371653PM.pdf?source=legislation,,
9,"The Private Coaching Centres Regulatory Board Bill, 2023.",2023,Private Member,Financial Bill,EDUCATION,Lok Sabha,Saikia Dilip Shri,2023-08-04,,,,Lapsed,,,,,https://sansad.in/getFile/BillsTexts/LSBillTexts/Asintroduced/9 of 2023 As Bill No84202373427PM.pdf?source=legislation,,
87,"The Rights of Persons with Disabilities (Amendment) Bill, 2023 (Amendment of section 2, etc.)",2023,Private Member,Financial Bill,SOCIAL JUSTICE AND EMPOWERMENT,Lok Sabha,Thomas Chazhikadan Shri,2023-08-04,,,,Lapsed,,,,,https://sansad.in/getFile/BillsTexts/LSBillTexts/Asintroduced/87 of 2023 AS84202371906PM.pdf?source=legislation,,
86,"The Pingali Venkayya National Urban Employment Guarantee Bill, 2023",2023,Private Member,Financial Bill,Housing and Urban Affairs,Lok Sabha,Talari Rangaiah Dr.,2023-08-04,,,,Lapsed,,,,,https://sansad.in/getFile/BillsTexts/LSBillTexts/Asintroduced/86 of 2023 as intro84202371930PM.pdf?source=legislation,,
85,"The Criminal Law (Amendment) Bill, 2023 (Amendment of section 99, etc.)",2023,Private Member,Ordinary Bill,HOME AFFAIRS,Lok Sabha,Abdul Khaleque  Shri,2023-08-04,,,,Lapsed,,,,,https://sansad.in/getFile/BillsTexts/LSBillTexts/Asintroduced/85 of 2023 as intro84202371957PM.pdf?source=legislation,,
84,"The Compulsory Teaching of Lifestyle for Environment Bill, 2023",2023,Private Member,Financial Bill,EDUCATION,Lok Sabha,Manoj Rajoria Dr.,2023-08-04,,,,Lapsed,,,,,https://sansad.in/getFile/BillsTexts/LSBillTexts/Asintroduced/84 of 2023 as882023113531AM.pdf?source=legislation,,
78,"The Code on Social Security (Amendment) Bill, 2023 (Amendment of section 15, etc.)",2023,Private Member,Financial Bill,LABOUR,Lok Sabha,Unmesh Bhaiyyasaheb Patil Shri,2023-08-04,,,,Lapsed,,,,,https://sansad.in/getFile/BillsTexts/LSBillTexts/Asintroduced/78 of 2023 as intro84202372115PM.pdf?source=legislation,,
77,"The Small Land Holding Farmers (Protection and Welfare) Bill, 2023",2023,Private Member,Financial Bill,AGRICULTURE & FARMERS WELFARE,Lok Sabha,Ganesan Selvam Shri,2023-08-04,,,,Lapsed,,,,,https://sansad.in/getFile/BillsTexts/LSBillTexts/Asintroduced/77 OF 2023 AS INTRO104202331737PM.pdf?source=legislation,,
76,"The Prevention and Control of Infectious and Contagious Diseases in Animals (Amendment) Bill, 2023 (Insertion of new sections 19A and 19B)",2023,Private Member,Financial Bill,"fisheries, animal husbandry and dairying",Lok Sabha,Manoj Rajoria Dr.,2023-08-04,,,,Lapsed,,,,,https://sansad.in/getFile/BillsTexts/LSBillTexts/Asintroduced/76 OF 2023 AS INTRO84202372244PM.pdf?source=legislation,,
73,"The Andaman and Nicobar Islands (Right to Health) Bill, 2023",2023,Private Member,Financial Bill,HEALTH AND FAMILY WELFARE,Lok Sabha,Kuldeep Rai Sharma Shri,2023-08-04,,,,Lapsed,,,,,https://sansad.in/getFile/BillsTexts/LSBillTexts/Asintroduced/73 of 2023 as intro84202372221PM.pdf?source=legislation,,
72,"The Welfare of shopkeepers in Andaman and Nicobar Islands Bill, 2023",2023,Private Member,Financial Bill,COMMERCE AND INDUSTRY,Lok Sabha,Kuldeep Rai Sharma Shri,2023-08-04,,,,Lapsed,,,,,https://sansad.in/getFile/BillsTexts/LSBillTexts/Asintroduced/72 of 2023 as intro84202372159PM.pdf?source=legislation,,
70,"The Anganwadi Workers of Andaman and Nicobar Islands (Regularization of Service and Welfare) Bill, 2023",2023,Private Member,Financial Bill,WOMEN AND CHILD DEVELOPMENT,Lok Sabha,Kuldeep Rai Sharma Shri,2023-08-04,,,,Lapsed,,,,,https://sansad.in/getFile/BillsTexts/LSBillTexts/Asintroduced/70 of 2023 as intro84202372136PM.pdf?source=legislation,,
63,"The High Court of Kerala (Establishment of a Permanent Bench at Thiruvananthapuram) Bill, 2023",2023,Private Member,Ordinary Bill,LAW AND JUSTICE,Lok Sabha,Shashi Tharoor Dr.,2023-08-04,,,,Lapsed,,,,,https://sansad.in/getFile/BillsTexts/LSBillTexts/Asintroduced/63 OF 2023 AS INTRO84202372331PM.pdf?source=legislation,,
61,"The Government Servants (Regulation of Services) Bill, 2023",2023,Private Member,Financial Bill,"PERSONNEL,  PUBLIC  GRIEVANCES  AND  PENSIONS",Lok Sabha,Omprakash Bhupalsingh alias Pavan Rajenimbalkar Shri,2023-08-04,,,,Lapsed,,,,,https://sansad.in/getFile/BillsTexts/LSBillTexts/Asintroduced/61 of 2023 as intro84202372420PM.pdf?source=legislation,,
59,"The Judicial Accountability Bill, 2023",2023,Private Member,Financial Bill,LAW AND JUSTICE,Lok Sabha,Sudheer Gupta Shri,2023-08-04,,,,Lapsed,,,,,https://sansad.in/getFile/BillsTexts/LSBillTexts/Asintroduced/59 of 2023 as intro84202372846PM.pdf?source=legislation,,
58,"The Handloom Weavers and Workers (Welfare) Authority Bill, 2023",2023,Private Member,Financial Bill,TEXTILES,Lok Sabha,Sanjeev Kumar Singari Dr.,2023-08-04,,,,Lapsed,,,,,https://sansad.in/getFile/BillsTexts/LSBillTexts/Asintroduced/58 of 2023 as intro84202372758PM.pdf?source=legislation,,
53,"The Salt Workers Welfare Bill, 2023",2023,Private Member,Financial Bill,COMMERCE AND INDUSTRY,Lok Sabha,"Shewale, Shri Rahul Ramesh",2023-08-04,,,,Lapsed,,,,,https://sansad.in/getFile/BillsTexts/LSBillTexts/Asintroduced/53 of 2023 as intro84202372946PM.pdf?source=legislation,,
52,"The Code of Criminal Procedure (Amendment) Bill, 2023 (Amendment of sections 267 and 273)",2023,Private Member,Ordinary Bill,HOME AFFAIRS,Lok Sabha,Parvesh Sahib Singh Shri,2023-08-04,,,,Lapsed,,,,,https://sansad.in/getFile/BillsTexts/LSBillTexts/Asintroduced/52 OF 2023 AS INTRO84202372907PM.pdf?source=legislation,,
49,"The Information Technology (Amendment) Bill, 2023 (Amendment of section 2, etc.)",2023,Private Member,Ordinary Bill,ELECTRONICS AND INFORMATION TECHNOLOGY,Lok Sabha,Dean Kuriakose Adv.,2023-08-04,,,,Lapsed,,,,,https://sansad.in/getFile/BillsTexts/LSBillTexts/Asintroduced/49 of 2023 (EV) As Introduced84202373142PM.pdf?source=legislation,,
48,"The Central Sanskrit Universities (Amendment) Bill, 2023 (Amendment of the First Schedule)",2023,Private Member,Financial Bill,EDUCATION,Lok Sabha,Ravi Kishan Shukla Shri,2023-08-04,,,,Lapsed,,,,,https://sansad.in/getFile/BillsTexts/LSBillTexts/Asintroduced/48 OF 2023 AS INTRO84202372526PM.pdf?source=legislation,,
47,"The Prohibition of Fake News on Social Media Bill, 2023",2023,Private Member,Financial Bill,INFORMATION AND BROADCASTING,Lok Sabha,Manoj Kishorbhai Kotak Shri,2023-08-04,,,,Lapsed,,,,,https://sansad.in/getFile/BillsTexts/LSBillTexts/Asintroduced/47 OF 2023 AS INTRO84202372634PM.pdf?source=legislation,,
46,"The Compulsory Teaching of ill Effects of Drugs Addiction in Schools Bill, 2023",2023,Private Member,Financial Bill,EDUCATION,Lok Sabha,Saikia Dilip Shri,2023-08-04,,,,Lapsed,,,,,https://sansad.in/getFile/BillsTexts/LSBillTexts/Asintroduced/46 of 2023 AS84202372717PM.pdf?source=legislation,,
44,"The Representation of the People (Amendment) Bill, 2023 (Amendment of section 20A)",2023,Private Member,Financial Bill,LAW AND JUSTICE,Lok Sabha,Karti P. Chidambaram Shri,2023-08-04,,,,Lapsed,,,,,https://sansad.in/getFile/BillsTexts/LSBillTexts/Asintroduced/44 of 2023 as intro84202372826PM.pdf?source=legislation,,
42,"The Wild Life (Protection) Amendment Bill, 2023 (Amendment of section 2, etc.)",2023,Private Member,Ordinary Bill,ENVIRONMENT AND FORESTS,Lok Sabha,Dean Kuriakose Adv.,2023-08-04,,,,Lapsed,,,,,https://sansad.in/getFile/BillsTexts/LSBillTexts/Asintroduced/42 OF 2023 AS INTRO84202373101PM.pdf?source=legislation,,
41,"The Compulsory Yoga Practice in Schools and Other Education Institutions Bill, 2023",2023,Private Member,Financial Bill,EDUCATION,Lok Sabha,Sukanta Majumdar Dr.,2023-08-04,,,,Lapsed,,,,,https://sansad.in/getFile/BillsTexts/LSBillTexts/Asintroduced/41 of 2023 (EV) As Introduced84202373207PM.pdf?source=legislation,,
4,"The Right to Information (Amendment) Bill, 2023 (Amendment of section 2, etc.).",2023,Private Member,Ordinary Bill,"PERSONNEL,  PUBLIC  GRIEVANCES  AND  PENSIONS",Lok Sabha,Jagdambika Pal  Shri,2023-08-04,,,,Lapsed,,,,,https://sansad.in/getFile/BillsTexts/LSBillTexts/Asintroduced/4 of 2023 (E84202374441PM.V.) (As Intro.).pdf?source=legislation,,
39,"The Criminal Law (Amendment) Bill, 2023 (Insertion of new section 52B, etc.)",2023,Private Member,Ordinary Bill,HOME AFFAIRS,Lok Sabha,Nishikant  Dubey Dr.,2023-08-04,,,,Lapsed,,,,,https://sansad.in/getFile/BillsTexts/LSBillTexts/Asintroduced/39 OF 2023 AS INTRO84202373251PM.pdf?source=legislation,,
37,"The Waste (Disposal and Management) Bill, 2023",2023,Private Member,Financial Bill,Housing and Urban Affairs,Lok Sabha,Manoj Kishorbhai Kotak Shri,2023-08-04,,,,Lapsed,,,,,https://sansad.in/getFile/BillsTexts/LSBillTexts/Asintroduced/37 of 2023 EV As Int84202372605PM.pdf?source=legislation,,
36,"The Citizenship (Amendment) Bill, 2023 (Amendment of section 18)",2023,Private Member,Ordinary Bill,HOME AFFAIRS,Lok Sabha,V.K. Sreekandan Shri,2023-08-04,,,,Lapsed,,,,,https://sansad.in/getFile/BillsTexts/LSBillTexts/Asintroduced/36 OF 2023 AS INTRO84202372355PM.pdf?source=legislation,,
35,"The Hindu Succession (Amendment) Bill, 2023 (Amendment of sections 15 and 16)",2023,Private Member,Ordinary Bill,LAW AND JUSTICE,Lok Sabha,V.K. Sreekandan Shri,2023-08-04,,,,Lapsed,,,,,https://sansad.in/getFile/BillsTexts/LSBillTexts/Asintroduced/35 of 2023 as intro84202385906PM.pdf?source=legislation,,
34,"The Compulsory Teaching of Moral Ethics in Educational Institutions Bill, 2023",2023,Private Member,Financial Bill,EDUCATION,Lok Sabha,Ravi Kishan Shukla Shri,2023-08-04,,,,Lapsed,,,,,https://sansad.in/getFile/BillsTexts/LSBillTexts/Asintroduced/34 of 2023 as intro84202372546PM.pdf?source=legislation,,
33,"The Urban Areas (Development and Regulation) Bill, 2023",2023,Private Member,Financial Bill,Housing and Urban Affairs,Lok Sabha,Manoj Kishorbhai Kotak Shri,2023-08-04,,,,Lapsed,,,,,https://sansad.in/getFile/BillsTexts/LSBillTexts/Asintroduced/33 of 2023 as intro84202372657PM.pdf?source=legislation,,
32,"The Constitution (Scheduled Tribes) Order (Amendment) Bill, 2023 (Amendment of the Schedule)",2023,Private Member,Financial Bill,TRIBAL AFFAIRS,Lok Sabha,C.N. Annadurai Shri,2023-08-04,,,,Lapsed,,,,,https://sansad.in/getFile/BillsTexts/LSBillTexts/Asintroduced/32 of 2023 as intro84202372735PM.pdf?source=legislation,,
31,"The Human Trafficking (Prevention and Control) Bill, 2023",2023,Private Member,Financial Bill,HOME AFFAIRS,Lok Sabha,Bhola Singh Shri,2023-08-04,,,,Lapsed,,,,,https://sansad.in/getFile/BillsTexts/LSBillTexts/Asintroduced/31 OF 2023 AS INTRO84202372928PM.pdf?source=legislation,,
30,"The Narcotic Drugs and Psychotropic Substances (Amendment) Bill, 2023 (Amendment of section 31A)",2023,Private Member,Ordinary Bill,FINANCE,Lok Sabha,Vishnu Dayal Ram Shri,2023-08-04,,,,Lapsed,,,,,https://sansad.in/getFile/BillsTexts/LSBillTexts/Asintroduced/30 of 2023 (EV) As Introduced84202373010PM.pdf?source=legislation,,
3,"The Institute of Teaching and Research in Ayurveda (Amendment) Bill, 2023 (Amendment of Long Title, etc.).",2023,Private Member,Financial Bill,"AYUSH (Ayurveda,  Yoga and Naturopathy,  Unani, Siddha and Homoeopathy",Lok Sabha,M. K. Raghavan Shri,2023-08-04,,,,Lapsed,,,,,https://sansad.in/getFile/BillsTexts/LSBillTexts/Asintroduced/3 of 2023 (EV) As Introduced84202385722PM.pdf?source=legislation,,
29,"The Mahatma Gandhi National Rural Employment Guarantee (Amendment) Bill, 2023 (Amendment of section 22, etc.)",2023,Private Member,Ordinary Bill,RURAL DEVELOPMENT,Lok Sabha,Dean Kuriakose Adv.,2023-08-04,,,,Lapsed,,,,,https://sansad.in/getFile/BillsTexts/LSBillTexts/Asintroduced/29 of 2023 (EV) As Introduced84202373122PM.pdf?source=legislation,,
28,"The Traditional Fishermen (Protection and Welfare) Bill, 2023",2023,Private Member,Financial Bill,"fisheries, animal husbandry and dairying",Lok Sabha,Ravi Kishan Shukla Shri,2023-08-04,,,,Lapsed,,,,,https://sansad.in/getFile/BillsTexts/LSBillTexts/Asintroduced/28 OF 2023 AS INTRO84202372506PM.pdf?source=legislation,,
27,"The Central Educational Institutions (Reservation in Admission) Amendment Bill, 2023 (Amendment of sections 2 and 3)",2023,Private Member,Ordinary Bill,EDUCATION,Lok Sabha,Nishikant  Dubey Dr.,2023-08-04,,,,Lapsed,,,,,https://sansad.in/getFile/BillsTexts/LSBillTexts/Asintroduced/27 of 2023 as intro84202373039PM.pdf?source=legislation,,
26,"The Epidemic Diseases (Amendment) Bill, 2023 (Amendment of section 1A, etc.)",2023,Private Member,Financial Bill,HEALTH AND FAMILY WELFARE,Lok Sabha,Nishikant  Dubey Dr.,2023-08-04,,,,Lapsed,,,,,https://sansad.in/getFile/BillsTexts/LSBillTexts/Asintroduced/26 OF 2023 AS INTRO84202373228PM.pdf?source=legislation,,
23,"The Constitution (Amendment) Bill, 2023 (Amendment of article 312).",2023,Private Member,Ordinary Bill,HEALTH AND FAMILY WELFARE,Lok Sabha,Sanjeev Kumar Singari Dr.,2023-08-04,,,,Lapsed,,,,,https://sansad.in/getFile/BillsTexts/LSBillTexts/Asintroduced/23 of 2023 as introd84202373402PM.pdf?source=legislation,,
22,"The Constitution (Amendment) Bill, 2023 (Insertion of new article 48B).",2023,Private Member,Ordinary Bill,ENVIRONMENT AND FORESTS,Lok Sabha,Sunita Duggal Smt.,2023-08-04,,,,Lapsed,,,,,https://sansad.in/getFile/BillsTexts/LSBillTexts/Asintroduced/22 of 2023 (EV) As Bill No84202373532PM.pdf?source=legislation,,
21,"The Constitution (Amendment) Bill, 2023 (Amendment of article 214).",2023,Private Member,Ordinary Bill,LAW AND JUSTICE,Lok Sabha,Gopal Chinayya Shetty Shri,2023-08-04,,,,Lapsed,,,,,https://sansad.in/getFile/BillsTexts/LSBillTexts/Asintroduced/21 of 2023  as introduced84202373446PM.pdf?source=legislation,,
20,"The Andhra Pradesh Reorganisation (Amendment) Bill, 2023 (Insertion of new Part XA)",2023,Private Member,Financial Bill,HOME AFFAIRS,Lok Sabha,Bharat Ram Margani Shri,2023-08-04,,,,Lapsed,,,,,https://sansad.in/getFile/BillsTexts/LSBillTexts/Asintroduced/20 of 2023 as84202384925PM.pdf?source=legislation,,
2,"The Chit Funds (Amendment) Bill, 2023 (Amendment of sections 2 and 4)",2023,Private Member,Ordinary Bill,FINANCE,Lok Sabha,Sukanta Majumdar Dr.,2023-08-04,,,,Lapsed,,,,,https://sansad.in/getFile/BillsTexts/LSBillTexts/Asintroduced/2 of 2023 (EV) As Introduced84202373313PM.pdf?source=legislation,,
15,"The Code of Criminal Procedure (Amendment) Bill, 2023 (Amendment of section 2, etc.)",2023,Private Member,Financial Bill,HOME AFFAIRS,Lok Sabha,Mohammad Jawed Dr.,2023-08-04,,,,Lapsed,,,,,https://sansad.in/getFile/BillsTexts/LSBillTexts/Asintroduced/15 OF 2023 AS INTRO84202385511PM.pdf?source=legislation,,
14,"The Maintenance and Welfare  of  Parents and  Senior Citizens (Amendment) Bill, 2023  (Amendment of  section 19, etc.)",2023,Private Member,Financial Bill,SOCIAL JUSTICE AND EMPOWERMENT,Lok Sabha,Gopal Chinayya Shetty Shri,2023-08-04,,,,Lapsed,,,,,https://sansad.in/getFile/BillsTexts/LSBillTexts/Asintroduced/14 of 2023 as introduced84202373506PM.pdf?source=legislation,,
13,"The Emigration (Amendment) Bill, 2023  (Insertion of  new Chapter IIA, etc.)",2023,Private Member,Financial Bill,EXTERNAL AFFAIRS,Lok Sabha,Veeraswamy Kalanidhi Dr.,2023-08-04,,,,Lapsed,,,,,https://sansad.in/getFile/BillsTexts/LSBillTexts/Asintroduced/13 of 2023 as introduced84202373557PM.pdf?source=legislation,,
12,"The Rights of Persons with Disabilities (Amendment) Bill, 2023 (Amendment of section 2, etc.)",2023,Private Member,Financial Bill,SOCIAL JUSTICE AND EMPOWERMENT,Lok Sabha,Sanjeev Kumar Singari Dr.,2023-08-04,,,,Lapsed,,,,,https://sansad.in/getFile/BillsTexts/LSBillTexts/Asintroduced/12 of 2023 As Bill No84202373341PM.pdf?source=legislation,,
115,"THE ANUSANDHAN NATIONAL RESEARCH FOUNDATION BILL, 2023",2023,Government,Financial Bill,SCIENCE AND TECHNOLOGY AND EARTH SCIENCES,Lok Sabha,,2023-08-04,2023-08-07,2023-08-09,12/08/2023,Assented,,,25,2023,https://sansad.in/getFile/BillsTexts/LSBillTexts/Asintroduced/115_2023_LS_ENG (2)842023123422PM.pdf?source=legislation,,
115,"THE ANUSANDHAN NATIONAL RESEARCH FOUNDATION BILL, 2023",2023,Government,Financial Bill,SCIENCE AND TECHNOLOGY AND EARTH SCIENCES,Lok Sabha,,2023-08-04,2023-08-07,2023-08-09,12/08/2023,Passed,,,25,2023,https://sansad.in/getFile/BillsTexts/LSBillTexts/Asintroduced/115_2023_LS_ENG (2)842023123422PM.pdf?source=legislation,,
110,"The Indian Telecom Privacy and Security) Bill, 2023",2023,Private Member,Financial Bill,COMMUNICATIONS AND INFORMATION TECHNOLOGY,Lok Sabha,Ritesh Pandey Shri,2023-08-04,,,,Lapsed,,,,,https://sansad.in/getFile/BillsTexts/LSBillTexts/Asintroduced/110 of 2023  as intro84202371714PM.pdf?source=legislation,,
11,"The Man-Animal Conflicts Prevention Board Bill, 2023.",2023,Private Member,Financial Bill,ENVIRONMENT AND FORESTS,Lok Sabha,V.K. Sreekandan Shri,2023-08-04,,,,Lapsed,,,,,https://sansad.in/getFile/BillsTexts/LSBillTexts/Asintroduced/11 of 2023 as intro84202385239PM.pdf?source=legislation,,
108,"The Pokkali Farming (Protection, Enrichment and Welfare) Bill, 2023",2023,Private Member,Financial Bill,AGRICULTURE & FARMERS WELFARE,Lok Sabha,Hibi Eden Shri,2023-08-04,,,,Lapsed,,,,,https://sansad.in/getFile/BillsTexts/LSBillTexts/Asintroduced/108 of 2023 AS84202372049PM.pdf?source=legislation,,
105,"The Healthcare Professionals (Protection from Violence and Harassment) Bill, 2023",2023,Private Member,Financial Bill,HEALTH AND FAMILY WELFARE,Lok Sabha,Hibi Eden Shri,2023-08-04,,,,Lapsed,,,,,https://sansad.in/getFile/BillsTexts/LSBillTexts/Asintroduced/105 of 2023 as intro84202372022PM.pdf?source=legislation,,
103,"The Coal Bearing Areas (Acquisition and Development) Amendment Bill, 2023 (Insertion of new section 4A)",2023,Private Member,Ordinary Bill,COAL,Lok Sabha,Gautham Sigamani Pon Dr.,2023-08-04,,,,Lapsed,,,,,https://sansad.in/getFile/BillsTexts/LSBillTexts/Asintroduced/103 of 2023 as intro84202371633PM.pdf?source=legislation,,
1,"The Supreme Court of India (Establishment of a Permanent Bench at Hyderabad) Bill, 2023.",2023,Private Member,Money Bill,LAW AND JUSTICE,Lok Sabha,Gaddam Ranjith Reddy Dr.,2023-08-04,,,,Lapsed,,,,,https://sansad.in/getFile/BillsTexts/LSBillTexts/Asintroduced/1 of 2023 As introduced (EV)84202380129PM.pdf?source=legislation,,
114,"The Pharmacy (Amendment) Bill, 2023",2023,Government,Ordinary Bill,HEALTH AND FAMILY WELFARE,Lok Sabha,,2023-08-03,2023-08-07,2023-08-10,15/08/2023,Assented,,,29,2023,https://sansad.in/getFile/BillsTexts/LSBillTexts/Asintroduced/114_2023_LS_ENG83202360247PM.pdf?source=legislation,,
114,"The Pharmacy (Amendment) Bill, 2023",2023,Government,Ordinary Bill,HEALTH AND FAMILY WELFARE,Lok Sabha,,2023-08-03,2023-08-07,2023-08-10,15/08/2023,Passed,,,29,2023,https://sansad.in/getFile/BillsTexts/LSBillTexts/Asintroduced/114_2023_LS_ENG83202360247PM.pdf?source=legislation,,
113,"THE DIGITAL PERSONAL DATA PROTECTION BILL, 2023",2023,Government,Financial Bill,ELECTRONICS AND INFORMATION TECHNOLOGY,Lok Sabha,,2023-08-03,2023-08-07,2023-08-09,11/08/2023,Assented,,,22,2023,https://sansad.in/getFile/BillsTexts/LSBillTexts/Asintroduced/113_2023_LS_Eng83202330313PM.pdf?source=legislation,,
113,"THE DIGITAL PERSONAL DATA PROTECTION BILL, 2023",2023,Government,Financial Bill,ELECTRONICS AND INFORMATION TECHNOLOGY,Lok Sabha,,2023-08-03,2023-08-07,2023-08-09,11/08/2023,Passed,,,22,2023,https://sansad.in/getFile/BillsTexts/LSBillTexts/Asintroduced/113_2023_LS_Eng83202330313PM.pdf?source=legislation,,
LIV,"The Advocates (Amendment) Bill, 2023",2023,Government,Ordinary Bill,LAW AND JUSTICE,Rajya Sabha,,2023-08-01,2023-12-04,2023-08-03,08/12/2023,Assented,,,33,2023,https://sansad.in/getFile/BillsTexts/RSBillTexts/Asintroduced/advocates amend-E81202364241PM.pdf?source=legislation,,
LIV,"The Advocates (Amendment) Bill, 2023",2023,Government,Ordinary Bill,LAW AND JUSTICE,Rajya Sabha,,2023-08-01,2023-12-04,2023-08-03,08/12/2023,Passed,,,33,2023,https://sansad.in/getFile/BillsTexts/RSBillTexts/Asintroduced/advocates amend-E81202364241PM.pdf?source=legislation,,
LIII,"The Press and Registration of Periodicals Bill, 2023",2023,Government,Ordinary Bill,INFORMATION AND BROADCASTING,Rajya Sabha,,2023-08-01,2023-12-21,2023-08-03,28/12/2023,Assented,,,51,2023,https://sansad.in/getFile/BillsTexts/RSBillTexts/Asintroduced/press and registration-E81202364646PM.pdf?source=legislation,,
LIII,"The Press and Registration of Periodicals Bill, 2023",2023,Government,Ordinary Bill,INFORMATION AND BROADCASTING,Rajya Sabha,,2023-08-01,2023-12-21,2023-08-03,28/12/2023,Passed,,,51,2023,https://sansad.in/getFile/BillsTexts/RSBillTexts/Asintroduced/press and registration-E81202364646PM.pdf?source=legislation,,
112,"THE GOVERNMENT OF NATIONAL CAPITAL TERRITORY OF DELHI (AMENDMENT) BILL, 2023",2023,Government,Ordinary Bill,HOME AFFAIRS,Lok Sabha,,2023-08-01,2023-08-03,2023-08-07,11/08/2023,Assented,,,19,2023,https://sansad.in/getFile/BillsTexts/LSBillTexts/Asintroduced/112_2023_LS_ENG81202323723PM.pdf?source=legislation,,
112,"THE GOVERNMENT OF NATIONAL CAPITAL TERRITORY OF DELHI (AMENDMENT) BILL, 2023",2023,Government,Ordinary Bill,HOME AFFAIRS,Lok Sabha,,2023-08-01,2023-08-03,2023-08-07,11/08/2023,Passed,,,19,2023,https://sansad.in/getFile/BillsTexts/LSBillTexts/Asintroduced/112_2023_LS_ENG81202323723PM.pdf?source=legislation,,
109,"THE INDIAN INSTITUTES OF MANAGEMENT (AMENDMENT) BILL, 2023",2023,Government,Financial Bill,EDUCATION,Lok Sabha,,2023-07-28,2023-08-04,2023-08-08,11/08/2023,Assented,,,23,2023,https://sansad.in/getFile/BillsTexts/LSBillTexts/Asintroduced/109_2023_LS_ENG7282023122037PM.pdf?source=legislation,,
109,"THE INDIAN INSTITUTES OF MANAGEMENT (AMENDMENT) BILL, 2023",2023,Government,Financial Bill,EDUCATION,Lok Sabha,,2023-07-28,2023-08-04,2023-08-08,11/08/2023,Passed,,,23,2023,https://sansad.in/getFile/BillsTexts/LSBillTexts/Asintroduced/109_2023_LS_ENG7282023122037PM.pdf?source=legislation,,
102,"THE OFFSHORE AREAS MINERAL (DEVELOPMENT AND REGULATION) AMENDMENT BILL, 2023",2023,Government,Financial Bill,MINES,Lok Sabha,,2023-07-27,2023-08-01,2023-08-03,10/08/2023,Assented,,,17,2023,https://sansad.in/getFile/BillsTexts/LSBillTexts/Asintroduced/102_2023_LS_ENG727202321507PM.pdf?source=legislation,,
102,"THE OFFSHORE AREAS MINERAL (DEVELOPMENT AND REGULATION) AMENDMENT BILL, 2023",2023,Government,Financial Bill,MINES,Lok Sabha,,2023-07-27,2023-08-01,2023-08-03,10/08/2023,Passed,,,17,2023,https://sansad.in/getFile/BillsTexts/LSBillTexts/Asintroduced/102_2023_LS_ENG727202321507PM.pdf?source=legislation,,
93,"THE REGISTRATION OF BIRTHS AND DEATHS (AMENDMENT) BILL, 2023",2023,Government,Ordinary Bill,HOME AFFAIRS,Lok Sabha,,2023-07-26,2023-08-01,2023-08-07,11/08/2023,Assented,,,20,2023,https://sansad.in/getFile/BillsTexts/LSBillTexts/Asintroduced/93_2023_LS_ENG726202314647PM.pdf?source=legislation,,
93,"THE REGISTRATION OF BIRTHS AND DEATHS (AMENDMENT) BILL, 2023",2023,Government,Ordinary Bill,HOME AFFAIRS,Lok Sabha,,2023-07-26,2023-08-01,2023-08-07,11/08/2023,Passed,,,20,2023,https://sansad.in/getFile/BillsTexts/LSBillTexts/Asintroduced/93_2023_LS_ENG726202314647PM.pdf?source=legislation,,
92,"THE CONSTITUTION (JAMMU AND KASHMIR) SCHEDULED TRIBES ORDER (AMENDMENT) BILL, 2023",2023,Government,Financial Bill,TRIBAL AFFAIRS,Lok Sabha,,2023-07-26,2024-02-06,2024-02-09,12/02/2024,Passed,,,3,2024,https://sansad.in/getFile/BillsTexts/LSBillTexts/Asintroduced/92_2023_LS_ENG726202314630PM.pdf?source=legislation,,
90,"THE JAMMU AND KASHMIR RESERVATION (AMENDMENT) BILL, 2023",2023,Government,Ordinary Bill,HOME AFFAIRS,Lok Sabha,,2023-07-26,2023-12-06,2023-12-11,15/12/2023,Passed,,,34,2023,https://sansad.in/getFile/BillsTexts/LSBillTexts/Asintroduced/90_2023_LS_ENG726202312444PM.pdf?source=legislation,,
18,"THE CONSTITUTION (JAMMU AND KASHMIR) SCHEDULED CASTES ORDER (AMENDMENT) BILL, 2023",2023,Government,Financial Bill,SOCIAL JUSTICE AND EMPOWERMENT,Lok Sabha,,2023-07-26,2024-02-06,2024-02-09,12/02/2024,Passed,,,4,2024,https://sansad.in/getFile/BillsTexts/LSBillTexts/Asintroduced/18_2023_LS_ENG726202312513PM.pdf?source=legislation,,
101,"THE MINES AND MINERALS (DEVELOPMENT AND REGULATION) AMENDMENT BILL, 2023",2023,Government,Ordinary Bill,COAL AND MINES,Lok Sabha,,2023-07-26,2023-07-28,2023-08-02,09/08/2023,Assented,,,16,2023,https://sansad.in/getFile/BillsTexts/LSBillTexts/Asintroduced/101_2023_LS_ENG726202312622PM.pdf?source=legislation,,
101,"THE MINES AND MINERALS (DEVELOPMENT AND REGULATION) AMENDMENT BILL, 2023",2023,Government,Ordinary Bill,COAL AND MINES,Lok Sabha,,2023-07-26,2023-07-28,2023-08-02,09/08/2023,Passed,,,16,2023,https://sansad.in/getFile/BillsTexts/LSBillTexts/Asintroduced/101_2023_LS_ENG726202312622PM.pdf?source=legislation,,
100,"THE JAMMU AND KASHMIR REORGANISATION (AMENDMENT) BILL, 2023",2023,Government,Ordinary Bill,HOME AFFAIRS,Lok Sabha,,2023-07-26,2023-12-06,2023-12-11,15/12/2023,Passed,,,35,2023,https://sansad.in/getFile/BillsTexts/LSBillTexts/Asintroduced/100_2023_LS_ENG726202312419PM.pdf?source=legislation,,
91,"THE CONSTITUTION (SCHEDULED CASTES) ORDER (AMENDMENT) BILL, 2023",2023,Government,Financial Bill,SOCIAL JUSTICE AND EMPOWERMENT,Lok Sabha,,2023-07-24,2023-08-01,2023-08-09,12/08/2023,Assented,,,24,2023,https://sansad.in/getFile/BillsTexts/LSBillTexts/Asintroduced/91_2023_LS_ENG724202314812PM.pdf?source=legislation,,
91,"THE CONSTITUTION (SCHEDULED CASTES) ORDER (AMENDMENT) BILL, 2023",2023,Government,Financial Bill,SOCIAL JUSTICE AND EMPOWERMENT,Lok Sabha,,2023-07-24,2023-08-01,2023-08-09,12/08/2023,Passed,,,24,2023,https://sansad.in/getFile/BillsTexts/LSBillTexts/Asintroduced/91_2023_LS_ENG724202314812PM.pdf?source=legislation,,
83,"THE NATIONAL NURSING AND MIDWIFERY COMMISSION BILL, 2023",2023,Government,Financial Bill,HEALTH AND FAMILY WELFARE,Lok Sabha,,2023-07-24,2023-07-28,2023-08-08,12/08/2023,Assented,,,26,2023,https://sansad.in/getFile/BillsTexts/LSBillTexts/Asintroduced/83_2023_LS_ENG724202314708PM.pdf?source=legislation,,
83,"THE NATIONAL NURSING AND MIDWIFERY COMMISSION BILL, 2023",2023,Government,Financial Bill,HEALTH AND FAMILY WELFARE,Lok Sabha,,2023-07-24,2023-07-28,2023-08-08,12/08/2023,Passed,,,26,2023,https://sansad.in/getFile/BillsTexts/LSBillTexts/Asintroduced/83_2023_LS_ENG724202314708PM.pdf?source=legislation,,
82,"THE NATIONAL DENTAL COMMISSION BILL, 2023",2023,Government,Financial Bill,HEALTH AND FAMILY WELFARE,Lok Sabha,,2023-07-24,2023-07-28,2023-08-08,11/08/2023,Assented,,,21,2023,https://sansad.in/getFile/BillsTexts/LSBillTexts/Asintroduced/82_2023_LS_ENG724202314738PM.pdf?source=legislation,,
82,"THE NATIONAL DENTAL COMMISSION BILL, 2023",2023,Government,Financial Bill,HEALTH AND FAMILY WELFARE,Lok Sabha,,2023-07-24,2023-07-28,2023-08-08,11/08/2023,Passed,,,21,2023,https://sansad.in/getFile/BillsTexts/LSBillTexts/Asintroduced/82_2023_LS_ENG724202314738PM.pdf?source=legislation,,
XLVI,"The Cinematograph (Amendment) Bill, 2023",2023,Government,Ordinary Bill,INFORMATION AND BROADCASTING,Rajya Sabha,,2023-07-20,2023-08-04,2023-07-27,04/08/2023,Assented,,,12,2023,https://sansad.in/getFile/BillsTexts/RSBillTexts/Asintroduced/cinematograph-E7212023121949PM.pdf?source=legislation,,
XLVI,"The Cinematograph (Amendment) Bill, 2023",2023,Government,Ordinary Bill,INFORMATION AND BROADCASTING,Rajya Sabha,,2023-07-20,2023-08-04,2023-07-27,04/08/2023,Passed,,,12,2023,https://sansad.in/getFile/BillsTexts/RSBillTexts/Asintroduced/cinematograph-E7212023121949PM.pdf?source=legislation,,
81,"THE COASTAL AQUACULTURE AUTHORITY (AMENDMENT) BILL, 2023",2023,Government,Ordinary Bill,"fisheries, animal husbandry and dairying",Lok Sabha,,2023-04-05,2023-08-07,2023-08-09,12/08/2023,Assented,,,27,2023,https://sansad.in/getFile/BillsTexts/LSBillTexts/Asintroduced/81_2023_LS_ENG45202321701PM.pdf?source=legislation,,
81,"THE COASTAL AQUACULTURE AUTHORITY (AMENDMENT) BILL, 2023",2023,Government,Ordinary Bill,"fisheries, animal husbandry and dairying",Lok Sabha,,2023-04-05,2023-08-07,2023-08-09,12/08/2023,Passed,,,27,2023,https://sansad.in/getFile/BillsTexts/LSBillTexts/Asintroduced/81_2023_LS_ENG45202321701PM.pdf?source=legislation,,
80,"THE FOREST (CONSERVATION) AMENDMENT BILL, 2023",2023,Government,Ordinary Bill,ENVIRONMENT AND FORESTS,Lok Sabha,,2023-03-29,2023-07-26,2023-08-02,04/08/2023,Assented,,,15,2023,https://sansad.in/getFile/BillsTexts/LSBillTexts/Asintroduced/80_2023_eng_ls64202335043PM.pdf?source=legislation,,
80,"THE FOREST (CONSERVATION) AMENDMENT BILL, 2023",2023,Government,Ordinary Bill,ENVIRONMENT AND FORESTS,Lok Sabha,,2023-03-29,2023-07-26,2023-08-02,04/08/2023,Passed,,,15,2023,https://sansad.in/getFile/BillsTexts/LSBillTexts/Asintroduced/80_2023_eng_ls64202335043PM.pdf?source=legislation,,
64,"The Appropriation Bill, 2023",2023,Government,Money Bill,FINANCE,Lok Sabha,,2023-03-23,2023-03-23,2023-03-27,29/03/2023,Assented,,,,,https://sansad.in/getFile/BillsTexts/LSBillTexts/Asintroduced/64_2023_LS_ENG323202361955PM.pdf?source=legislation,,
67,"THE JAMMU AND KASHMIR APPROPRIATION (No. 2) BILL, 2023",2023,Government,Money Bill,FINANCE,Lok Sabha,,2023-03-21,2023-03-21,2023-03-27,29/03/2023,Assented,,,,,https://sansad.in/getFile/BillsTexts/LSBillTexts/Asintroduced/67_2023_LS_ENG321202324706PM.pdf?source=legislation,,
66,"THE JAMMU AND KASHMIR APPROPRIATION BILL, 2023",2023,Government,Money Bill,FINANCE,Lok Sabha,,2023-03-21,2023-03-21,2023-03-27,29/03/2023,Assented,,,,,https://sansad.in/getFile/BillsTexts/LSBillTexts/Asintroduced/66_2023_LS_ENG321202324656PM.pdf?source=legislation,,
65,"THE APPROPRIATION (NO. 2) BILL, 2023",2023,Government,Money Bill,FINANCE,Lok Sabha,,2023-03-21,2023-03-21,2023-03-27,29/03/2023,Assented,,,,,https://sansad.in/getFile/BillsTexts/LSBillTexts/Asintroduced/65_2023_LS_ENG321202324621PM.pdf?source=legislation,,
62,"The Inter-Services Organisations (Command, Control and Discipline) Bill, 2023",2023,Government,Ordinary Bill,DEFENCE,Lok Sabha,,2023-03-15,2023-08-04,2023-08-08,15/08/2023,Assented,,,28,2023,https://sansad.in/getFile/BillsTexts/LSBillTexts/Asintroduced/62_2023_LS_E315202331238PM.pdf?source=legislation,,
62,"The Inter-Services Organisations (Command, Control and Discipline) Bill, 2023",2023,Government,Ordinary Bill,DEFENCE,Lok Sabha,,2023-03-15,2023-08-04,2023-08-08,15/08/2023,Passed,,,28,2023,https://sansad.in/getFile/BillsTexts/LSBillTexts/Asintroduced/62_2023_LS_E315202331238PM.pdf?source=legislation,,
17,"The Finance Bill, 2023",2023,Government,Money Bill,FINANCE,Lok Sabha,,2023-02-01,2023-03-24,2023-03-27,31/03/2023,Assented,,,,,https://sansad.in/getFile/BillsTexts/LSBillTexts/Asintroduced/Finance Bill E 202321202322742PM.pdf?source=legislation,,
299,"THE JAN VISHWAS (AMENDMENT OF PROVISIONS) BILL, 2022",2022,Government,Financial Bill,COMMERCE AND INDUSTRY,Lok Sabha,,2022-12-22,2023-07-27,2023-08-02,11/08/2023,Assented,,,18,2023,https://sansad.in/getFile/BillsTexts/LSBillTexts/Asintroduced/299_2022_LS_ENG1222202244325PM.pdf?source=legislation,,
299,"THE JAN VISHWAS (AMENDMENT OF PROVISIONS) BILL, 2022",2022,Government,Financial Bill,COMMERCE AND INDUSTRY,Lok Sabha,,2022-12-22,2023-07-27,2023-08-02,11/08/2023,Passed,,,18,2023,https://sansad.in/getFile/BillsTexts/LSBillTexts/Asintroduced/299_2022_LS_ENG1222202244325PM.pdf?source=legislation,,
290,"THE REPEALING AND AMENDING BILL, 2022",2022,Government,Financial Bill,LAW AND JUSTICE,Lok Sabha,,2022-12-19,2023-07-27,2023-12-13,17/12/2023,Passed,,,37,2023,https://sansad.in/getFile/BillsTexts/LSBillTexts/Asintroduced/290_2022_LS_Eng1219202255443PM.pdf?source=legislation,,
246,"THE APPROPRIATION (No. 5) BILL, 2022",2022,Government,Money Bill,FINANCE,Lok Sabha,,2022-12-14,2022-12-14,2022-12-21,24/12/2022,Assented,,,22,2022,https://sansad.in/getFile/BillsTexts/LSBillTexts/Asintroduced/246_2022_LS_Eng1214202240827PM.pdf?source=legislation,,
246,"THE APPROPRIATION (No. 5) BILL, 2022",2022,Government,Money Bill,FINANCE,Lok Sabha,,2022-12-14,2022-12-14,2022-12-21,24/12/2022,Passed,,,22,2022,https://sansad.in/getFile/BillsTexts/LSBillTexts/Asintroduced/246_2022_LS_Eng1214202240827PM.pdf?source=legislation,,
245,"THE APPROPRIATION (No. 4) BILL, 2022",2022,Government,Money Bill,FINANCE,Lok Sabha,,2022-12-14,2022-12-14,2022-12-21,24/12/2022,Assented,,,21,2022,https://sansad.in/getFile/BillsTexts/LSBillTexts/Asintroduced/245_2022_LS_Eng1214202240754PM.pdf?source=legislation,,
245,"THE APPROPRIATION (No. 4) BILL, 2022",2022,Government,Money Bill,FINANCE,Lok Sabha,,2022-12-14,2022-12-14,2022-12-21,24/12/2022,Passed,,,21,2022,https://sansad.in/getFile/BillsTexts/LSBillTexts/Asintroduced/245_2022_LS_Eng1214202240754PM.pdf?source=legislation,,
II,"THE UNIFORM CIVIL CODE IN INDIA BILL, 2020",2020,Private Member,Ordinary Bill,LAW AND JUSTICE,Rajya Sabha,Kirodi Lal Meena Dr.,2022-12-09,,,,Lapsed,,,,,https://sansad.in/getFile/BillsTexts/RSBillTexts/Asintroduced/UCC-Kirodi 91222-E1213202281611PM.pdf?source=legislation,,
9,"The Forest (Conservation) Amendment Bill, 2020 (Insertion of new sections 3C and 3D).",2020,Private Member,Ordinary Bill,ENVIRONMENT AND FORESTS,Lok Sabha,Tirath Singh Rawat Shri,2022-12-09,,,,Lapsed,,,,,https://sansad.in/getFile/BillsTexts/LSBillTexts/Asintroduced/9 of 2020  AS12122022105502AM.pdf?source=legislation,,
48,"The Payment of Compensation to Persons Attacked by Wild Animals Bill, 2020.",2020,Private Member,Financial Bill,ENVIRONMENT AND FORESTS,Lok Sabha,Tirath Singh Rawat Shri,2022-12-09,,,,Lapsed,,,,,https://sansad.in/getFile/BillsTexts/LSBillTexts/Asintroduced/48 OF 2020 AS12122022105651AM.pdf?source=legislation,,
96,"The Sports Broadcasting Signals (Mandatory Sharing with Prasar Bharati) (Amendment) Bill, 2021 (Amendment of section 3)",2021,Private Member,Ordinary Bill,INFORMATION AND BROADCASTING,Lok Sabha,Jagdambika Pal  Shri,2022-12-09,,,,Lapsed,,,,,https://sansad.in/getFile/BillsTexts/LSBillTexts/Asintroduced/96 OF 2021 AS12122022111005AM.pdf?source=legislation,,
95,"The Information Technology (Amendment) Bill, 2021 (Substitution of  new  section  for section 43A)",2021,Private Member,Ordinary Bill,ELECTRONICS AND INFORMATION TECHNOLOGY,Lok Sabha,Suresh Kodikunnil Shri,2022-12-09,,,,Lapsed,,,,,https://sansad.in/getFile/BillsTexts/LSBillTexts/Asintroduced/95 OF 2021 AS12122022110545AM.pdf?source=legislation,,
85,"The Juvenile Justice (Care and Protection of Children) Amendment  Bill, 2021 (Amendment of section 75)",2021,Private Member,Ordinary Bill,WOMEN AND CHILD DEVELOPMENT,Lok Sabha,Suresh Kodikunnil Shri,2022-12-09,,,,Lapsed,,,,,https://sansad.in/getFile/BillsTexts/LSBillTexts/Asintroduced/85 OF 2021 AS12122022110648AM.pdf?source=legislation,,
83,"The National Commission for Welfare of  Female Farmers Bill, 2021.",2021,Private Member,Financial Bill,HEALTH AND FAMILY WELFARE,Lok Sabha,Ravneet Singh Shri,2022-12-09,,,,Lapsed,,,,,https://sansad.in/getFile/BillsTexts/LSBillTexts/Asintroduced/83 OF 2021 AS12122022105323AM.pdf?source=legislation,,
4,"The Promotion of Cycling Bill, 2021.",2021,Private Member,Financial Bill,COMMERCE AND INDUSTRY,Lok Sabha,Ravneet Singh Shri,2022-12-09,,,,Lapsed,,,,,https://sansad.in/getFile/BillsTexts/LSBillTexts/Asintroduced/4 OF 2021 AS12122022105922AM.pdf?source=legislation,,
36,"The Railways (Amendment) Bill, 2021 (Insertion of section 11A).",2021,Private Member,Ordinary Bill,RAILWAYS,Lok Sabha,Suresh Kodikunnil Shri,2022-12-09,,,,Lapsed,,,,,https://sansad.in/getFile/BillsTexts/LSBillTexts/Asintroduced/36 OF 2021 AS12122022110444AM.pdf?source=legislation,,
128,"The Constitution (Amendment) Bill, 2021 (Amendment of Seventh Schedule).",2021,Private Member,Ordinary Bill,YOUTH AFFAIRS AND SPORTS,Lok Sabha,Jagdambika Pal  Shri,2022-12-09,,,,Lapsed,,,,,https://sansad.in/getFile/BillsTexts/LSBillTexts/Asintroduced/128 OF 2021 AS12122022114018AM.pdf?source=legislation,,
XC,"The Prevention and Prohibition of Witch-Branding and Witch-Hunting and Other Harmful Practices Bill, 2022.",2022,Private Member,Ordinary Bill,WOMEN AND CHILD DEVELOPMENT,Rajya Sabha,Sujeet Kumar Shri,2022-12-09,,,,Removed,,,,,https://sansad.in/getFile/BillsTexts/RSBillTexts/Asintroduced/24 E 258 Session1213202280605PM.pdf?source=legislation,,
LXXXVIII,"The Sarva Dharma Temple Bill, 2022.",2022,Private Member,Ordinary Bill,CULTURE,Rajya Sabha,Shanta Chhetri Smt.,2022-12-09,,,,Lapsed,,,,,https://sansad.in/getFile/BillsTexts/RSBillTexts/Asintroduced/28 E 258 Session1213202280847PM.pdf?source=legislation,,
LXXXVI,"The National Judicial Commission Bill, 2022",2022,Private Member,Financial Bill,LAW AND JUSTICE,Rajya Sabha,Bikash Ranjan Bhattacharyya Shri,2022-12-09,,,,Removed,,,,,https://sansad.in/getFile/BillsTexts/RSBillTexts/Asintroduced/1809RS- the National Judicial-E211202511740PM.pdf?source=legislation,,
LXXXV,"The Constitution (Amendment) Bill, 2022 (amendment of article 270, 271, 280 and insertion of article 342B).",2022,Private Member,Ordinary Bill,FINANCE,Rajya Sabha,V. Vijayasai Reddy Shri,2022-12-09,,,,Removed,,,,,https://sansad.in/getFile/BillsTexts/RSBillTexts/Asintroduced/23 E 258 Session1213202280523PM.pdf?source=legislation,,
LXXXIX,"The Guaranteed Delivery of Public Services and Accountability Bill, 2022.",2022,Private Member,Financial Bill,"PERSONNEL,  PUBLIC  GRIEVANCES  AND  PENSIONS",Rajya Sabha,Fauzia Khan Dr.,2022-12-09,,,,Removed,,,,,https://sansad.in/getFile/BillsTexts/RSBillTexts/Asintroduced/31 E 258 Session1213202281043PM.pdf?source=legislation,,
LXXXIV,"The Code of Criminal Procedure (Amendment) Bill, 2022.",2022,Private Member,Ordinary Bill,HOME AFFAIRS,Rajya Sabha,Sujeet Kumar Shri,2022-12-09,,,,Lapsed,,,,,https://sansad.in/getFile/BillsTexts/RSBillTexts/Asintroduced/25 E 258 Session1213202280644PM.pdf?source=legislation,,
LXXXIII,"The Net Zero Emissions Bill, 2022.",2022,Private Member,Ordinary Bill,ENVIRONMENT AND FORESTS,Rajya Sabha,Sujeet Kumar Shri,2022-12-09,,,,Removed,,,,,https://sansad.in/getFile/BillsTexts/RSBillTexts/Asintroduced/26 E 258 Session1213202280727PM.pdf?source=legislation,,
LXXXII,"The National Commission for Controlling Medical Inflation Bill, 2022.",2022,Private Member,Financial Bill,HEALTH AND FAMILY WELFARE,Rajya Sabha,Sandosh Kumar P Shri,2022-12-09,,,,Pending,,,,,https://sansad.in/getFile/BillsTexts/RSBillTexts/Asintroduced/20 E  258 Session1213202280144PM.pdf?source=legislation,,
LXXXI,"The Right of Children to Free and Compulsory Education (Amendment) Bill, 2022.",2022,Private Member,Ordinary Bill,EDUCATION,Rajya Sabha,Derek O' Brien Shri,2022-12-09,,,,Lapsed,,,,,https://sansad.in/getFile/BillsTexts/RSBillTexts/Asintroduced/15 E 258 Session1213202275731PM.pdf?source=legislation,,
LXXX,"The Maa Mamata (Orphan's Welfare) Scheme Bill, 2022.",2022,Private Member,Ordinary Bill,WOMEN AND CHILD DEVELOPMENT,Rajya Sabha,Shanta Chhetri Smt.,2022-12-09,,,,Lapsed,,,,,https://sansad.in/getFile/BillsTexts/RSBillTexts/Asintroduced/29 E 258 Session1213202280925PM.pdf?source=legislation,,
LXXV,"The Constitution (Amendment) Bill, 2022 (amendment of articles 16, 124 and 216).",2022,Private Member,Ordinary Bill,SOCIAL JUSTICE AND EMPOWERMENT,Rajya Sabha,Manoj Kumar Jha Prof.,2022-12-09,,,,Removed,,,,,https://sansad.in/getFile/BillsTexts/RSBillTexts/Asintroduced/5 E- 258 Session1213202275037PM.pdf?source=legislation,,
LXXIV,"THE HATE CRIMES AND HATE SPEECH (COMBAT, PREVENTION AND PUNISHMENT) BILL, 2022",2022,Private Member,Ordinary Bill,HOME AFFAIRS,Rajya Sabha,Manoj Kumar Jha Prof.,2022-12-09,,,,Removed,,,,,https://sansad.in/getFile/BillsTexts/RSBillTexts/Asintroduced/hate-91222-E12142022113024AM.pdf?source=legislation,,
LXXIII,"The Mahatma Gandhi National Rural Employment Guarantee (Amendment) Bill, 2022.",2022,Private Member,Financial Bill,RURAL DEVELOPMENT,Rajya Sabha,John Brittas Dr.,2022-12-09,,,,Removed,,,,,https://sansad.in/getFile/BillsTexts/RSBillTexts/Asintroduced/16 E 258 Session1213202275834PM.pdf?source=legislation,,
LXXII,"The Constitution (Amendment) Bill, 2022 (amendment of articles 124,127,128 etc. substitution of articles 124A,124B and 124C)",2022,Private Member,Constitutional Amendment Bill,LAW AND JUSTICE,Rajya Sabha,Bikash Ranjan Bhattacharyya Shri,2022-12-09,,,,Removed,,,,,https://sansad.in/getFile/BillsTexts/RSBillTexts/Asintroduced/Constitution Bikash Ranjan E12132022124500PM.pdf?source=legislation,,
LXXI,"The Constitution (Amendment) Bill, 2022 (amendment of articles 84 and 173).",2022,Private Member,Ordinary Bill,LAW AND JUSTICE,Rajya Sabha,Jayant Chaudhary Shri,2022-12-09,,,,Removed,,,,,https://sansad.in/getFile/BillsTexts/RSBillTexts/Asintroduced/27 E 258 Session1213202280815PM.pdf?source=legislation,,
LXX,"The Motor Vehicles (Amendment) Bill, 2022.",2022,Private Member,Ordinary Bill,ROAD TRANSPORT AND HIGHWAYS,Rajya Sabha,John Brittas Dr.,2022-12-09,,,,Pending,,,,,https://sansad.in/getFile/BillsTexts/RSBillTexts/Asintroduced/17 E 258 Session1213202275920PM.pdf?source=legislation,,
LXVII,"THE PARLIAMENT (PRODUCTIVITY ENHANCEMENT) BILL, 2022",2022,Private Member,Ordinary Bill,PARLIAMENTARY  AFFAIRS,Rajya Sabha,Manoj Kumar Jha Prof.,2022-12-09,,,,Removed,,,,,https://sansad.in/getFile/BillsTexts/RSBillTexts/Asintroduced/4 E -258th Session1213202274959PM.pdf?source=legislation,,
LXVI,"The Constitution Amendment Bill, 2022 (amendment of articles 102, 155, 156 etc).",2022,Private Member,Ordinary Bill,HOME AFFAIRS,Rajya Sabha,P. Wilson Shri,2022-12-09,,,,Removed,,,,,https://sansad.in/getFile/BillsTexts/RSBillTexts/Asintroduced/6 E - 258 Session 1213202275144PM.pdf?source=legislation,,
LXV,"The Constitution (Amendment) Bill, 2022 (amendment of articles 124 and 220).",2022,Private Member,Constitutional Amendment Bill,LAW AND JUSTICE,Rajya Sabha,V. Sivadasan Dr.,2022-12-09,,,,Pending,,,,,https://sansad.in/getFile/BillsTexts/RSBillTexts/Asintroduced/7- E 258 Session1213202275219PM.pdf?source=legislation,,
LXIX,"The Constitution (Amendment) Bill, 2022 (amendment of article 324).",2022,Private Member,Constitutional Amendment Bill,LAW AND JUSTICE,Rajya Sabha,John Brittas Dr.,2022-12-09,,,,Pending,,,,,https://sansad.in/getFile/BillsTexts/RSBillTexts/Asintroduced/18 E 258 Session1213202280026PM.pdf?source=legislation,,
LXIV,"The Gorkha Sculptors, Artists and Artisans of Darjeeling Hills Welfare Bill, 2022.",2022,Private Member,Ordinary Bill,CULTURE,Rajya Sabha,Shanta Chhetri Smt.,2022-12-09,,,,Lapsed,,,,,https://sansad.in/getFile/BillsTexts/RSBillTexts/Asintroduced/30 E 258 Session1213202281001PM.pdf?source=legislation,,
LXIII,"The Indian Penal Code (Amendment) Bill, 2022.",2022,Private Member,Ordinary Bill,HOME AFFAIRS,Rajya Sabha,Derek O' Brien Shri,2022-12-09,,,,Lapsed,,,,,https://sansad.in/getFile/BillsTexts/RSBillTexts/Asintroduced/14 E 258 Session1213202275635PM.pdf?source=legislation,,
LXII,"The Right to Digital Literacy Bill, 2022.",2022,Private Member,Ordinary Bill,EDUCATION,Rajya Sabha,Derek O' Brien Shri,2022-12-09,,,,Lapsed,,,,,https://sansad.in/getFile/BillsTexts/RSBillTexts/Asintroduced/13- E- 258 Session1213202275605PM.pdf?source=legislation,,
LXI,"The Prevention of Money-Laundering (Amendment) Bill, 2022",2022,Private Member,Ordinary Bill,FINANCE,Rajya Sabha,V. Sivadasan Dr.,2022-12-09,,,,Pending,,,,,https://sansad.in/getFile/BillsTexts/RSBillTexts/Asintroduced/8 E 258 Session1213202275246PM.pdf?source=legislation,,
LX,"The Constitution (Amendment) Bill, 2022 (amendment of the Eighth Schedule).",2022,Private Member,Constitutional Amendment Bill,HOME AFFAIRS,Rajya Sabha,Sandosh Kumar P Shri,2022-12-09,,,,Pending,,,,,https://sansad.in/getFile/BillsTexts/RSBillTexts/Asintroduced/19 E 258 Session1213202280058PM.pdf?source=legislation,,
LVIII,"The Constitution (Amendment) Bill, 2022 (insertion of new article 21B).",2022,Private Member,Constitutional Amendment Bill,LABOUR  AND  EMPLOYMENT,Rajya Sabha,V. Sivadasan Dr.,2022-12-09,,,,Pending,,,,,https://sansad.in/getFile/BillsTexts/RSBillTexts/Asintroduced/9 E 258 Session1213202275331PM.pdf?source=legislation,,
LVII,"The Constitution (Amendment) Bill, 2022 (amendment of article 16).",2022,Private Member,Constitutional Amendment Bill,SOCIAL JUSTICE AND EMPOWERMENT,Rajya Sabha,Javed Ali Khan Shri,2022-12-09,,,,Pending,,,,,https://sansad.in/getFile/BillsTexts/RSBillTexts/Asintroduced/10 E - 258 SessionRS1213202275406PM.pdf?source=legislation,,
LVI,"The Prevention of Insult to the Father of the Nation and other Icons of Freedom Movement Bill, 2022.",2022,Private Member,Ordinary Bill,HOME AFFAIRS,Rajya Sabha,Javed Ali Khan Shri,2022-12-09,,,,Pending,,,,,https://sansad.in/getFile/BillsTexts/RSBillTexts/Asintroduced/LVI_2022-E731202484715PM.pdf?source=legislation,,
LIX,"The Official Languages Bill, 2022.",2022,Private Member,Financial Bill,HOME AFFAIRS,Rajya Sabha,Tiruchi Siva Shri,2022-12-09,,,,Removed,,,,,https://sansad.in/getFile/BillsTexts/RSBillTexts/Asintroduced/12 E 258 Session1213202275506PM.pdf?source=legislation,,
L,"THE ANTARRASHTRIYA KANNADA VISHWAVIDYAL AYA BILL, 2022",2022,Private Member,Financial Bill,EDUCATION,Rajya Sabha,Iranna Kadadi Shri,2022-12-09,,,,Pending,,,,,https://sansad.in/getFile/BillsTexts/RSBillTexts/Asintroduced/2 E- 258th Session1213202274829PM.pdf?source=legislation,,
99,"The Indian Penal Code (Amendment) Bill, 2022 (Insertion of new sections 379A and 379B)",2022,Private Member,Ordinary Bill,HOME AFFAIRS,Lok Sabha,Nishikant  Dubey Dr.,2022-12-09,,,,Lapsed,,,,,https://sansad.in/getFile/BillsTexts/LSBillTexts/Asintroduced/99 OF 2022 AS12122022111407AM.pdf?source=legislation,,
97,"The Financial Assistance to the State Governments (For Protection of Water Bodies) Bill, 2022.",2022,Private Member,Financial Bill,WATER RESOURCES,Lok Sabha,Alok Kumar Suman Dr.,2022-12-09,,,,Lapsed,,,,,https://sansad.in/getFile/BillsTexts/LSBillTexts/Asintroduced/97 OF 2022 AS12122022111225AM.pdf?source=legislation,,
57,"The Citizenship (Amendment) Bill, 2022 (Amendment of section               2, etc.)",2022,Private Member,Ordinary Bill,HOME AFFAIRS,Lok Sabha,Abdul Khaleque  Shri,2022-12-09,,,,Lapsed,,,,,https://sansad.in/getFile/BillsTexts/LSBillTexts/Asintroduced/57 OF 2022 AS12122022111803AM.pdf?source=legislation,,
44,"The Central Universities (Amendment) Bill, 2022 (Insertion of new section 3F, etc.)",2022,Private Member,Financial Bill,EDUCATION,Lok Sabha,Kuldeep Rai Sharma Shri,2022-12-09,,,,Lapsed,,,,,https://sansad.in/getFile/BillsTexts/LSBillTexts/Asintroduced/44 OF 2022 AS12122022112428AM.pdf?source=legislation,,
43,"Constitution (Amendment) Bill, 2022 (Omission of the Tenth Schedule)",2022,Private Member,Ordinary Bill,LAW AND JUSTICE,Lok Sabha,Jayant Sinha Shri,2022-12-09,,,,Lapsed,,,,,https://sansad.in/getFile/BillsTexts/LSBillTexts/Asintroduced/43 OF 2022 AS12122022111920AM.pdf?source=legislation,,
42,"The Constitution (Amendment) Bill, 2022 (Amendment of  article 80, etc.)",2022,Private Member,Ordinary Bill,SOCIAL JUSTICE AND EMPOWERMENT,Lok Sabha,Kuldeep Rai Sharma Shri,2022-12-09,,,,Lapsed,,,,,https://sansad.in/getFile/BillsTexts/LSBillTexts/Asintroduced/42 OF 2022 AS12122022112301AM.pdf?source=legislation,,
25,"The Widows (Protection and welfare)  Bill, 2022",2022,Private Member,Financial Bill,WOMEN AND CHILD DEVELOPMENT,Lok Sabha,Behanan Benny Shri,2022-12-09,,,,Lapsed,,,,,https://sansad.in/getFile/BillsTexts/LSBillTexts/Asintroduced/25 OF 2022 AS12122022111647AM.pdf?source=legislation,,
220,"THE CONSTITUTION (SCHEDULED TRIBES) ORDER (FIFTH AMENDMENT) BILL, 2022",2022,Government,Financial Bill,TRIBAL AFFAIRS,Lok Sabha,,2022-12-09,2022-12-21,2023-07-25,04/08/2023,Assented,,,13,2023,https://sansad.in/getFile/BillsTexts/LSBillTexts/Asintroduced/220_2022_LS_Eng129202224323PM.pdf?source=legislation,,
219,"THE CONSTITUTION (SCHEDULED TRIBES) ORDER (FOURTH AMENDMENT) BILL, 2022",2022,Government,Financial Bill,TRIBAL AFFAIRS,Lok Sabha,,2022-12-09,2022-12-19,2022-12-22,02/01/2023,Assented,,,2,2023,https://sansad.in/getFile/BillsTexts/LSBillTexts/Asintroduced/219_2022_LS_Eng129202224230PM.pdf?source=legislation,,
219,"THE CONSTITUTION (SCHEDULED TRIBES) ORDER (FOURTH AMENDMENT) BILL, 2022",2022,Government,Financial Bill,TRIBAL AFFAIRS,Lok Sabha,,2022-12-09,2022-12-19,2022-12-22,02/01/2023,Passed,,,2,2023,https://sansad.in/getFile/BillsTexts/LSBillTexts/Asintroduced/219_2022_LS_Eng129202224230PM.pdf?source=legislation,,
218,"THE CONSTITUTION (SCHEDULED TRIBES) ORDER (THIRD AMENDMENT) BILL, 2022",2022,Government,Financial Bill,TRIBAL AFFAIRS,Lok Sabha,,2022-12-09,2022-12-16,2023-07-26,04/08/2023,Assented,,,14,2023,https://sansad.in/getFile/BillsTexts/LSBillTexts/Asintroduced/218_2022_LS_Eng129202224201PM.pdf?source=legislation,,
217,"THE CONSTITUTION (SCHEDULED TRIBES) ORDER (SECOND AMENDMENT) BILL, 2022",2022,Government,Financial Bill,TRIBAL AFFAIRS,Lok Sabha,,2022-12-09,2022-12-15,2022-12-22,02/01/2023,Assented,,,1,2023,https://sansad.in/getFile/BillsTexts/LSBillTexts/Asintroduced/217_2022_LS_Eng129202224040PM.pdf?source=legislation,,
217,"THE CONSTITUTION (SCHEDULED TRIBES) ORDER (SECOND AMENDMENT) BILL, 2022",2022,Government,Financial Bill,TRIBAL AFFAIRS,Lok Sabha,,2022-12-09,2022-12-15,2022-12-22,02/01/2023,Passed,,,1,2023,https://sansad.in/getFile/BillsTexts/LSBillTexts/Asintroduced/217_2022_LS_Eng129202224040PM.pdf?source=legislation,,
214,"The Prevention of Internet Shutdown Bill, 2022.",2022,Private Member,Financial Bill,COMMUNICATIONS AND INFORMATION TECHNOLOGY,Lok Sabha,"T. Sumathy (A) Thamizhachi Thangapandian, Dr.",2022-12-09,,,,Lapsed,,,,,https://sansad.in/getFile/BillsTexts/LSBillTexts/Asintroduced/214 OF 2022 AS12122022115306AM.pdf?source=legislation,,
212,"The Representation of the People (Amendment) Bill, 2022 (Amendment of section 58, etc.)",2022,Private Member,Ordinary Bill,LAW AND JUSTICE,Lok Sabha,Kunwar Danish Ali,2022-12-09,,,,Lapsed,,,,,https://sansad.in/getFile/BillsTexts/LSBillTexts/Asintroduced/212 OF 2022 AS12122022115654AM.pdf?source=legislation,,
211,"The Rights of  Persons with Disabilities (Amendment) Bill, 2022 (Insertion of new section 9A, etc.)",2022,Private Member,Financial Bill,SOCIAL JUSTICE AND EMPOWERMENT,Lok Sabha,Gopal Chinayya Shetty Shri,2022-12-09,,,,Lapsed,,,,,https://sansad.in/getFile/BillsTexts/LSBillTexts/Asintroduced/211 OF 2022 AS12122022115437AM.pdf?source=legislation,,
209,"The Prevention of Mob-Lynching Bill, 2022.",2022,Private Member,Ordinary Bill,HOME AFFAIRS,Lok Sabha,E. T. Mohammed Basheer Shri,2022-12-09,,,,Lapsed,,,,,https://sansad.in/getFile/BillsTexts/LSBillTexts/Asintroduced/209 OF 2022 AS12122022115556AM.pdf?source=legislation,,
206,"The Prevention of Torture Bill, 2022.",2022,Private Member,Ordinary Bill,HOME AFFAIRS,Lok Sabha,E. T. Mohammed Basheer Shri,2022-12-09,,,,Lapsed,,,,,https://sansad.in/getFile/BillsTexts/LSBillTexts/Asintroduced/206 OF 2022 AS12122022115627AM.pdf?source=legislation,,
205,"The Wild Life (Protection) Amendment Bill, 2022 (Amendment of section 8, etc.)",2022,Private Member,Ordinary Bill,ENVIRONMENT AND FORESTS,Lok Sabha,Thomas Chazhikadan Shri,2022-12-09,,,,Lapsed,,,,,https://sansad.in/getFile/BillsTexts/LSBillTexts/Asintroduced/205 OF 2022 AS12122022115339AM.pdf?source=legislation,,
201,"The Food Safety and Standards (Amendment) Bill, 2022 (Amendment of section 3, etc.)",2022,Private Member,Financial Bill,HEALTH AND FAMILY WELFARE,Lok Sabha,"Kathir Anand, Shri Durai Murugan",2022-12-09,,,,Lapsed,,,,,https://sansad.in/getFile/BillsTexts/LSBillTexts/Asintroduced/201 OF 2022 AS12122022115149AM.pdf?source=legislation,,
200,"The Housing Facility for Destitute Senior Citizens, Widows and Orphan Children Bill, 2022.",2022,Private Member,Financial Bill,Housing and Urban Affairs,Lok Sabha,"T. Sumathy (A) Thamizhachi Thangapandian, Dr.",2022-12-09,,,,Lapsed,,,,,https://sansad.in/getFile/BillsTexts/LSBillTexts/Asintroduced/200 OF 2022 AS12122022115054AM.pdf?source=legislation,,
197,"The Reserve Bank of India (Amendment) Bill, 2022 (Amendment of section 7)",2022,Private Member,Ordinary Bill,FINANCE,Lok Sabha,Gopal Chinayya Shetty Shri,2022-12-09,,,,Lapsed,,,,,https://sansad.in/getFile/BillsTexts/LSBillTexts/Asintroduced/197 OF 2022 AS12122022115408AM.pdf?source=legislation,,
194,"The Constitution (Amendment) Bill, 2022 (Amendment of article 348)",2022,Private Member,Ordinary Bill,HOME AFFAIRS,Lok Sabha,Jagdambika Pal  Shri,2022-12-09,,,,Lapsed,,,,,https://sansad.in/getFile/BillsTexts/LSBillTexts/Asintroduced/194 OF 2022 AS12122022111117AM.pdf?source=legislation,,
193,"The Special Financial Assistance to the State of Tamil Nadu Bill, 2022.",2022,Private Member,Financial Bill,FINANCE,Lok Sabha,"T. Sumathy (A) Thamizhachi Thangapandian, Dr.",2022-12-09,,,,Lapsed,,,,,https://sansad.in/getFile/BillsTexts/LSBillTexts/Asintroduced/193 OF 2022 AS12122022115123AM.pdf?source=legislation,,
192,"The Aligarh Muslim University (Amendment) Bill, 2022 (Amendment of section 12)",2022,Private Member,Ordinary Bill,EDUCATION,Lok Sabha,E. T. Mohammed Basheer Shri,2022-12-09,,,,Lapsed,,,,,https://sansad.in/getFile/BillsTexts/LSBillTexts/Asintroduced/192 OF 2022 AS12122022115518AM.pdf?source=legislation,,
191,"The Micro, Small and Medium Enterprises Development (Amendment) Bill, 2022 (Insertion of new sections 10A and 10B)",2022,Private Member,Ordinary Bill,"MICRO, SMALL AND MEDIUM ENTERPRISES",Lok Sabha,"Kathir Anand, Shri Durai Murugan",2022-12-09,,,,Lapsed,,,,,https://sansad.in/getFile/BillsTexts/LSBillTexts/Asintroduced/191 OF 2022 AS12122022115226AM.pdf?source=legislation,,
189,"The Victims of Natural Calamities (Rehabilitation and Financial Assistance) Bill, 2022.",2022,Private Member,Financial Bill,HOME AFFAIRS,Lok Sabha,"Kathir Anand, Shri Durai Murugan",2022-12-09,,,,Lapsed,,,,,https://sansad.in/getFile/BillsTexts/LSBillTexts/Asintroduced/189 OF 2022 AS12122022111515AM.pdf?source=legislation,,
180,"The Constitution (Amendment) Bill, 2022 (Insertion of new article 338C).",2022,Private Member,Financial Bill,TEXTILES,Lok Sabha,Sanjeev Kumar Singari Dr.,2022-12-09,,,,Lapsed,,,,,https://sansad.in/getFile/BillsTexts/LSBillTexts/Asintroduced/180 OF 2022 AS12122022114139AM.pdf?source=legislation,,
179,"The Constitution (Amendment) Bill, 2022 (Amendment of article 324, etc.).",2022,Private Member,Ordinary Bill,LAW AND JUSTICE,Lok Sabha,Manish Tewari Shri,2022-12-09,,,,Lapsed,,,,,https://sansad.in/getFile/BillsTexts/LSBillTexts/Asintroduced/179 OF 2022 AS12122022113637AM.pdf?source=legislation,,
171,"The Judicial Standards and Accountability Bill, 2022.",2022,Private Member,Ordinary Bill,LAW AND JUSTICE,Lok Sabha,Sanjeev Kumar Singari Dr.,2022-12-09,,,,Lapsed,,,,,https://sansad.in/getFile/BillsTexts/LSBillTexts/Asintroduced/171 OF 2022 AS12122022114348AM.pdf?source=legislation,,
167,"The Agricultural and Other Rural Workers (Protection and Welfare) Bill, 2022.",2022,Private Member,Financial Bill,AGRICULTURE & FARMERS WELFARE,Lok Sabha,Ranjeetsingh Naik Nimbalkar Shri,2022-12-09,,,,Lapsed,,,,,https://sansad.in/getFile/BillsTexts/LSBillTexts/Asintroduced/167 OF 2022 AS12122022113126AM.pdf?source=legislation,,
166,"The Environment (Protection) Amendment Bill, 2022 (Insertion of new section 3A)",2022,Private Member,Financial Bill,ENVIRONMENT AND FORESTS,Lok Sabha,M. K. Raghavan Shri,2022-12-09,,,,Lapsed,,,,,https://sansad.in/getFile/BillsTexts/LSBillTexts/Asintroduced/166 OF 2022 AS12122022112754AM.pdf?source=legislation,,
165,"The All India Institute of Medical Science (Amendment) Bill, 2022 (Insertion of new section 3A)",2022,Private Member,Financial Bill,HEALTH AND FAMILY WELFARE,Lok Sabha,M. K. Raghavan Shri,2022-12-09,,,,Lapsed,,,,,https://sansad.in/getFile/BillsTexts/LSBillTexts/Asintroduced/165 OF 2022 AS12122022113027AM.pdf?source=legislation,,
160,"The Climate Migrants (Protection and Rehabilitation) Bill, 2022.",2022,Private Member,Financial Bill,HOME AFFAIRS,Lok Sabha,Pradyut Bordoloi Shri,2022-12-09,,,,Lapsed,,,,,https://sansad.in/getFile/BillsTexts/LSBillTexts/Asintroduced/160 OF 2022 AS12122022113734AM.pdf?source=legislation,,
153,"The Juvenile Justice (Care and Protection of Children) Amendment Bill, 2022 (Amendment of section 86).",2022,Private Member,Ordinary Bill,WOMEN AND CHILD DEVELOPMENT,Lok Sabha,Shashi Tharoor Dr.,2022-12-09,,,,Lapsed,,,,,https://sansad.in/getFile/BillsTexts/LSBillTexts/Asintroduced/153 OF 2022 AS12122022115003AM.pdf?source=legislation,,
151,"The Sanctions on Countries Engaging Territorial Incursion into India Bill, 2022.",2022,Private Member,Ordinary Bill,EXTERNAL AFFAIRS,Lok Sabha,M. K. Raghavan Shri,2022-12-09,,,,Lapsed,,,,,https://sansad.in/getFile/BillsTexts/LSBillTexts/Asintroduced/151 OF 2022 AS12122022112912AM.pdf?source=legislation,,
150,"The National Commission for Indian System of Medicine (Amendment) Bill, 2022 (Amendment of section 2, etc.).",2022,Private Member,Ordinary Bill,"AYUSH (Ayurveda,  Yoga and Naturopathy,  Unani, Siddha and Homoeopathy",Lok Sabha,Sanjeev Kumar Singari Dr.,2022-12-09,,,,Lapsed,,,,,https://sansad.in/getFile/BillsTexts/LSBillTexts/Asintroduced/150 OF 2022 AS12122022114257AM.pdf?source=legislation,,
149,"The Nationalisation of Inter-State Rivers Bill, 2022.",2022,Private Member,Financial Bill,WATER RESOURCES,Lok Sabha,Ranjeetsingh Naik Nimbalkar Shri,2022-12-09,,,,Lapsed,,,,,https://sansad.in/getFile/BillsTexts/LSBillTexts/Asintroduced/149 OF 2022 AS12122022113326AM.pdf?source=legislation,,
146,"The Maintenance and Welfare of Parents and Senior Citizens (Amendment) Bill, 2022 (Amendment of section 21).",2022,Private Member,Financial Bill,SOCIAL JUSTICE AND EMPOWERMENT,Lok Sabha,Kuldeep Rai Sharma Shri,2022-12-09,,,,Lapsed,,,,,https://sansad.in/getFile/BillsTexts/LSBillTexts/Asintroduced/146 OF 2022 AS12122022114912AM.pdf?source=legislation,,
145,"The Debt Relief Board Bill, 2022.",2022,Private Member,Financial Bill,FINANCE,Lok Sabha,Dean Kuriakose Adv.,2022-12-09,,,,Lapsed,,,,,https://sansad.in/getFile/BillsTexts/LSBillTexts/Asintroduced/145 OF 2022 AS12122022114536AM.pdf?source=legislation,,
141,"The Mahatma Gandhi National Rural Employment Guarantee (Amendment) Bill, 2022 (Amendment of Schedule I).",2022,Private Member,Financial Bill,RURAL DEVELOPMENT,Lok Sabha,V.K. Sreekandan Shri,2022-12-09,,,,Lapsed,,,,,https://sansad.in/getFile/BillsTexts/LSBillTexts/Asintroduced/141 OF 2022 AS12122022114818AM.pdf?source=legislation,,
140,"The Indian Penal Code (Amendment) Bill, 2022 (Omission of section 124A, etc.)",2022,Private Member,Ordinary Bill,HOME AFFAIRS,Lok Sabha,V.K. Sreekandan Shri,2022-12-09,,,,Lapsed,,,,,https://sansad.in/getFile/BillsTexts/LSBillTexts/Asintroduced/140 OF 2022 AS12122022114728AM.pdf?source=legislation,,
138,"The Representation of the People (Amendment) Bill, 2022 (Amendment of sections 20 and 20A)",2022,Private Member,Ordinary Bill,LAW AND JUSTICE,Lok Sabha,Dean Kuriakose Adv.,2022-12-09,,,,Lapsed,,,,,https://sansad.in/getFile/BillsTexts/LSBillTexts/Asintroduced/138 OF 2022 AS12122022114446AM.pdf?source=legislation,,
132,"The Environment (Protection) Amendment Bill, 2022 (Amendment of sections 2 and 3).",2022,Private Member,Ordinary Bill,ENVIRONMENT AND FORESTS,Lok Sabha,V.K. Sreekandan Shri,2022-12-09,,,,Lapsed,,,,,https://sansad.in/getFile/BillsTexts/LSBillTexts/Asintroduced/132 OF 2022 AS12122022114625AM.pdf?source=legislation,,
127,"The Single Use Plastic (Regulation) Bill, 2022.",2022,Private Member,Financial Bill,ENVIRONMENT AND FORESTS,Lok Sabha,Ranjeetsingh Naik Nimbalkar Shri,2022-12-09,,,,Lapsed,,,,,https://sansad.in/getFile/BillsTexts/LSBillTexts/Asintroduced/127 OF 2022 AS12122022113539AM.pdf?source=legislation,,
126,"The Constitution (Amendment) Bill, 2022 (Amendment of the Tenth Schedule).",2022,Private Member,Ordinary Bill,LAW AND JUSTICE,Lok Sabha,Dean Kuriakose Adv.,2022-12-09,,,,Lapsed,,,,,https://sansad.in/getFile/BillsTexts/LSBillTexts/Asintroduced/126 OF 2022 AS12122022113903AM.pdf?source=legislation,,
122,"The Constitution (Amendment) Bill, 2022 (Amendment of article 81, etc.).",2022,Private Member,Financial Bill,SOCIAL JUSTICE AND EMPOWERMENT,Lok Sabha,Hibi Eden Shri,2022-12-09,,,,Lapsed,,,,,https://sansad.in/getFile/BillsTexts/LSBillTexts/Asintroduced/122 of 2022 as intro12122022112629AM.pdf?source=legislation,,
118,"The National Authority for Rehabilitation and Welfare of Persons Living Around Railway Tracks Bill, 2022.",2022,Private Member,Financial Bill,RAILWAYS,Lok Sabha,Alok Kumar Suman Dr.,2022-12-09,,,,Lapsed,,,,,https://sansad.in/getFile/BillsTexts/LSBillTexts/Asintroduced/118 of 2022 (As introduced)215202325302PM.pdf?source=legislation,,
116,"The Indian Penal Code (Amendment) Bill, 2022 (Amendment of sections 326A and 326B)",2022,Private Member,Ordinary Bill,HOME AFFAIRS,Lok Sabha,Nishikant  Dubey Dr.,2022-12-09,,,,Lapsed,,,,,https://sansad.in/getFile/BillsTexts/LSBillTexts/Asintroduced/116 OF 2022 AS12122022111436AM.pdf?source=legislation,,
113,"The Constitution (Amendment) Bill, 2022 (Insertion of new articles 44A and 51A)",2022,Private Member,Ordinary Bill,HEALTH AND FAMILY WELFARE,Lok Sabha,Nishikant  Dubey Dr.,2022-12-09,,,,Lapsed,,,,,https://sansad.in/getFile/BillsTexts/LSBillTexts/Asintroduced/113 OF 2022 AS12122022111323AM.pdf?source=legislation,,
110,"The Constitution (Amendment) Bill, 2022 (Amendment of article 72).",2022,Private Member,Ordinary Bill,HOME AFFAIRS,Lok Sabha,Hibi Eden Shri,2022-12-09,,,,Lapsed,,,,,https://sansad.in/getFile/BillsTexts/LSBillTexts/Asintroduced/110 of 2022 As12122022112529AM.pdf?source=legislation,,
100,"The Drugs (Price Control) Bill, 2022",2022,Private Member,Financial Bill,HEALTH AND FAMILY WELFARE,Lok Sabha,Alok Kumar Suman Dr.,2022-12-09,,,,Lapsed,,,,,https://sansad.in/getFile/BillsTexts/LSBillTexts/Asintroduced/100 OF 2022 AS12122022111250AM.pdf?source=legislation,,
215,"THE MULTI-STATE CO-OPERATIVE SOCIETIES (AMENDMENT) BILL, 2022",2022,Government,Financial Bill,Co-operation,Lok Sabha,,2022-12-07,2023-07-25,2023-08-01,03/08/2023,Assented,,,11,2023,https://sansad.in/getFile/BillsTexts/LSBillTexts/Asintroduced/215_2022_LS_Eng.pdf?source=legislation,,
215,"THE MULTI-STATE CO-OPERATIVE SOCIETIES (AMENDMENT) BILL, 2022",2022,Government,Financial Bill,Co-operation,Lok Sabha,,2022-12-07,2023-07-25,2023-08-01,03/08/2023,Passed,,,11,2023,https://sansad.in/getFile/BillsTexts/LSBillTexts/Asintroduced/215_2022_LS_Eng.pdf?source=legislation,,
187,"THE ELECTRICITY (AMENDMENT) BILL, 2022",2022,Government,Ordinary Bill,POWER,Lok Sabha,,2022-08-08,,,,Pending,,,,,https://sansad.in/getFile/BillsTexts/LSBillTexts/Asintroduced/187_2022_LS_ENGLISH.pdf?source=legislation,,
14,"The Right to Water Bill, 2020",2020,Private Member,Financial Bill,WATER RESOURCES,Lok Sabha,Asaduddin Owaisi Shri,2022-08-05,,,,Lapsed,,,,,https://sansad.in/getFile/BillsTexts/LSBillTexts/Asintroduced/14 OF 2020 AS.pdf?source=legislation,,
I,"The Epidemic Diseases (Prevention, Preparedness and Management) Bill, 2021",2021,Private Member,Ordinary Bill,HEALTH AND FAMILY WELFARE,Rajya Sabha,Derek O' Brien Shri,2022-08-05,,,,Lapsed,,,,,https://sansad.in/getFile/BillsTexts/RSBillTexts/Asintroduced/1-E_257.pdf?source=legislation,,
84,"The Scheduled Castes and the Scheduled Tribes  (Prevention of Atrocities) Amendment  Bill, 2021  (Amendment of Section 2 and 3)",2021,Private Member,Ordinary Bill,SOCIAL JUSTICE AND EMPOWERMENT,Lok Sabha,Kirit Premjibhai Solanki Dr. (Prof.),2022-08-05,,,,Lapsed,,,,,https://sansad.in/getFile/BillsTexts/LSBillTexts/Asintroduced/84 of 2021 as intro.pdf?source=legislation,,
82,"The National Population Control Commission  Bill, 2021",2021,Private Member,Financial Bill,HEALTH AND FAMILY WELFARE,Lok Sabha,Nihal Chand Chauhan Shri,2022-08-05,,,,Lapsed,,,,,https://sansad.in/getFile/BillsTexts/LSBillTexts/Asintroduced/82 OF 2021 AS.pdf?source=legislation,,
75,"The Female Farmers Entitlement Bill, 2021",2021,Private Member,Financial Bill,AGRICULTURE & FARMERS WELFARE,Lok Sabha,Rama Devi Smt.,2022-08-05,,,,Lapsed,,,,,https://sansad.in/getFile/BillsTexts/LSBillTexts/Asintroduced/75 of 2021 as introduced.pdf?source=legislation,,
62,"The Over the Top Platforms Regulatory  Authority Bill, 2021",2021,Private Member,Financial Bill,INFORMATION AND BROADCASTING,Lok Sabha,Manoj Kishorbhai Kotak Shri,2022-08-05,,,,Lapsed,,,,,https://sansad.in/getFile/BillsTexts/LSBillTexts/Asintroduced/62 of 2021 AS.pdf?source=legislation,,
61,"The Victims of  Floods caused  by Heavy  Rains, Cyclones and Other Reasons  (Rehabilitation and Welfare) Bill, 2021",2021,Private Member,Financial Bill,WATER RESOURCES,Lok Sabha,Nishikant  Dubey Dr.,2022-08-05,,,,Lapsed,,,,,https://sansad.in/getFile/BillsTexts/LSBillTexts/Asintroduced/61 of 2021 AS.pdf?source=legislation,,
49,"The Aroma Board  Bill, 2021",2021,Private Member,Financial Bill,"MICRO, SMALL AND MEDIUM ENTERPRISES",Lok Sabha,Subrat Pathak Shri,2022-08-05,,,,Lapsed,,,,,https://sansad.in/getFile/BillsTexts/LSBillTexts/Asintroduced/49 OF 2021 AS.pdf?source=legislation,,
47,"The Unemployment Allowance   for  Graduates Living Below Poverty Line Bill, 2021",2021,Private Member,Financial Bill,LABOUR  AND  EMPLOYMENT,Lok Sabha,Subrat Pathak Shri,2022-08-05,,,,Pending,,,,,https://sansad.in/getFile/BillsTexts/LSBillTexts/Asintroduced/47 of 2021 AS.pdf?source=legislation,,
37,"The Compulsory Health Insurance for Senior  Citizens, Mentally Retarded Children and  Persons with Disabilities Bill, 2021",2021,Private Member,Financial Bill,HEALTH AND FAMILY WELFARE,Lok Sabha,Alok Kumar Suman Dr.,2022-08-05,,,,Lapsed,,,,,https://sansad.in/getFile/BillsTexts/LSBillTexts/Asintroduced/37 of 2021 as.pdf?source=legislation,,
31,"The Constitution (Amendment) Bill, 2021  (Insertion of new article 220A)",2021,Private Member,Ordinary Bill,LAW AND JUSTICE,Lok Sabha,P.P. Chaudhary Shri,2022-08-05,,,,Lapsed,,,,,https://sansad.in/getFile/BillsTexts/LSBillTexts/Asintroduced/31 of 2021 as .pdf?source=legislation,,
21,"The Industrial Employment and  Environmental Protection Bill, 2021",2021,Private Member,Financial Bill,LABOUR  AND  EMPLOYMENT,Lok Sabha,Shrirang Appa Barne Shri,2022-08-05,,,,Lapsed,,,,,https://sansad.in/getFile/BillsTexts/LSBillTexts/Asintroduced/21 OF 2021 AS.pdf?source=legislation,,
134,"The Prohibition of  Multi-Digit Lotteries Bill, 2021",2021,Private Member,Financial Bill,HOME AFFAIRS,Lok Sabha,Nishikant  Dubey Dr.,2022-08-05,,,,Lapsed,,,,,https://sansad.in/getFile/BillsTexts/LSBillTexts/Asintroduced/134 of 2021 AS.pdf?source=legislation,,
123,"The Ancient Monuments and Archeological  Sites and Remains (Amendment) Bill, 2021  (Amendment of section 20I)",2021,Private Member,Ordinary Bill,CULTURE,Lok Sabha,Nihal Chand Chauhan Shri,2022-08-05,,,,Lapsed,,,,,https://sansad.in/getFile/BillsTexts/LSBillTexts/Asintroduced/123 of 2021 AS.pdf?source=legislation,,
122,"The Compulsory Periodical Desiltation of  Dams, Reservoirs and Rivers Bill, 2021",2021,Private Member,Financial Bill,WATER RESOURCES,Lok Sabha,Nishikant  Dubey Dr.,2022-08-05,,,,Lapsed,,,,,https://sansad.in/getFile/BillsTexts/LSBillTexts/Asintroduced/122 of 2021 as introduced.pdf?source=legislation,,
121,"The Flood Control and Management Bill, 2021",2021,Private Member,Financial Bill,WATER RESOURCES,Lok Sabha,Alok Kumar Suman Dr.,2022-08-05,,,,Lapsed,,,,,https://sansad.in/getFile/BillsTexts/LSBillTexts/Asintroduced/121 of 2021 AS.pdf?source=legislation,,
113,"The Special Financial Assistance to the  State of Bihar (For the Welfare of Farmers)  Bill, 2021",2021,Private Member,Financial Bill,FINANCE,Lok Sabha,Alok Kumar Suman Dr.,2022-08-05,,,,Lapsed,,,,,https://sansad.in/getFile/BillsTexts/LSBillTexts/Asintroduced/113 of 2021 as introduced.pdf?source=legislation,,
112,"The Higher and Technical  Education  (Exemption from Payment of Outstanding   Fees and Education Loan) Bill, 2021",2021,Private Member,Financial Bill,EDUCATION,Lok Sabha,Hasmukhbhai Somabhai Patel Shri,2022-08-05,,,,Lapsed,,,,,https://sansad.in/getFile/BillsTexts/LSBillTexts/Asintroduced/112 OF 2021 AS.pdf?source=legislation,,
XXXVIII,"The Sal Leaves Collectors and Tradersâ Welfare Bill, 2022",2022,Private Member,Ordinary Bill,TRIBAL AFFAIRS,Rajya Sabha,Sasmit Patra Dr.,2022-08-05,,,,Withdrawn,,,,,https://sansad.in/getFile/BillsTexts/RSBillTexts/Asintroduced/14-E_2571292022123021PM.pdf?source=legislation,,
XXXVII,"The Constitution (Amendment) Bill, 2022 (insertion of new article 3A)",2022,Private Member,Ordinary Bill,HOME AFFAIRS,Rajya Sabha,V. Vijayasai Reddy Shri,2022-08-05,,,,Removed,,,,,https://sansad.in/getFile/BillsTexts/RSBillTexts/Asintroduced/5-E_257.pdf?source=legislation,,
XXX,"The Information Technology (Amendment) Bill, 2022",2022,Private Member,Ordinary Bill,ELECTRONICS AND INFORMATION TECHNOLOGY,Rajya Sabha,Derek O' Brien Shri,2022-08-05,,,,Lapsed,,,,,https://sansad.in/getFile/BillsTexts/RSBillTexts/Asintroduced/2-E_257.pdf?source=legislation,,
XLVIII,"The Bhagat Singh National Urban Employment Guarantee Bill, 2022",2022,Private Member,Ordinary Bill,LABOUR  AND  EMPLOYMENT,Rajya Sabha,Binoy Viswam Shri,2022-08-05,,,,Removed,,,,,https://sansad.in/getFile/BillsTexts/RSBillTexts/Asintroduced/18-E_257.pdf?source=legislation,,
XLVII,"The Press Council (Amendment) Bill, 2022",2022,Private Member,Ordinary Bill,INFORMATION AND BROADCASTING,Rajya Sabha,V. Vijayasai Reddy Shri,2022-08-05,,,,Removed,,,,,https://sansad.in/getFile/BillsTexts/RSBillTexts/Asintroduced/7-E_257.pdf?source=legislation,,
XLVI,"The Trafficking of Persons (Prevention, Protection and Rehabilitation) Bill, 2022",2022,Private Member,Financial Bill,WOMEN AND CHILD DEVELOPMENT,Rajya Sabha,Sasmit Patra Dr.,2022-08-05,,,,Pending,,,,,https://sansad.in/getFile/BillsTexts/RSBillTexts/Asintroduced/15-E_257.pdf?source=legislation,,
XLV,"The Representation of the People (Amendment) Bill, 2022",2022,Private Member,Ordinary Bill,LAW AND JUSTICE,Rajya Sabha,V. Vijayasai Reddy Shri,2022-08-05,,,,Removed,,,,,https://sansad.in/getFile/BillsTexts/RSBillTexts/Asintroduced/6-E_257.pdf?source=legislation,,
XLIX,"The Indian Penal Code (Amendment) Bill, 2022",2022,Private Member,Ordinary Bill,HOME AFFAIRS,Rajya Sabha,Ashok Bajpai Dr.,2022-08-05,,,,Lapsed,,,,,https://sansad.in/getFile/BillsTexts/RSBillTexts/Asintroduced/13-E_257.pdf?source=legislation,,
XLIV,"The All-India Services (Amendment) Bill, 2022",2022,Private Member,Ordinary Bill,"PERSONNEL,  PUBLIC  GRIEVANCES  AND  PENSIONS",Rajya Sabha,Ashok Kumar Mittal Dr.,2022-08-05,,,,Pending,,,,,https://sansad.in/getFile/BillsTexts/RSBillTexts/Asintroduced/11-E_257.pdf?source=legislation,,
XLIII,"The Constitution (Amendment) Bill, 2022 (amendment of articles 102, 191 etc.)",2022,Private Member,Constitutional Amendment Bill,LAW AND JUSTICE,Rajya Sabha,Raghav Chadha Shri,2022-08-05,,,,Pending,,,,,https://sansad.in/getFile/BillsTexts/RSBillTexts/Asintroduced/9-E_257.pdf?source=legislation,,
XLII,"The Reserve Bank of India (Amendment) Bill, 2022",2022,Private Member,Ordinary Bill,FINANCE,Rajya Sabha,Sandosh Kumar P Shri,2022-08-05,,,,Pending,,,,,https://sansad.in/getFile/BillsTexts/RSBillTexts/Asintroduced/3-E_257.pdf?source=legislation,,
XL,"The States Reorganization Commission Bill, 2022",2022,Private Member,Financial Bill,HOME AFFAIRS,Rajya Sabha,Sasmit Patra Dr.,2022-08-05,,,,Pending,,,,,https://sansad.in/getFile/BillsTexts/RSBillTexts/Asintroduced/16-E_257.pdf?source=legislation,,
LV,"The Cigarettes and Other Tobacco Products (Prohibition of Advertisement and Regulation of Trade and Commerce, Production, Supply and Distribution) (Amendment) Bill, 2022",2022,Private Member,Ordinary Bill,HEALTH AND FAMILY WELFARE,Rajya Sabha,Sujeet Kumar Shri,2022-08-05,,,,Removed,,,,,https://sansad.in/getFile/BillsTexts/RSBillTexts/Asintroduced/17-E_257.pdf?source=legislation,,
LIV,"The National Employment Guarantee Bill, 2022",2022,Private Member,Financial Bill,LABOUR  AND  EMPLOYMENT,Rajya Sabha,Sandosh Kumar P Shri,2022-08-05,,,,Pending,,,,,https://sansad.in/getFile/BillsTexts/RSBillTexts/Asintroduced/4-E_257.pdf?source=legislation,,
LIII,"The Protection of the State Resources Bill, 2022",2022,Private Member,Financial Bill,FINANCE,Rajya Sabha,V. Sivadasan Dr.,2022-08-05,,,,Pending,,,,,https://sansad.in/getFile/BillsTexts/RSBillTexts/Asintroduced/8-E_257.pdf?source=legislation,,
LII,"The Minimum Support Price Guarantee Bill, 2022",2022,Private Member,Financial Bill,AGRICULTURE & FARMERS WELFARE,Rajya Sabha,Raghav Chadha Shri,2022-08-05,,,,Pending,,,,,https://sansad.in/getFile/BillsTexts/RSBillTexts/Asintroduced/min suport.pdf?source=legislation,,
LI,"The Indian Institute of Nuclear Medicine Bill, 2022",2022,Private Member,Financial Bill,ATOMIC ENERGY,Rajya Sabha,Ashok Kumar Mittal Dr.,2022-08-05,,,,Pending,,,,,https://sansad.in/getFile/BillsTexts/RSBillTexts/Asintroduced/12-E_257.pdf?source=legislation,,
98,"The Eastern Region Tourism Promotion Authority Bill, 2022",2022,Private Member,Financial Bill,TOURISM,Lok Sabha,Sukanta Majumdar Dr.,2022-08-05,,,,Lapsed,,,,,https://sansad.in/getFile/BillsTexts/LSBillTexts/Asintroduced/98 of 2022 As.pdf?source=legislation,,
90,"The Agricultural  Workers (Welfare and Protection)  Bill, 2022",2022,Private Member,Financial Bill,LABOUR  AND  EMPLOYMENT,Lok Sabha,Unmesh Bhaiyyasaheb Patil Shri,2022-08-05,,,,Lapsed,,,,,https://sansad.in/getFile/BillsTexts/LSBillTexts/Asintroduced/90 of 2022 As.pdf?source=legislation,,
88,"The Protection  of Women from Domestic Violence (Amendment) Bill, 2022(Amendment of section 2, etc.)",2022,Private Member,Ordinary Bill,WOMEN AND CHILD DEVELOPMENT,Lok Sabha,Sujay Radhakrishna Vikhepatil Dr.,2022-08-05,,,,Lapsed,,,,,https://sansad.in/getFile/BillsTexts/LSBillTexts/Asintroduced/88 of 2022 As.pdf?source=legislation,,
86,"The National Water University Bill, 2022",2022,Private Member,Financial Bill,WATER RESOURCES,Lok Sabha,Unmesh Bhaiyyasaheb Patil Shri,2022-08-05,,,,Lapsed,,,,,https://sansad.in/getFile/BillsTexts/LSBillTexts/Asintroduced/86 of 2022 As.pdf?source=legislation,,
77,"The Special Financial Assistance for Development  and Rejuvenation of Water Bodies in Forest Areas  in the State of Rajasthan  Bill, 2022",2022,Private Member,Financial Bill,FINANCE,Lok Sabha,Chandra Prakash Joshi Shri,2022-08-05,,,,Lapsed,,,,,https://sansad.in/getFile/BillsTexts/LSBillTexts/Asintroduced/77 OF 2022 AS.pdf?source=legislation,,
76,"The Special Financial Assistance for Development  and Rejuvenation of Water Bodies in Forest areas  in the State of Madhya Pradesh Bill, 2022",2022,Private Member,Financial Bill,FINANCE,Lok Sabha,Sudheer Gupta Shri,2022-08-05,,,,Lapsed,,,,,https://sansad.in/getFile/BillsTexts/LSBillTexts/Asintroduced/76 of 2022 As.pdf?source=legislation,,
73,"The Compulsory Sensitivity Training in  Educational Institutions Bill, 2022",2022,Private Member,Financial Bill,TRIBAL AFFAIRS,Lok Sabha,Supriya Sadanand Sule Smt.,2022-08-05,,,,Lapsed,,,,,https://sansad.in/getFile/BillsTexts/LSBillTexts/Asintroduced/73 OF 2022 AS.pdf?source=legislation,,
70,"The Conservation and Maintenance of  Archaeological and Natural Heritage Bill, 2022",2022,Private Member,Financial Bill,CULTURE,Lok Sabha,Shrirang Appa Barne Shri,2022-08-05,,,,Lapsed,,,,,https://sansad.in/getFile/BillsTexts/LSBillTexts/Asintroduced/70 OF 2022 AS.pdf?source=legislation,,
69,"The Constitution (Scheduled Tribes) Order  Amendment Bill, 2022 (Amendment of the Schedule)",2022,Private Member,Financial Bill,TRIBAL AFFAIRS,Lok Sabha,Dileshwar Kamait Shri,2022-08-05,,,,Lapsed,,,,,https://sansad.in/getFile/BillsTexts/LSBillTexts/Asintroduced/69 OF 2022 AS.pdf?source=legislation,,
52,"The Mental Healthcare (Amendment) Bill, 2022  (Amendment of section 2, etc.)",2022,Private Member,Ordinary Bill,HEALTH AND FAMILY WELFARE,Lok Sabha,Sujay Radhakrishna Vikhepatil Dr.,2022-08-05,,,,Lapsed,,,,,https://sansad.in/getFile/BillsTexts/LSBillTexts/Asintroduced/52 OF 2022 AS.pdf?source=legislation,,
46,"The Criminal Law (Amendment) Bill, 2022  (Substitution of new section for section 272, etc.)",2022,Private Member,Ordinary Bill,HOME AFFAIRS,Lok Sabha,Sujay Radhakrishna Vikhepatil Dr.,2022-08-05,,,,Lapsed,,,,,https://sansad.in/getFile/BillsTexts/LSBillTexts/Asintroduced/46 OF 2022 AS.pdf?source=legislation,,
45,"The Population Control Bill, 2022",2022,Private Member,Financial Bill,HEALTH AND FAMILY WELFARE,Lok Sabha,Chandra Prakash Joshi Shri,2022-08-05,,,,Lapsed,,,,,https://sansad.in/getFile/BillsTexts/LSBillTexts/Asintroduced/45 OF 2022 AS.pdf?source=legislation,,
32,"The Ocean Thermal Energy Utilization Bill, 2022",2022,Private Member,Financial Bill,POWER,Lok Sabha,Shrirang Appa Barne Shri,2022-08-05,,,,Lapsed,,,,,https://sansad.in/getFile/BillsTexts/LSBillTexts/Asintroduced/32 OF 2022 AS.pdf?source=legislation,,
30,"The Supreme Court, High Courts and District Courts  (Use of Official Languages) Bill, 2022",2022,Private Member,Financial Bill,HOME AFFAIRS,Lok Sabha,Gopal Chinayya Shetty Shri,2022-08-05,,,,Lapsed,,,,,https://sansad.in/getFile/BillsTexts/LSBillTexts/Asintroduced/30 of 2022  As.pdf?source=legislation,,
2,"The Constitution (Scheduled Tribes) Order  (Amendment) Bill, 2022  (Amendment of the Schedule)",2022,Private Member,Financial Bill,TRIBAL AFFAIRS,Lok Sabha,Bidyut Baran Mahato Shri,2022-08-05,,,,Lapsed,,,,,https://sansad.in/getFile/BillsTexts/LSBillTexts/Asintroduced/2 OF 2022 AS.pdf?source=legislation,,
186,"THE NEW DELHI INTERNATIONAL ARBITRATION CENTRE (AMENDMENT) BILL, 2022",2022,Government,Ordinary Bill,LAW AND JUSTICE,Lok Sabha,,2022-08-05,2022-08-08,2022-12-14,30/12/2022,Assented,,,23,2022,https://sansad.in/getFile/BillsTexts/LSBillTexts/Asintroduced/186_2022_LS_Eng.pdf?source=legislation,,
186,"THE NEW DELHI INTERNATIONAL ARBITRATION CENTRE (AMENDMENT) BILL, 2022",2022,Government,Ordinary Bill,LAW AND JUSTICE,Lok Sabha,,2022-08-05,2022-08-08,2022-12-14,30/12/2022,Passed,,,23,2022,https://sansad.in/getFile/BillsTexts/LSBillTexts/Asintroduced/186_2022_LS_Eng.pdf?source=legislation,,
185,"THE COMPETITION (AMENDMENT) BILL, 2022",2022,Government,Ordinary Bill,CORPORATE AFFAIRS,Lok Sabha,,2022-08-05,2023-03-29,2023-04-03,11/04/2023,Assented,,,9,2023,https://sansad.in/getFile/BillsTexts/LSBillTexts/Asintroduced/185_2022_LS_Eng.pdf?source=legislation,,
185,"THE COMPETITION (AMENDMENT) BILL, 2022",2022,Government,Ordinary Bill,CORPORATE AFFAIRS,Lok Sabha,,2022-08-05,2023-03-29,2023-04-03,11/04/2023,Passed,,,9,2023,https://sansad.in/getFile/BillsTexts/LSBillTexts/Asintroduced/185_2022_LS_Eng.pdf?source=legislation,,
184,"The Constitution (Amendment) Bill, 2022 (Amendment of article 93)",2022,Private Member,Ordinary Bill,PARLIAMENTARY  AFFAIRS,Lok Sabha,N.K. Premachandran Shri,2022-08-05,,,,Lapsed,,,,,https://sansad.in/getFile/BillsTexts/LSBillTexts/Asintroduced/184 OF 2022 AS.pdf?source=legislation,,
183,"The Constitution (Amendment) Bill, 2022 (Amendment of article 25)",2022,Private Member,Ordinary Bill,HOME AFFAIRS,Lok Sabha,Pushpendra Singh Chandel Kunwar,2022-08-05,,,,Lapsed,,,,,https://sansad.in/getFile/BillsTexts/LSBillTexts/Asintroduced/183 OF 2022 AS.pdf?source=legislation,,
182,"The Constitution (Amendment) Bill, 2022 (Amendment of Seventh Schedule))",2022,Private Member,Ordinary Bill,PANCHAYATI   RAJ,Lok Sabha,Heena Vijaykumar Gavit Dr.,2022-08-05,,,,Lapsed,,,,,https://sansad.in/getFile/BillsTexts/LSBillTexts/Asintroduced/182 OF 2022 AS.pdf?source=legislation,,
181,"The Constitution (Amendment) Bill, 2022 (Amendment of article 325)",2022,Private Member,Ordinary Bill,LAW AND JUSTICE,Lok Sabha,Pushpendra Singh Chandel Kunwar,2022-08-05,,,,Lapsed,,,,,https://sansad.in/getFile/BillsTexts/LSBillTexts/Asintroduced/181 OF 2022 AS.pdf?source=legislation,,
178,"The Constitution (Amendment) Bill, 2022 (Amendment of article 366)",2022,Private Member,Ordinary Bill,LAW AND JUSTICE,Lok Sabha,P.P. Chaudhary Shri,2022-08-05,,,,Lapsed,,,,,https://sansad.in/getFile/BillsTexts/LSBillTexts/Asintroduced/178 OF 2022 AS.pdf?source=legislation,,
175,"The Agnipath Scheme Bill, 2022",2022,Private Member,Financial Bill,DEFENCE,Lok Sabha,N.K. Premachandran Shri,2022-08-05,,,,Lapsed,,,,,https://sansad.in/getFile/BillsTexts/LSBillTexts/Asintroduced/175 OF 2022 AS.pdf?source=legislation,,
174,"The Anti-Drought Measure and Mitigation Bill, 2022",2022,Private Member,Financial Bill,WATER RESOURCES,Lok Sabha,Anurag Sharma Shri,2022-08-05,,,,Lapsed,,,,,https://sansad.in/getFile/BillsTexts/LSBillTexts/Asintroduced/174 OF 2022 AS.pdf?source=legislation,,
173,"The Bharatiya Rozgar Samhita Bill, 2022",2022,Private Member,Financial Bill,LABOUR,Lok Sabha,Feroze Varun Gandhi Shri,2022-08-05,,,,Lapsed,,,,,https://sansad.in/getFile/BillsTexts/LSBillTexts/Asintroduced/173 OF 2022 AS.pdf?source=legislation,,
172,"The Government Services (Regulation of Service Rules at Workplace in Appointments of Persons with Disabilities) Bill, 2022",2022,Private Member,Ordinary Bill,"PERSONNEL,  PUBLIC  GRIEVANCES  AND  PENSIONS",Lok Sabha,Pushpendra Singh Chandel Kunwar,2022-08-05,,,,Lapsed,,,,,https://sansad.in/getFile/BillsTexts/LSBillTexts/Asintroduced/172 OF 2022 AS.pdf?source=legislation,,
170,"The Victims of Riots, Communal Violence and Violent Protests (Equal Compensation) Bill, 2022",2022,Private Member,Financial Bill,HOME AFFAIRS,Lok Sabha,"Bind, Dr. Ramesh Chand",2022-08-05,,,,Lapsed,,,,,https://sansad.in/getFile/BillsTexts/LSBillTexts/Asintroduced/170 OF 2022 AS.pdf?source=legislation,,
169,"The Antarrashtriya Marathi Vishwavidyalaya Bill, 2022",2022,Private Member,Financial Bill,EDUCATION,Lok Sabha,Shrikant Eknath Shinde Dr.,2022-08-05,,,,Lapsed,,,,,https://sansad.in/getFile/BillsTexts/LSBillTexts/Asintroduced/169 OF 2022 AS.pdf?source=legislation,,
168,"The Fishermen (Protection and Welfare) Bill, 2022",2022,Private Member,Ordinary Bill,"fisheries, animal husbandry and dairying",Lok Sabha,Aparupa  Poddar Smt.,2022-08-05,,,,Lapsed,,,,,https://sansad.in/getFile/BillsTexts/LSBillTexts/Asintroduced/168 OF 2022 AS.pdf?source=legislation,,
164,"The Orphans (Reservation of Posts in Government Establishments and Welfare) Bill, 2022",2022,Private Member,Financial Bill,SOCIAL JUSTICE AND EMPOWERMENT,Lok Sabha,Janardan Singh Sigriwal Shri,2022-08-05,,,,Lapsed,,,,,https://sansad.in/getFile/BillsTexts/LSBillTexts/Asintroduced/164 OF 2022 AS.pdf?source=legislation,,
162,"The Compulsory Teaching of Urban Planning in Schools Bill, 2022",2022,Private Member,Financial Bill,EDUCATION,Lok Sabha,Shrikant Eknath Shinde Dr.,2022-08-05,,,,Lapsed,,,,,https://sansad.in/getFile/BillsTexts/LSBillTexts/Asintroduced/162 OF 2022 AS.pdf?source=legislation,,
161,"The Protection of Rights of Widows and Single Women and Abolishment of Widowhood Practices Bill, 2022",2022,Private Member,Financial Bill,WOMEN AND CHILD DEVELOPMENT,Lok Sabha,Supriya Sadanand Sule Smt.,2022-08-05,,,,Lapsed,,,,,https://sansad.in/getFile/BillsTexts/LSBillTexts/Asintroduced/161 OF 2022 AS.pdf?source=legislation,,
159,"The Conducting of Union Government Examinations in all Eighth Schedule Languages Bill, 2022",2022,Private Member,Financial Bill,"PERSONNEL,  PUBLIC  GRIEVANCES  AND  PENSIONS",Lok Sabha,Dhanush M Kumar Shri,2022-08-05,,,,Lapsed,,,,,https://sansad.in/getFile/BillsTexts/LSBillTexts/Asintroduced/159 OF 2022 AS.pdf?source=legislation,,
158,"The National Strategy for Reduction of Food Waste Bill, 2022",2022,Private Member,Ordinary Bill,"CONSUMER AFFAIRS, FOOD AND PUBLIC DISTRIBUTION",Lok Sabha,Dhanush M Kumar Shri,2022-08-05,,,,Lapsed,,,,,https://sansad.in/getFile/BillsTexts/LSBillTexts/Asintroduced/158 OF 2022 AS.pdf?source=legislation,,
156,"The National Commission for Economically Weaker Sections Bill, 2022",2022,Private Member,Financial Bill,SOCIAL JUSTICE AND EMPOWERMENT,Lok Sabha,P.V. Midhun Reddy Shri,2022-08-05,,,,Lapsed,,,,,https://sansad.in/getFile/BillsTexts/LSBillTexts/Asintroduced/156 OF 2022 AS.pdf?source=legislation,,
155,"The Residential Schools (for Scheduled Castes and Scheduled Tribes) Bill, 2022",2022,Private Member,Financial Bill,EDUCATION,Lok Sabha,Manoj Rajoria Dr.,2022-08-05,,,,Lapsed,,,,,https://sansad.in/getFile/BillsTexts/LSBillTexts/Asintroduced/155 OF 2022 AS.pdf?source=legislation,,
154,"The Right of Children to Free and Compulsory Education (Amendment) Bill, 2022 (Amendment of sections 2 and 3)",2022,Private Member,Financial Bill,EDUCATION,Lok Sabha,Aparupa  Poddar Smt.,2022-08-05,,,,Lapsed,,,,,https://sansad.in/getFile/BillsTexts/LSBillTexts/Asintroduced/154 OF 2022 AS.pdf?source=legislation,,
152,"The Legal Services Authorities (Amendment) Bill, 2022 (Amendment of section 12)",2022,Private Member,Ordinary Bill,LAW AND JUSTICE,Lok Sabha,N.K. Premachandran Shri,2022-08-05,,,,Lapsed,,,,,https://sansad.in/getFile/BillsTexts/LSBillTexts/Asintroduced/152 OF 2022 AS.pdf?source=legislation,,
148,"The Constitution (Amendment) Bill, 2022 (Amendment of article 239AA)",2022,Private Member,Ordinary Bill,SOCIAL JUSTICE AND EMPOWERMENT,Lok Sabha,Aparupa  Poddar Smt.,2022-08-05,,,,Lapsed,,,,,https://sansad.in/getFile/BillsTexts/LSBillTexts/Asintroduced/148 OF 2022 AS.pdf?source=legislation,,
147,"The Constitution (Amendment) Bill, 2022 (Amendment of article 312)",2022,Private Member,Ordinary Bill,HEALTH AND FAMILY WELFARE,Lok Sabha,Shrikant Eknath Shinde Dr.,2022-08-05,,,,Lapsed,,,,,https://sansad.in/getFile/BillsTexts/LSBillTexts/Asintroduced/147 OF 2022 AS.pdf?source=legislation,,
144,"The Youth Welfare Bill, 2022",2022,Private Member,Financial Bill,YOUTH AFFAIRS AND SPORTS,Lok Sabha,Janardan Singh Sigriwal Shri,2022-08-05,,,,Lapsed,,,,,https://sansad.in/getFile/BillsTexts/LSBillTexts/Asintroduced/144 OF 2022 AS.pdf?source=legislation,,
143,"The Madhya Pradesh Central Agricultural University Bill, 2022",2022,Private Member,Financial Bill,EDUCATION,Lok Sabha,Krishnapal Singh Yadav Dr.,2022-08-05,,,,Lapsed,,,,,https://sansad.in/getFile/BillsTexts/LSBillTexts/Asintroduced/143 OF 2022 AS.pdf?source=legislation,,
142,"The Rehabilitation and Relocation of Persons Displaced due to Climate Change Bill, 2022",2022,Private Member,Financial Bill,HOME AFFAIRS,Lok Sabha,Heena Vijaykumar Gavit Dr.,2022-08-05,,,,Lapsed,,,,,https://sansad.in/getFile/BillsTexts/LSBillTexts/Asintroduced/142 OF 2022 AS.pdf?source=legislation,,
139,"The National Emission Trading System  (Control of Green House Gas Emissions)  Bill, 2022",2022,Private Member,Financial Bill,ENVIRONMENT AND FORESTS,Lok Sabha,Vishnu Dayal Ram Shri,2022-08-05,,,,Lapsed,,,,,https://sansad.in/getFile/BillsTexts/LSBillTexts/Asintroduced/139 OF 2022 AS.pdf?source=legislation,,
137,"The Environment (Protection) Amendment Bill, 2022 (Amendment of section 2)",2022,Private Member,Ordinary Bill,ENVIRONMENT AND FORESTS,Lok Sabha,Nihal Chand Chauhan Shri,2022-08-05,,,,Lapsed,,,,,https://sansad.in/getFile/BillsTexts/LSBillTexts/Asintroduced/137 OF 2022 AS.pdf?source=legislation,,
136,"The Street Vendors (protection of Livelihood and Regulation of Street Vending) Amendment Bill, 2022( Insertion of new section 13A)",2022,Private Member,Financial Bill,Housing and Urban Affairs,Lok Sabha,"Bind, Dr. Ramesh Chand",2022-08-05,,,,Lapsed,,,,,https://sansad.in/getFile/BillsTexts/LSBillTexts/Asintroduced/136 OF 2022 AS.pdf?source=legislation,,
135,"The Electricity (Amendment) Bill, 2022 (Insertion of new section 126A)",2022,Private Member,Ordinary Bill,POWER,Lok Sabha,Hanuman Beniwal Shri,2022-08-05,,,,Lapsed,,,,,https://sansad.in/getFile/BillsTexts/LSBillTexts/Asintroduced/135 OF 2022 AS.pdf?source=legislation,,
134,"The Visually Impaired Persons (Protection of Rights) Bill, 2022",2022,Private Member,Financial Bill,SOCIAL JUSTICE AND EMPOWERMENT,Lok Sabha,Janardan Singh Sigriwal Shri,2022-08-05,,,,Lapsed,,,,,https://sansad.in/getFile/BillsTexts/LSBillTexts/Asintroduced/134 OF 2022 AS.pdf?source=legislation,,
133,"The Places of Worship (Special Provisions) Repeal Bill, 2022",2022,Private Member,Ordinary Bill,HOME AFFAIRS,Lok Sabha,Krishnapal Singh Yadav Dr.,2022-08-05,,,,Lapsed,,,,,https://sansad.in/getFile/BillsTexts/LSBillTexts/Asintroduced/133 OF 2022 AS.pdf?source=legislation,,
131,"The Compensatory Afforestation Fund (Amendment) Bill, 2022 (Amendment of sections 6 and 16)",2022,Private Member,Ordinary Bill,ENVIRONMENT AND FORESTS,Lok Sabha,Heena Vijaykumar Gavit Dr.,2022-08-05,,,,Lapsed,,,,,https://sansad.in/getFile/BillsTexts/LSBillTexts/Asintroduced/131 OF 2022 AS.pdf?source=legislation,,
130,"The Code of Criminal Procedure (Amendment) Bill, 2022 (Amendment of section 2, etc.)",2022,Private Member,Ordinary Bill,HOME AFFAIRS,Lok Sabha,Unmesh Bhaiyyasaheb Patil Shri,2022-08-05,,,,Lapsed,,,,,https://sansad.in/getFile/BillsTexts/LSBillTexts/Asintroduced/130 OF 2022 AS.pdf?source=legislation,,
128,"The Constitution (Amendment) Bill, 2022 (Insertion of new article 123A)",2022,Private Member,Ordinary Bill,LAW AND JUSTICE,Lok Sabha,P.P. Chaudhary Shri,2022-08-05,,,,Lapsed,,,,,https://sansad.in/getFile/BillsTexts/LSBillTexts/Asintroduced/128 OF 2022 AS.pdf?source=legislation,,
125,"The Protection of Human Rights (Amendment) Bill, 2022 (Amendment of section 2, etc.)",2022,Private Member,Ordinary Bill,HOME AFFAIRS,Lok Sabha,Supriya Sadanand Sule Smt.,2022-08-05,,,,Lapsed,,,,,https://sansad.in/getFile/BillsTexts/LSBillTexts/Asintroduced/125 OF 2022 AS.pdf?source=legislation,,
124,"The Hindu Religious Places of Worship (Prohibition of Marketing, Slaughtering, Trading, Cooking, Serving and Consumption of meat and Other Non-Vegetarian Food) Bill, 2022",2022,Private Member,Financial Bill,HEALTH AND FAMILY WELFARE,Lok Sabha,Chandra Prakash Joshi Shri,2022-08-05,,,,Lapsed,,,,,https://sansad.in/getFile/BillsTexts/LSBillTexts/Asintroduced/124 OF 2022 AS.pdf?source=legislation,,
121,"The Constitution (Amendment) Bill, 2022 (Omission of article 30)",2022,Private Member,Ordinary Bill,MINORITY AFFAIRS,Lok Sabha,Gopal Chinayya Shetty Shri,2022-08-05,,,,Lapsed,,,,,https://sansad.in/getFile/BillsTexts/LSBillTexts/Asintroduced/121 OF 2022 AS.pdf?source=legislation,,
120,"The Fishermen (Development and Welfare) Bill, 2022",2022,Private Member,Financial Bill,"fisheries, animal husbandry and dairying",Lok Sabha,Sukanta Majumdar Dr.,2022-08-05,,,,Lapsed,,,,,https://sansad.in/getFile/BillsTexts/LSBillTexts/Asintroduced/120 of 2022 AS.pdf?source=legislation,,
115,"The Compulsory Military Training Bill, 2022",2022,Private Member,Financial Bill,DEFENCE,Lok Sabha,Bhola Singh Shri,2022-08-05,,,,Lapsed,,,,,https://sansad.in/getFile/BillsTexts/LSBillTexts/Asintroduced/115 of 2022 As.pdf?source=legislation,,
114,"The Girl Child (Prevention of Commercialised Trafficking, Rehabilitation and Welfare) Bill, 2022",2022,Private Member,Financial Bill,WOMEN AND CHILD DEVELOPMENT,Lok Sabha,Sunil Kumar Singh Shri,2022-08-05,,,,Lapsed,,,,,https://sansad.in/getFile/BillsTexts/LSBillTexts/Asintroduced/114 of 2022 As.pdf?source=legislation,,
112,"The Special Irrigation Development Fund  (For Forest Areas) Bill, 2022",2022,Private Member,Financial Bill,WATER RESOURCES,Lok Sabha,Sunil Kumar Singh Shri,2022-08-05,,,,Lapsed,,,,,https://sansad.in/getFile/BillsTexts/LSBillTexts/Asintroduced/112 of 2022 As.pdf?source=legislation,,
107,"The Constitution (Amendment) Bill, 2022 (Amendment of the Eighth Schedule)",2022,Private Member,Ordinary Bill,HOME AFFAIRS,Lok Sabha,Diya Kumari Km.,2022-08-05,,,,Lapsed,,,,,https://sansad.in/getFile/BillsTexts/LSBillTexts/Asintroduced/107 OF 2022 AS.pdf?source=legislation,,
106,"The Juvenile Justice (Care and Protection of Children) Amendment Bill, 2022 (Amendment of section 86)",2022,Private Member,Ordinary Bill,WOMEN AND CHILD DEVELOPMENT,Lok Sabha,Bhartruhari Mahtab Shri,2022-08-05,,,,Lapsed,,,,,https://sansad.in/getFile/BillsTexts/LSBillTexts/Asintroduced/106 of 2022 as.pdf?source=legislation,,
105,"The District Development and Monitoring Committee for Implementation of Central Sector and Centrally Sponsored Schemes Bill, 2022",2022,Private Member,Financial Bill,RURAL DEVELOPMENT,Lok Sabha,Rajiv Pratap Rudy Shri,2022-08-05,,,,Lapsed,,,,,https://sansad.in/getFile/BillsTexts/LSBillTexts/Asintroduced/105 of 2022 As Introduced.pdf?source=legislation,,
104,"The Greenfield Infrastructure Development Boards Bill, 2022",2022,Private Member,Financial Bill,ROAD TRANSPORT AND HIGHWAYS,Lok Sabha,Rajiv Pratap Rudy Shri,2022-08-05,,,,Lapsed,,,,,https://sansad.in/getFile/BillsTexts/LSBillTexts/Asintroduced/104 of 2022 EV (As Copy).pdf?source=legislation,,
103,"The Breast Cancer Awareness  Bill, 2022",2022,Private Member,Financial Bill,HEALTH AND FAMILY WELFARE,Lok Sabha,"T. Sumathy (A) Thamizhachi Thangapandian, Dr.",2022-08-05,,,,Lapsed,,,,,https://sansad.in/getFile/BillsTexts/LSBillTexts/Asintroduced/103 OF 2022 AS.pdf?source=legislation,,
102,"The Prohibition of Publication and Dissemination of Objectionable Material on Religion Bill, 2022",2022,Private Member,Financial Bill,INFORMATION AND BROADCASTING,Lok Sabha,Sunil Kumar Singh Shri,2022-08-05,,,,Lapsed,,,,,https://sansad.in/getFile/BillsTexts/LSBillTexts/Asintroduced/102 of 2022 as introduced.pdf?source=legislation,,
101,"The Betel Growers (Welfare) Bill, 2022",2022,Private Member,Financial Bill,AGRICULTURE & FARMERS WELFARE,Lok Sabha,Sukanta Majumdar Dr.,2022-08-05,,,,Lapsed,,,,,https://sansad.in/getFile/BillsTexts/LSBillTexts/Asintroduced/101 OF 2022 AS.pdf?source=legislation,,
1,"The Constitution (Scheduled Castes) Order  (Amendment) Bill, 2022 (Amendment of the Schedule)",2022,Private Member,Financial Bill,SOCIAL JUSTICE AND EMPOWERMENT,Lok Sabha,Bidyut Baran Mahato Shri,2022-08-05,,,,Lapsed,,,,,https://sansad.in/getFile/BillsTexts/LSBillTexts/Asintroduced/1 OF 2022 AS.pdf?source=legislation,,
177,"THE ENERGY CONSERVATION (AMENDMENT) BILL, 2022",2022,Government,Ordinary Bill,POWER,Lok Sabha,,2022-08-03,2022-08-08,2022-12-12,19/12/2022,Assented,,,19,2022,https://sansad.in/getFile/BillsTexts/LSBillTexts/Asintroduced/177_2022_LS_Eng.pdf?source=legislation,,
177,"THE ENERGY CONSERVATION (AMENDMENT) BILL, 2022",2022,Government,Ordinary Bill,POWER,Lok Sabha,,2022-08-03,2022-08-08,2022-12-12,19/12/2022,Passed,,,19,2022,https://sansad.in/getFile/BillsTexts/LSBillTexts/Asintroduced/177_2022_LS_Eng.pdf?source=legislation,,
176,"THE CENTRAL UNIVERSITIES (AMENDMENT) BILL, 2022",2022,Government,Financial Bill,EDUCATION,Lok Sabha,,2022-08-01,2022-08-03,2022-08-08,16/08/2022,Assented,,,17,2022,https://sansad.in/getFile/BillsTexts/LSBillTexts/Asintroduced/176_ls_2022_English..pdf?source=legislation,,
176,"THE CENTRAL UNIVERSITIES (AMENDMENT) BILL, 2022",2022,Government,Financial Bill,EDUCATION,Lok Sabha,,2022-08-01,2022-08-03,2022-08-08,16/08/2022,Passed,,,17,2022,https://sansad.in/getFile/BillsTexts/LSBillTexts/Asintroduced/176_ls_2022_English..pdf?source=legislation,,
XXXV,"The Indian National Army Regiment Bill, 2022.",2022,Private Member,Ordinary Bill,DEFENCE,Rajya Sabha,Shanta Chhetri Smt.,2022-07-22,,,,Lapsed,,,,,https://sansad.in/getFile/BillsTexts/RSBillTexts/Asintroduced/Indian National Army-E.pdf?source=legislation,,
XXXIV,"The Compulsory Voting Bill, 2022.",2022,Private Member,Financial Bill,LAW AND JUSTICE,Rajya Sabha,Deepak Prakash Shri,2022-07-22,,,,Pending,,,,,https://sansad.in/getFile/BillsTexts/RSBillTexts/Asintroduced/compulsory voting-E.pdf?source=legislation,,
XXXIII,"The Right of Children to Free and Compulsory Education (Amendment) Bill, 2022.",2022,Private Member,Financial Bill,EDUCATION,Rajya Sabha,V. Sivadasan Dr.,2022-07-22,,,,Pending,,,,,https://sansad.in/getFile/BillsTexts/RSBillTexts/Asintroduced/Right of children-E.pdf?source=legislation,,
XXXII,"The Bengal Freedom Fighters Memorial Bill, 2022.",2022,Private Member,Ordinary Bill,CULTURE,Rajya Sabha,Shanta Chhetri Smt.,2022-07-22,,,,Lapsed,,,,,https://sansad.in/getFile/BillsTexts/RSBillTexts/Asintroduced/Bengal tiger-E.pdf?source=legislation,,
XXXI,"The Central Public Sector Enterprises (Protection of Interests of States) Bill, 2022.",2022,Private Member,Ordinary Bill,FINANCE,Rajya Sabha,John Brittas Dr.,2022-07-22,,,,Pending,,,,,https://sansad.in/getFile/BillsTexts/RSBillTexts/Asintroduced/central public-E.pdf?source=legislation,,
XXVII,"The Waqf (Amendment) Bill, 2022.",2022,Private Member,Ordinary Bill,MINORITY AFFAIRS,Rajya Sabha,Fauzia Khan Dr.,2022-07-22,,,,Removed,,,,,https://sansad.in/getFile/BillsTexts/RSBillTexts/Asintroduced/Waqf-E.pdf?source=legislation,,
XXVI,"The Constitution (Amendment) Bill, 2022 (amendment of articles 4, 55, 81etc.).",2022,Private Member,Constitutional Amendment Bill,LAW AND JUSTICE,Rajya Sabha,V. Sivadasan Dr.,2022-07-22,,,,Pending,,,,,https://sansad.in/getFile/BillsTexts/RSBillTexts/Asintroduced/const amend v sivadasan-E.pdf?source=legislation,,
XXV,"The Constitution (Amendment) Bill, 2022 (amendment of articles 246 and 254).",2022,Private Member,Constitutional Amendment Bill,LAW AND JUSTICE,Rajya Sabha,John Brittas Dr.,2022-07-22,,,,Pending,,,,,https://sansad.in/getFile/BillsTexts/RSBillTexts/Asintroduced/const amend John Brittas-E.pdf?source=legislation,,
XXIX,National Commission for the Welfare of Home-based Workers Bill 2022.,2022,Private Member,Financial Bill,LABOUR  AND  EMPLOYMENT,Rajya Sabha,Sandosh Kumar P Shri,2022-07-22,,,,Pending,,,,,https://sansad.in/getFile/BillsTexts/RSBillTexts/Asintroduced/home based worker-E.pdf?source=legislation,,
123,"The Family Courts (Amendment) Bill, 2022",2022,Government,Ordinary Bill,LAW AND JUSTICE,Lok Sabha,,2022-07-18,2022-07-26,2022-08-04,12/08/2022,Assented,,,16,2022,https://sansad.in/getFile/BillsTexts/LSBillTexts/Asintroduced/123_2022_LS_Eng.pdf?source=legislation,,
123,"The Family Courts (Amendment) Bill, 2022",2022,Government,Ordinary Bill,LAW AND JUSTICE,Lok Sabha,,2022-07-18,2022-07-26,2022-08-04,12/08/2022,Passed,,,16,2022,https://sansad.in/getFile/BillsTexts/LSBillTexts/Asintroduced/123_2022_LS_Eng.pdf?source=legislation,,
96,"The Weapons of Mass Destruction and their Delivery Systems (Prohibition of Unlawful Activities) Amendment Bill,  2022",2022,Government,Ordinary Bill,EXTERNAL AFFAIRS,Lok Sabha,,2022-04-05,2022-04-06,2022-08-01,06/08/2022,Assented,,,14,2022,https://sansad.in/getFile/BillsTexts/LSBillTexts/Asintroduced/96_2022_LS_E.pdf?source=legislation,,
96,"The Weapons of Mass Destruction and their Delivery Systems (Prohibition of Unlawful Activities) Amendment Bill,  2022",2022,Government,Ordinary Bill,EXTERNAL AFFAIRS,Lok Sabha,,2022-04-05,2022-04-06,2022-08-01,06/08/2022,Passed,,,14,2022,https://sansad.in/getFile/BillsTexts/LSBillTexts/Asintroduced/96_2022_LS_E.pdf?source=legislation,,
74,"The Payment of Minimum Wages (for Private School Teachers) Bill, 2020",2020,Private Member,Ordinary Bill,LABOUR,Lok Sabha,Rahul Kaswan Shri,2022-04-01,,,,Lapsed,,,,,https://sansad.in/getFile/BillsTexts/LSBillTexts/Asintroduced/74 of 2020 as introduced .pdf?source=legislation,,
72,"The Constitution (Amendment) Bill, 2020 (Amendment of articles 243C and 243D)",2020,Private Member,Ordinary Bill,PANCHAYATI   RAJ,Lok Sabha,Tholkappiyan Thirumaavalavan Dr.,2022-04-01,,,,Lapsed,,,,,https://sansad.in/getFile/BillsTexts/LSBillTexts/Asintroduced/72 of 2020 AS INTRODUCED.pdf?source=legislation,,
70,"The Regulation of Sale of Schedule-H Drugs Bill, 2020",2020,Private Member,Financial Bill,CHEMICALS AND FERTILIZERS,Lok Sabha,Rahul Kaswan Shri,2022-04-01,,,,Lapsed,,,,,https://sansad.in/getFile/BillsTexts/LSBillTexts/Asintroduced/70 of 2020As.pdf?source=legislation,,
47,"The Environment Protection (Management and Control of Non-biodegradable Waste)  Bill, 2020.",2020,Private Member,Financial Bill,ENVIRONMENT AND FORESTS,Lok Sabha,Sukanta Majumdar Dr.,2022-04-01,,,,Lapsed,,,,,https://sansad.in/getFile/BillsTexts/LSBillTexts/Asintroduced/47 of 2020AS INTR.pdf?source=legislation,,
44,"The Special Financial Assistance for Protection of Water Bodies in the State of Rajasthan Bill, 2020",2020,Private Member,Financial Bill,FINANCE,Lok Sabha,Chandra Prakash Joshi Shri,2022-04-01,,,,Lapsed,,,,,https://sansad.in/getFile/BillsTexts/LSBillTexts/Asintroduced/44 of 2020  AS INTR.pdf?source=legislation,,
15,"The Special Financial Assistance for Protection of Water Bodies in the State of Madhya Pradesh    Bill, 2020.",2020,Private Member,Financial Bill,FINANCE,Lok Sabha,Sudheer Gupta Shri,2022-04-01,,,,Lapsed,,,,,https://sansad.in/getFile/BillsTexts/LSBillTexts/Asintroduced/15 of 2020 As.pdf?source=legislation,,
12,"The Special  Financial Assistance to the State of  Punjab Bill, 2020.",2020,Private Member,Financial Bill,FINANCE,Lok Sabha,Santokh Singh Chaudhary Shri,2022-04-01,,,,Lapsed,,,,,https://sansad.in/getFile/BillsTexts/LSBillTexts/Asintroduced/12 of 2020 As.pdf?source=legislation,,
11,"The Constitution (Amendment) Bill, 2020 (Amendment of article 124, etc.)",2020,Private Member,Ordinary Bill,LAW AND JUSTICE,Lok Sabha,Santokh Singh Chaudhary Shri,2022-04-01,,,,Pending,,,,,https://sansad.in/getFile/BillsTexts/LSBillTexts/Asintroduced/11 of 2020AS INTRO.pdf?source=legislation,,
91,"The Representation of the People (Amendment) Bill, 2021 (Amendment of section 2, etc.)",2021,Private Member,Financial Bill,LAW AND JUSTICE,Lok Sabha,Tholkappiyan Thirumaavalavan Dr.,2022-04-01,,,,Lapsed,,,,,https://sansad.in/getFile/BillsTexts/LSBillTexts/Asintroduced/91 of 2021 as introduced.pdf?source=legislation,,
90,"The Constitution (Amendment) Bill, 2021 (Amendment of the Preamble, etc.)",2021,Private Member,Financial Bill,HOME AFFAIRS,Lok Sabha,Tholkappiyan Thirumaavalavan Dr.,2022-04-01,,,,Lapsed,,,,,https://sansad.in/getFile/BillsTexts/LSBillTexts/Asintroduced/90 of 2021 AS INTRODUCED.pdf?source=legislation,,
88,"The University Grants Commission (Amendment) Bill, 2021 (Insertion of new section 22A)",2021,Private Member,Ordinary Bill,EDUCATION,Lok Sabha,Rajendra Agrawal  Shri,2022-04-01,,,,Lapsed,,,,,https://sansad.in/getFile/BillsTexts/LSBillTexts/Asintroduced/88 of 2021 as introduced .pdf?source=legislation,,
74,"The Population (Stabilization and Control) Bill, 2021.",2021,Private Member,Financial Bill,HEALTH AND FAMILY WELFARE,Lok Sabha,Rajendra Agrawal  Shri,2022-04-01,,,,Lapsed,,,,,https://sansad.in/getFile/BillsTexts/LSBillTexts/Asintroduced/74 of 2021 Ev AS.pdf?source=legislation,,
7,"The Renewable Energy Resources Commission Bill, 2021.",2021,Private Member,Financial Bill,POWER,Lok Sabha,Sunil Kumar Singh Shri,2022-04-01,,,,Lapsed,,,,,https://sansad.in/getFile/BillsTexts/LSBillTexts/Asintroduced/7 of 2021  As Int...pdf?source=legislation,,
66,"The Forest (conservation) Amendment Bill, 2021 (Insertion of new section 2A)",2021,Private Member,Ordinary Bill,ENVIRONMENT AND FORESTS,Lok Sabha,Rahul Kaswan Shri,2022-04-01,,,,Lapsed,,,,,https://sansad.in/getFile/BillsTexts/LSBillTexts/Asintroduced/66 of 2021 AS.pdf?source=legislation,,
2,"The Hindu Marriage (Amendment) Bill, 2021 (Amendment of section 13).",2021,Private Member,Ordinary Bill,LAW AND JUSTICE,Lok Sabha,Manish Tewari Shri,2022-04-01,,,,Lapsed,,,,,https://sansad.in/getFile/BillsTexts/LSBillTexts/Asintroduced/2 of 2021 AS INTRODUCED.pdf?source=legislation,,
138,"The Constitution (Amendment) Bill, 2021 (Insertion of new article 239C)",2021,Private Member,Financial Bill,HOME AFFAIRS,Lok Sabha,M. K. Raghavan Shri,2022-04-01,,,,Lapsed,,,,,https://sansad.in/getFile/BillsTexts/LSBillTexts/Asintroduced/138 of 2021  as intro .pdf?source=legislation,,
135,"The Hepatitis (Prevention of Discrimination and Control) Bill, 2021",2021,Private Member,Financial Bill,HEALTH AND FAMILY WELFARE,Lok Sabha,Rajendra Agrawal  Shri,2022-04-01,,,,Lapsed,,,,,https://sansad.in/getFile/BillsTexts/LSBillTexts/Asintroduced/135 of 2021 as introduced.pdf?source=legislation,,
100,"The Compulsory Teaching of Sex Education in Educational Institutions Bill, 2021",2021,Private Member,Financial Bill,EDUCATION,Lok Sabha,Kinjarapu Ram Mohan Naidu Shri,2022-04-01,,,,Lapsed,,,,,https://sansad.in/getFile/BillsTexts/LSBillTexts/Asintroduced/100 of 2021 as introduce.pdf?source=legislation,,
XXIV,"The Kalimpong Films and Music Institution Bill, 2022",2022,Private Member,Ordinary Bill,INFORMATION AND BROADCASTING,Rajya Sabha,Shanta Chhetri Smt.,2022-04-01,,,,Lapsed,,,,,https://sansad.in/getFile/BillsTexts/RSBillTexts/Asintroduced/14-E_256.pdf?source=legislation,,
XXIII,"The Reservation in Employment in Disinvested Public Sector Undertakings Bill, 2022",2022,Private Member,Ordinary Bill,FINANCE,Rajya Sabha,K. Somaprasad Shri,2022-04-01,,,,Lapsed,,,,,https://sansad.in/getFile/BillsTexts/RSBillTexts/Asintroduced/Reservation in Employment-E.pdf?source=legislation,,
XXII,"The National Right to Land and Shelter Bill, 2022",2022,Private Member,Financial Bill,Housing and Urban Affairs,Rajya Sabha,V. Sivadasan Dr.,2022-04-01,,,,Pending,,,,,https://sansad.in/getFile/BillsTexts/RSBillTexts/Asintroduced/2 E_256.pdf?source=legislation,,
XXI,"The Juvenile Justice (Care and Protection of Children) Amendment Bill, 2022 (amendment of section 86)",2022,Private Member,Ordinary Bill,WOMEN AND CHILD DEVELOPMENT,Rajya Sabha,Sanjay Singh Shri,2022-04-01,,,,Removed,,,,,https://sansad.in/getFile/BillsTexts/RSBillTexts/Asintroduced/9-E_256.pdf?source=legislation,,
XX,"The Kuresong Gorkha Institute of Fashion and Design Bill, 202",2022,Private Member,Ordinary Bill,TEXTILES,Rajya Sabha,Shanta Chhetri Smt.,2022-04-01,,,,Lapsed,,,,,https://sansad.in/getFile/BillsTexts/RSBillTexts/Asintroduced/13-E_256.pdf?source=legislation,,
XVIII,"The Kashmiri Pandits (Recourse, Restitution, Rehabilitation and Resettlement) Bill, 2022",2022,Private Member,Ordinary Bill,HOME AFFAIRS,Rajya Sabha,Vivek K. Tankha Shri,2022-04-01,,,,Lapsed,,,,,https://sansad.in/getFile/BillsTexts/RSBillTexts/Asintroduced/11-E_256.pdf?source=legislation,,
XVII,"The Right to Free Electricity Bill, 2022",2022,Private Member,Ordinary Bill,POWER,Rajya Sabha,Sanjay Singh Shri,2022-04-01,,,,Removed,,,,,https://sansad.in/getFile/BillsTexts/RSBillTexts/Asintroduced/8-E_256.pdf?source=legislation,,
XVI,"The Constitution (Amendment) Bill, 2022 (amendment of articles 124, 217 and 222 etc.)",2022,Private Member,Ordinary Bill,LAW AND JUSTICE,Rajya Sabha,V. Vijayasai Reddy Shri,2022-04-01,,,,Lapsed,,,,,https://sansad.in/getFile/BillsTexts/RSBillTexts/Asintroduced/10-E_256.pdf?source=legislation,,
XV,"The Representation of the People (Amendment) Bill, 2022 (amendment of section 77 and insertion of new sections 127B, 127C and 127D)",2022,Private Member,Ordinary Bill,LAW AND JUSTICE,Rajya Sabha,Sasmit Patra Dr.,2022-04-01,,,,Lapsed,,,,,https://sansad.in/getFile/BillsTexts/RSBillTexts/Asintroduced/7-E_256.pdf?source=legislation,,
XIX,"The Legislation and Expenditure Accountability Bill, 2022",2022,Private Member,Ordinary Bill,LAW AND JUSTICE,Rajya Sabha,Sujeet Kumar Shri,2022-04-01,,,,Removed,,,,,https://sansad.in/getFile/BillsTexts/RSBillTexts/Asintroduced/16-E_256.pdf?source=legislation,,
XIV,"The Constitution (Amendment) Bill, 2022 (amendment of article 153 and substitution of articles 155 and 156)",2022,Private Member,Ordinary Bill,HOME AFFAIRS,Rajya Sabha,V. Sivadasan Dr.,2022-04-01,,,,Withdrawn,,,,,https://sansad.in/getFile/BillsTexts/RSBillTexts/Asintroduced/1(E)_256.pdf?source=legislation,,
XIII,"The Indian Contract Act (Amendment) Bill, 2022 (amendment of section 15)",2022,Private Member,Ordinary Bill,LAW AND JUSTICE,Rajya Sabha,Sasmit Patra Dr.,2022-04-01,,,,Lapsed,,,,,https://sansad.in/getFile/BillsTexts/RSBillTexts/Asintroduced/6-E_256.pdf?source=legislation,,
XII,"The Constitution (Amendment) Bill, 2022 (amendment of article 200)",2022,Private Member,Ordinary Bill,HOME AFFAIRS,Rajya Sabha,P. Wilson Shri,2022-04-01,,,,Removed,,,,,https://sansad.in/getFile/BillsTexts/RSBillTexts/Asintroduced/P wil-200-XII 22-E.pdf?source=legislation,,
XI,"Indian Penal Code (Amendment) Bill, 2022 (amendment of section 498A)",2022,Private Member,Ordinary Bill,HOME AFFAIRS,Rajya Sabha,Mahesh Poddar Shri,2022-04-01,,,,Lapsed,,,,,https://sansad.in/getFile/BillsTexts/RSBillTexts/Asintroduced/12-E_256.pdf?source=legislation,,
X,"The Constitution (Amendment) Bill, 2022 (amendment of articles 15 & 16)",2022,Private Member,Constitutional Amendment Bill,SOCIAL JUSTICE AND EMPOWERMENT,Rajya Sabha,John Brittas Dr.,2022-04-01,,,,Pending,,,,,https://sansad.in/getFile/BillsTexts/RSBillTexts/Asintroduced/3E_256.pdf?source=legislation,,
IX,"THE HIGH COURT OF KERALA (ESTABLISHMENT OF A PERMANENT BENCH AT THIRUVANANTHAPURAM) BILL, 2022",2022,Private Member,Ordinary Bill,LAW AND JUSTICE,Rajya Sabha,John Brittas Dr.,2022-04-01,,,,Pending,,,,,https://sansad.in/getFile/BillsTexts/RSBillTexts/Asintroduced/4-E_256.pdf?source=legislation,,
95,"The Indian Antarctic Bill, 2022",2022,Government,Financial Bill,EARTH SCIENCES,Lok Sabha,,2022-04-01,2022-07-22,2022-08-01,06/08/2022,Assented,,,13,2022,https://sansad.in/getFile/BillsTexts/LSBillTexts/Asintroduced/95_2022_LS_ENG.pdf?source=legislation,,
95,"The Indian Antarctic Bill, 2022",2022,Government,Financial Bill,EARTH SCIENCES,Lok Sabha,,2022-04-01,2022-07-22,2022-08-01,06/08/2022,Passed,,,13,2022,https://sansad.in/getFile/BillsTexts/LSBillTexts/Asintroduced/95_2022_LS_ENG.pdf?source=legislation,,
89,"The Mahatma Gandhi National Rural Employment Guarantee (Amendment) Bill, 2022 (Amendment of section 3, etc.).",2022,Private Member,Financial Bill,RURAL DEVELOPMENT,Lok Sabha,V.K. Sreekandan Shri,2022-04-01,,,,Lapsed,,,,,https://sansad.in/getFile/BillsTexts/LSBillTexts/Asintroduced/89 of 2022 As Introduced.pdf?source=legislation,,
87,"The Protection of Traditional Knowledge Bill, 2022.",2022,Private Member,Financial Bill,COMMERCE AND INDUSTRY,Lok Sabha,Shashi Tharoor Dr.,2022-04-01,,,,Lapsed,,,,,https://sansad.in/getFile/BillsTexts/LSBillTexts/Asintroduced/87 of 2022 AS.pdf?source=legislation,,
85,"The Indian Penal Code (Amendment) Bill, 2022 (Amendment of section 299).",2022,Private Member,Ordinary Bill,HOME AFFAIRS,Lok Sabha,V.K. Sreekandan Shri,2022-04-01,,,,Lapsed,,,,,https://sansad.in/getFile/BillsTexts/LSBillTexts/Asintroduced/85 of 2022 AS Intro Bill No.pdf?source=legislation,,
84,"The High Court of Rajasthan (Establishment of a Permanent Bench at Rajsamand Bill, 2022.",2022,Private Member,Ordinary Bill,LAW AND JUSTICE,Lok Sabha,Diya Kumari Km.,2022-04-01,,,,Lapsed,,,,,https://sansad.in/getFile/BillsTexts/LSBillTexts/Asintroduced/84 of 2022 as introduced.pdf?source=legislation,,
78,"The Online Gaming (Regulation) Bill, 2022.",2022,Private Member,Financial Bill,ELECTRONICS AND INFORMATION TECHNOLOGY,Lok Sabha,Dean Kuriakose Adv.,2022-04-01,,,,Lapsed,,,,,https://sansad.in/getFile/BillsTexts/LSBillTexts/Asintroduced/78 of 2022 as introduced.pdf?source=legislation,,
75,"The Unlawful Activities (Prevention) Repeal Bill, 2022.",2022,Private Member,Ordinary Bill,HOME AFFAIRS,Lok Sabha,Shashi Tharoor Dr.,2022-04-01,,,,Lapsed,,,,,https://sansad.in/getFile/BillsTexts/LSBillTexts/Asintroduced/75 of 2022 as intro.pdf?source=legislation,,
74,"The Special Financial Assistance for Geo Mapping of Trees in the State of Madhya Pradesh Bill, 2022.",2022,Private Member,Financial Bill,FINANCE,Lok Sabha,Sudheer Gupta Shri,2022-04-01,,,,Lapsed,,,,,https://sansad.in/getFile/BillsTexts/LSBillTexts/Asintroduced/74 of 2022 as introduced.pdf?source=legislation,,
71,"The Payment of Compensation to Victims of Attack by Wild Animals Bill, 2022",2022,Private Member,Financial Bill,ENVIRONMENT AND FORESTS,Lok Sabha,Devji Mansingram Patel Shri,2022-04-01,,,,Lapsed,,,,,https://sansad.in/getFile/BillsTexts/LSBillTexts/Asintroduced/71 of 2022 as introduced.pdf?source=legislation,,
68,"The Rural Medical Education Bill, 2022",2022,Private Member,Financial Bill,HEALTH AND FAMILY WELFARE,Lok Sabha,Supriya Sadanand Sule Smt.,2022-04-01,,,,Lapsed,,,,,https://sansad.in/getFile/BillsTexts/LSBillTexts/Asintroduced/68 of 2022  As intro.pdf?source=legislation,,
67,"The Special marriage (Amendment) Bill, 2022 (Insertion of new section 4A, etc.)",2022,Private Member,Ordinary Bill,LAW AND JUSTICE,Lok Sabha,Supriya Sadanand Sule Smt.,2022-04-01,,,,Lapsed,,,,,https://sansad.in/getFile/BillsTexts/LSBillTexts/Asintroduced/67 of 2022 As introduced.pdf?source=legislation,,
66,"The Code on Social Security (Amendment) Bill, 2022 (Amendment of section 60, etc.).",2022,Private Member,Financial Bill,LABOUR,Lok Sabha,Poonamben Hematbhai Maadam Smt.,2022-04-01,,,,Lapsed,,,,,https://sansad.in/getFile/BillsTexts/LSBillTexts/Asintroduced/66 of 2022 As Introduced.....pdf?source=legislation,,
65,"The Thalassemia Prevention Bill, 2022.",2022,Private Member,Financial Bill,HEALTH AND FAMILY WELFARE,Lok Sabha,"Shewale, Shri Rahul Ramesh",2022-04-01,,,,Lapsed,,,,,https://sansad.in/getFile/BillsTexts/LSBillTexts/Asintroduced/65 of 2022 as introduced.pdf?source=legislation,,
64,"The Representation of the People (Amendment) Bill, 2022 (Amendment of section 62)",2022,Private Member,Ordinary Bill,LAW AND JUSTICE,Lok Sabha,"Shewale, Shri Rahul Ramesh",2022-04-01,,,,Lapsed,,,,,https://sansad.in/getFile/BillsTexts/LSBillTexts/Asintroduced/64 of 2022  (E.V) As Int..pdf?source=legislation,,
63,"The Palliative Care Board Bill, 2022.",2022,Private Member,Financial Bill,HEALTH AND FAMILY WELFARE,Lok Sabha,Dean Kuriakose Adv.,2022-04-01,,,,Lapsed,,,,,https://sansad.in/getFile/BillsTexts/LSBillTexts/Asintroduced/63 of 2022 As Introduced  (EV).pdf?source=legislation,,
61,"The Constitution (Amendment) Bill, 2022 (Insertion of new article 338C)",2022,Private Member,Financial Bill,SOCIAL JUSTICE AND EMPOWERMENT,Lok Sabha,N.K. Premachandran Shri,2022-04-01,,,,Lapsed,,,,,https://sansad.in/getFile/BillsTexts/LSBillTexts/Asintroduced/61 of 2022-As-(EV).pdf?source=legislation,,
60,"The Special Financial Assistance for Geo Mapping of Trees in the State of Rajasthan Bill, 2022",2022,Private Member,Financial Bill,FINANCE,Lok Sabha,Chandra Prakash Joshi Shri,2022-04-01,,,,Lapsed,,,,,https://sansad.in/getFile/BillsTexts/LSBillTexts/Asintroduced/60 of 2022 As Introduced Bill .pdf?source=legislation,,
59,"The Universal Health Insurance Bill, 2022.",2022,Private Member,Financial Bill,HEALTH AND FAMILY WELFARE,Lok Sabha,M. K. Raghavan Shri,2022-04-01,,,,Lapsed,,,,,https://sansad.in/getFile/BillsTexts/LSBillTexts/Asintroduced/59 of 2022  EV (AS).pdf?source=legislation,,
58,"The Right to Fair Compensation and Transparency in Land Acquisition, Rehabilitation and Resettlement (Amendment) Bill, 2022 (Insertion of new sections 40A and 40B).",2022,Private Member,Financial Bill,RURAL DEVELOPMENT,Lok Sabha,"Shewale, Shri Rahul Ramesh",2022-04-01,,,,Lapsed,,,,,https://sansad.in/getFile/BillsTexts/LSBillTexts/Asintroduced/58 of 2022 as introduced.pdf?source=legislation,,
55,"The Constitution (Amendment) Bill, 2022 (Insertion of new article 21B)",2022,Private Member,Financial Bill,HEALTH AND FAMILY WELFARE,Lok Sabha,M. K. Raghavan Shri,2022-04-01,,,,Lapsed,,,,,https://sansad.in/getFile/BillsTexts/LSBillTexts/Asintroduced/55 of 2022 AS Bill.pdf?source=legislation,,
54,"The Indian Penal Code (Amendment) Bill, 2022 (Insertion of section 72A, etc.).",2022,Private Member,Ordinary Bill,HOME AFFAIRS,Lok Sabha,Aparupa  Poddar Smt.,2022-04-01,,,,Lapsed,,,,,https://sansad.in/getFile/BillsTexts/LSBillTexts/Asintroduced/54 of 2022 AS Bill.pdf?source=legislation,,
53,"The Rights of Persons with Disabilities (Amendment) Bill, 2022 (Amendment of section 2, etc.).",2022,Private Member,Ordinary Bill,SOCIAL JUSTICE AND EMPOWERMENT,Lok Sabha,Dean Kuriakose Adv.,2022-04-01,,,,Lapsed,,,,,https://sansad.in/getFile/BillsTexts/LSBillTexts/Asintroduced/53 of 2022 As Introduced Bill No.pdf?source=legislation,,
51,"The Widows (Protection and Maintenance) Bill, 2022.",2022,Private Member,Financial Bill,WOMEN AND CHILD DEVELOPMENT,Lok Sabha,Janardan Singh Sigriwal Shri,2022-04-01,,,,Lapsed,,,,,https://sansad.in/getFile/BillsTexts/LSBillTexts/Asintroduced/51 of 2022 (As).pdf?source=legislation,,
49,"The Betel Growers (Remunerative Price and Welfare Bill, 2022",2022,Private Member,Financial Bill,AGRICULTURE & FARMERS WELFARE,Lok Sabha,Pushpendra Singh Chandel Kunwar,2022-04-01,,,,Lapsed,,,,,https://sansad.in/getFile/BillsTexts/LSBillTexts/Asintroduced/49 of 2022  as intro.pdf?source=legislation,,
48,"The Indian Penal Code (Amendment) Bill, 2022 (Amendment of sections 88 and 89).",2022,Private Member,Ordinary Bill,HOME AFFAIRS,Lok Sabha,Aparupa  Poddar Smt.,2022-04-01,,,,Lapsed,,,,,https://sansad.in/getFile/BillsTexts/LSBillTexts/Asintroduced/48 of 2022 as intro.pdf?source=legislation,,
47,"The Conversion Therapy (Prohibition) Bill, 2022",2022,Private Member,Ordinary Bill,HEALTH AND FAMILY WELFARE,Lok Sabha,Aparupa  Poddar Smt.,2022-04-01,,,,Lapsed,,,,,https://sansad.in/getFile/BillsTexts/LSBillTexts/Asintroduced/47 of 2022 as introduced.pdf?source=legislation,,
40,"The Rights of Persons with Disabilities (Amendment) Bill, 2022 (Insertion of new Chapter X(A))",2022,Private Member,Financial Bill,SOCIAL JUSTICE AND EMPOWERMENT,Lok Sabha,Chinta Anuradha Smt.,2022-04-01,,,,Lapsed,,,,,https://sansad.in/getFile/BillsTexts/LSBillTexts/Asintroduced/40 of 2022 (As introduced).pdf?source=legislation,,
39,"The Constitution (Amendment) Bill, 2022 (Amendment of article 1)",2022,Private Member,Ordinary Bill,HOME AFFAIRS,Lok Sabha,Pushpendra Singh Chandel Kunwar,2022-04-01,,,,Lapsed,,,,,https://sansad.in/getFile/BillsTexts/LSBillTexts/Asintroduced/39 of 2022 as intro.pdf?source=legislation,,
38,"The Constitution (Amendment) Bill, 2022 (Amendment of article 51A).",2022,Private Member,Ordinary Bill,HOME AFFAIRS,Lok Sabha,Janardan Singh Sigriwal Shri,2022-04-01,,,,Lapsed,,,,,https://sansad.in/getFile/BillsTexts/LSBillTexts/Asintroduced/38 of 2022 As intro.pdf?source=legislation,,
37,"The Health Insurance (For Persons Living Below Poverty Line) Bill, 2022.",2022,Private Member,Financial Bill,HEALTH AND FAMILY WELFARE,Lok Sabha,Janardan Singh Sigriwal Shri,2022-04-01,,,,Lapsed,,,,,https://sansad.in/getFile/BillsTexts/LSBillTexts/Asintroduced/37 of 2022 as introduced pdf.pdf?source=legislation,,
36,"The Essential Commodities (Amendment) Bill, 2022 (Amendment of section 2, etc.)",2022,Private Member,Ordinary Bill,"CONSUMER AFFAIRS, FOOD AND PUBLIC DISTRIBUTION",Lok Sabha,Abdul Khaleque  Shri,2022-04-01,,,,Lapsed,,,,,https://sansad.in/getFile/BillsTexts/LSBillTexts/Asintroduced/36 of 2022 as introduced.pdf?source=legislation,,
34,"The Central Universities (Amendment) Bill, 2022 (Insertion of new section 3F, etc.).",2022,Private Member,Financial Bill,EDUCATION,Lok Sabha,Abdul Khaleque  Shri,2022-04-01,,,,Lapsed,,,,,https://sansad.in/getFile/BillsTexts/LSBillTexts/Asintroduced/34 of 2022 As introduced.pdf?source=legislation,,
33,"The Constitution (Amendment) Bill, 2022 (Insertion of new article 338C)",2022,Private Member,Financial Bill,WOMEN AND CHILD DEVELOPMENT,Lok Sabha,Chandra Prakash Joshi Shri,2022-04-01,,,,Lapsed,,,,,https://sansad.in/getFile/BillsTexts/LSBillTexts/Asintroduced/33 of 2022 as introduced.pdf?source=legislation,,
31,"The Constitution (Amendment) Bill, 2022 (Amendment of Eighth Schedule).",2022,Private Member,Ordinary Bill,HOME AFFAIRS,Lok Sabha,Jamyang Tsering Namgyal Shri,2022-04-01,,,,Lapsed,,,,,https://sansad.in/getFile/BillsTexts/LSBillTexts/Asintroduced/31 of 2022 AS Intro.pdf?source=legislation,,
29,"The Constitution (Scheduled Tribes) Order (Amendment) Bill, 2022 (Amendment of the Schedule)",2022,Private Member,Financial Bill,TRIBAL AFFAIRS,Lok Sabha,"DNV Senthilkumar S, Dr.",2022-04-01,,,,Lapsed,,,,,https://sansad.in/getFile/BillsTexts/LSBillTexts/Asintroduced/29 of 2022 AS INTRO.pdf?source=legislation,,
28,"The LGBTQIA+ Persons (Protection of Rights) Bill, 2022",2022,Private Member,Ordinary Bill,SOCIAL JUSTICE AND EMPOWERMENT,Lok Sabha,"DNV Senthilkumar S, Dr.",2022-04-01,,,,Lapsed,,,,,https://sansad.in/getFile/BillsTexts/LSBillTexts/Asintroduced/28 of 2022 (AS).pdf?source=legislation,,
27,"The Farmers Right to Guaranteed Minimum Support Price Realization of Agricultural Produce Bill, 2022",2022,Private Member,Financial Bill,AGRICULTURE & FARMERS WELFARE,Lok Sabha,Feroze Varun Gandhi Shri,2022-04-01,,,,Lapsed,,,,,https://sansad.in/getFile/BillsTexts/LSBillTexts/Asintroduced/27 of 2022 as introduced.pdf?source=legislation,,
26,"The App Developers (Protection) Bill, 2022",2022,Private Member,Financial Bill,ELECTRONICS AND INFORMATION TECHNOLOGY,Lok Sabha,Sri Krishna Devarayalu Lavu Shri,2022-04-01,,,,Lapsed,,,,,https://sansad.in/getFile/BillsTexts/LSBillTexts/Asintroduced/26 of 2022 As introduced.pdf?source=legislation,,
24,"The Solid Waste Management Bill, 2022",2022,Private Member,Financial Bill,ENVIRONMENT AND FORESTS,Lok Sabha,"Kathir Anand, Shri Durai Murugan",2022-04-01,,,,Lapsed,,,,,https://sansad.in/getFile/BillsTexts/LSBillTexts/Asintroduced/24 of 2022  As int..pdf?source=legislation,,
23,"Right to Adequate Housing (One Family-One Toilet) Bill, 2022",2022,Private Member,Financial Bill,Housing and Urban Affairs,Lok Sabha,Gopal Chinayya Shetty Shri,2022-04-01,,,,Lapsed,,,,,https://sansad.in/getFile/BillsTexts/LSBillTexts/Asintroduced/23 of 2022 as introduced .pdf?source=legislation,,
19,"The Code of Criminal Procedure (Amendment) Bill, 2022 (Amendment of section 2, etc.)",2022,Private Member,Financial Bill,HOME AFFAIRS,Lok Sabha,T Sumathy Alias Thamizhachi Thangapandian Dr.,2022-04-01,,,,Lapsed,,,,,https://sansad.in/getFile/BillsTexts/LSBillTexts/Asintroduced/19 of 2022 AS INTRODUCED.pdf?source=legislation,,
11,"The Constitution (Amendment) Bill, 2022 (Insertion of new article 21B)",2022,Private Member,Financial Bill,HEALTH AND FAMILY WELFARE,Lok Sabha,D. Ravikumar Dr.,2022-04-01,,,,Lapsed,,,,,https://sansad.in/getFile/BillsTexts/LSBillTexts/Asintroduced/11 of 2022  as introduced .pdf?source=legislation,,
93,"The Criminal Procedure (Identification) Bill, 2022",2022,Government,Ordinary Bill,HOME AFFAIRS,Lok Sabha,,2022-03-28,2022-04-04,2022-04-06,18/04/2022,Assented,,,11,2022,https://sansad.in/getFile/BillsTexts/LSBillTexts/Asintroduced/93_2022_LS_ENG.pdf?source=legislation,,https://sansad.in/getFile/BillsPDFFiles/Notification/2022-93-gaz.pdf?source=loksabhadocs
93,"The Criminal Procedure (Identification) Bill, 2022",2022,Government,Ordinary Bill,HOME AFFAIRS,Lok Sabha,,2022-03-28,2022-04-04,2022-04-06,18/04/2022,Passed,,,11,2022,https://sansad.in/getFile/BillsTexts/LSBillTexts/Asintroduced/93_2022_LS_ENG.pdf?source=legislation,,https://sansad.in/getFile/BillsPDFFiles/Notification/2022-93-gaz.pdf?source=loksabhadocs
91,"THE CONSTITUTION (SCHEDULED CASTES AND SCHEDULED TRIBES) ORDERS (SECOND AMENDMENT) BILL, 2022",2022,Government,Financial Bill,TRIBAL AFFAIRS,Lok Sabha,,2022-03-28,2022-04-01,2022-12-14,24/12/2022,Assented,,,20,2022,https://sansad.in/getFile/BillsTexts/LSBillTexts/Asintroduced/91_2022_LS_ENG.pdf?source=legislation,,
91,"THE CONSTITUTION (SCHEDULED CASTES AND SCHEDULED TRIBES) ORDERS (SECOND AMENDMENT) BILL, 2022",2022,Government,Financial Bill,TRIBAL AFFAIRS,Lok Sabha,,2022-03-28,2022-04-01,2022-12-14,24/12/2022,Passed,,,20,2022,https://sansad.in/getFile/BillsTexts/LSBillTexts/Asintroduced/91_2022_LS_ENG.pdf?source=legislation,,
92,"The Delhi Municipal Corporation (Amendment) Bill, 2022",2022,Government,Ordinary Bill,HOME AFFAIRS,Lok Sabha,,2022-03-25,2022-03-30,2022-04-05,18/04/2022,Assented,,,10,2022,https://sansad.in/getFile/BillsTexts/LSBillTexts/Asintroduced/92 _2022_LS_ENG.pdf?source=legislation,,https://sansad.in/getFile/BillsPDFFiles/Notification/2022-92-gaz.pdf?source=loksabhadocs
92,"The Delhi Municipal Corporation (Amendment) Bill, 2022",2022,Government,Ordinary Bill,HOME AFFAIRS,Lok Sabha,,2022-03-25,2022-03-30,2022-04-05,18/04/2022,Passed,,,10,2022,https://sansad.in/getFile/BillsTexts/LSBillTexts/Asintroduced/92 _2022_LS_ENG.pdf?source=legislation,,https://sansad.in/getFile/BillsPDFFiles/Notification/2022-92-gaz.pdf?source=loksabhadocs
81,"The Appropriation Bill, 2022",2022,Government,Money Bill,FINANCE,Lok Sabha,,2022-03-24,2022-03-24,2022-03-29,30/03/2022,Assented,,,7,2022,https://sansad.in/getFile/BillsTexts/LSBillTexts/Asintroduced/81 _2022_LS_ENG.pdf?source=legislation,,
81,"The Appropriation Bill, 2022",2022,Government,Money Bill,FINANCE,Lok Sabha,,2022-03-24,2022-03-24,2022-03-29,30/03/2022,Passed,,,7,2022,https://sansad.in/getFile/BillsTexts/LSBillTexts/Asintroduced/81 _2022_LS_ENG.pdf?source=legislation,,
83,"The Appropriation (No.3) Bill, 2022",2022,Government,Money Bill,FINANCE,Lok Sabha,,2022-03-14,2022-03-14,2022-03-21,23/03/2022,Assented,,,3,2022,https://sansad.in/getFile/BillsTexts/LSBillTexts/Asintroduced/83_2022_LS_Eng.pdf?source=legislation,,https://sansad.in/getFile/BillsPDFFiles/Notification/2022-83-gaz.pdf?source=loksabhadocs
83,"The Appropriation (No.3) Bill, 2022",2022,Government,Money Bill,FINANCE,Lok Sabha,,2022-03-14,2022-03-14,2022-03-21,23/03/2022,Passed,,,3,2022,https://sansad.in/getFile/BillsTexts/LSBillTexts/Asintroduced/83_2022_LS_Eng.pdf?source=legislation,,https://sansad.in/getFile/BillsPDFFiles/Notification/2022-83-gaz.pdf?source=loksabhadocs
82,"The Appropriation (No.2) Bill, 2022",2022,Government,Money Bill,FINANCE,Lok Sabha,,2022-03-14,2022-03-14,2022-03-21,23/03/2022,Assented,,,2,2022,https://sansad.in/getFile/BillsTexts/LSBillTexts/Asintroduced/82_2022_LS_Eng.pdf?source=legislation,,https://sansad.in/getFile/BillsPDFFiles/Notification/2022-82-gaz.pdf?source=loksabhadocs
82,"The Appropriation (No.2) Bill, 2022",2022,Government,Money Bill,FINANCE,Lok Sabha,,2022-03-14,2022-03-14,2022-03-21,23/03/2022,Passed,,,2,2022,https://sansad.in/getFile/BillsTexts/LSBillTexts/Asintroduced/82_2022_LS_Eng.pdf?source=legislation,,https://sansad.in/getFile/BillsPDFFiles/Notification/2022-82-gaz.pdf?source=loksabhadocs
80,"The Jammu and Kashmir Appropriation (No.2) Bill, 2022",2022,Government,Money Bill,FINANCE,Lok Sabha,,2022-03-14,2022-03-14,2022-03-23,25/03/2022,Assented,,,5,2022,https://sansad.in/getFile/BillsTexts/LSBillTexts/Asintroduced/80_2022_LS_Eng.pdf?source=legislation,,https://sansad.in/getFile/BillsPDFFiles/Notification/2022-80-gaz.pdf?source=loksabhadocs
80,"The Jammu and Kashmir Appropriation (No.2) Bill, 2022",2022,Government,Money Bill,FINANCE,Lok Sabha,,2022-03-14,2022-03-14,2022-03-23,25/03/2022,Passed,,,5,2022,https://sansad.in/getFile/BillsTexts/LSBillTexts/Asintroduced/80_2022_LS_Eng.pdf?source=legislation,,https://sansad.in/getFile/BillsPDFFiles/Notification/2022-80-gaz.pdf?source=loksabhadocs
79,"The Jammu and Kashmir Appropriation Bill, 2022",2022,Government,Money Bill,FINANCE,Lok Sabha,,2022-03-14,2022-03-14,2022-03-23,25/03/2022,Assented,,,4,2022,https://sansad.in/getFile/BillsTexts/LSBillTexts/Asintroduced/79_2022_LS_Eng.pdf?source=legislation,,https://sansad.in/getFile/BillsPDFFiles/Notification/2022-79-gaz.pdf?source=loksabhadocs
79,"The Jammu and Kashmir Appropriation Bill, 2022",2022,Government,Money Bill,FINANCE,Lok Sabha,,2022-03-14,2022-03-14,2022-03-23,25/03/2022,Passed,,,4,2022,https://sansad.in/getFile/BillsTexts/LSBillTexts/Asintroduced/79_2022_LS_Eng.pdf?source=legislation,,https://sansad.in/getFile/BillsPDFFiles/Notification/2022-79-gaz.pdf?source=loksabhadocs
VIII,"The Constitution (Scheduled Castes and Scheduled Tribes) Orders (Amendment) Bill, 2022",2022,Government,Ordinary Bill,TRIBAL AFFAIRS,Rajya Sabha,,2022-02-07,2022-04-05,2022-03-30,08/04/2022,Passed,,,8,2022,https://sansad.in/getFile/BillsTexts/RSBillTexts/Asintroduced/SC ST-RSI-7 2 22-E.pdf?source=legislation,,
21,"THE CONSTITUTION (SCHEDULED TRIBES) ORDER (AMENDMENT) BILL, 2022",2022,Government,Financial Bill,TRIBAL AFFAIRS,Lok Sabha,,2022-02-07,2022-03-28,2022-04-06,18/04/2022,Assented,,,9,2022,https://sansad.in/getFile/BillsTexts/LSBillTexts/Asintroduced/21_2022_LS_Eng.pdf?source=legislation,,https://sansad.in/getFile/BillsPDFFiles/Notification/2022-21-gaz.pdf?source=loksabhadocs
21,"THE CONSTITUTION (SCHEDULED TRIBES) ORDER (AMENDMENT) BILL, 2022",2022,Government,Financial Bill,TRIBAL AFFAIRS,Lok Sabha,,2022-02-07,2022-03-28,2022-04-06,18/04/2022,Passed,,,9,2022,https://sansad.in/getFile/BillsTexts/LSBillTexts/Asintroduced/21_2022_LS_Eng.pdf?source=legislation,,https://sansad.in/getFile/BillsPDFFiles/Notification/2022-21-gaz.pdf?source=loksabhadocs
XIX,"The Constitution (Amendment) Bill, 2020 (amendment of Preamble and article 51A)",2020,Private Member,Ordinary Bill,HOME AFFAIRS,Rajya Sabha,Amar Patnaik Dr.,2022-02-04,,,,Removed,,,,,https://sansad.in/getFile/BillsTexts/RSBillTexts/Asintroduced/const amend art 51A-E.pdf?source=legislation,,
92,"The National Commission for Creation of Small States Bill, 2020",2020,Private Member,Financial Bill,HOME AFFAIRS,Lok Sabha,Malook Nagar Shri,2022-02-04,,,,Lapsed,,,,,https://sansad.in/getFile/BillsTexts/LSBillTexts/Asintroduced/92 of 2020  As In.pdf?source=legislation,,
69,"The Information Technology (Amendment) Bill, 2020 (Amendment of section 7)",2020,Private Member,Ordinary Bill,ELECTRONICS AND INFORMATION TECHNOLOGY,Lok Sabha,Suresh Kodikunnil Shri,2022-02-04,,,,Lapsed,,,,,https://sansad.in/getFile/BillsTexts/LSBillTexts/Asintroduced/69 of 2020 As Int.pdf?source=legislation,,
63,"The Welfare of Families of Defence Personnel Bill, 2020",2020,Private Member,Financial Bill,DEFENCE,Lok Sabha,Manoj Kishorbhai Kotak Shri,2022-02-04,,,,Lapsed,,,,,https://sansad.in/getFile/BillsTexts/LSBillTexts/Asintroduced/63 of 2020As.pdf?source=legislation,,
57,"The Constitution (Amendment) Bill, 2020 (Amendment of article 16)",2020,Private Member,Ordinary Bill,SOCIAL JUSTICE AND EMPOWERMENT,Lok Sabha,Suresh Kodikunnil Shri,2022-02-04,,,,Lapsed,,,,,https://sansad.in/getFile/BillsTexts/LSBillTexts/Asintroduced/57 of 2020  AS INTRO.pdf?source=legislation,,
54,"The Right of Children to Free and Compulsory Education (Amendment) Bill, 2020 (Insertion of new section 6A)",2020,Private Member,Financial Bill,EDUCATION,Lok Sabha,Nihal Chand Chauhan Shri,2022-02-04,,,,Lapsed,,,,,https://sansad.in/getFile/BillsTexts/LSBillTexts/Asintroduced/54 of 2020AS INTRO.pdf?source=legislation,,
53,"The Pre-School Regulatory Authority Bill, 2020",2020,Private Member,Financial Bill,EDUCATION,Lok Sabha,Manoj Kishorbhai Kotak Shri,2022-02-04,,,,Lapsed,,,,,https://sansad.in/getFile/BillsTexts/LSBillTexts/Asintroduced/53 of 2020 AS INTRO.pdf?source=legislation,,
51,"The National Crop Insurance Commission Bill, 2020",2020,Private Member,Financial Bill,AGRICULTURE & FARMERS WELFARE,Lok Sabha,Nihal Chand Chauhan Shri,2022-02-04,,,,Lapsed,,,,,https://sansad.in/getFile/BillsTexts/LSBillTexts/Asintroduced/51 of 2020  As.pdf?source=legislation,,
50,"The Compulsory Donation of Surplus Food Bill, 2020",2020,Private Member,Financial Bill,"CONSUMER AFFAIRS, FOOD AND PUBLIC DISTRIBUTION",Lok Sabha,Feroze Varun Gandhi Shri,2022-02-04,,,,Lapsed,,,,,https://sansad.in/getFile/BillsTexts/LSBillTexts/Asintroduced/50 of 2020 As Int....pdf?source=legislation,,
43,"The Protection of Farmers Families Bill, 2020.",2020,Private Member,Financial Bill,AGRICULTURE & FARMERS WELFARE,Lok Sabha,Malook Nagar Shri,2022-02-04,,,,Lapsed,,,,,https://sansad.in/getFile/BillsTexts/LSBillTexts/Asintroduced/43 of 2020 AS.pdf?source=legislation,,
41,"The Farmers (Guaranteed Income and Welfare) Bill, 2020",2020,Private Member,Financial Bill,AGRICULTURE & FARMERS WELFARE,Lok Sabha,Malook Nagar Shri,2022-02-04,,,,Lapsed,,,,,https://sansad.in/getFile/BillsTexts/LSBillTexts/Asintroduced/41 of 2020  AS INTRO.pdf?source=legislation,,
40,"The Secularism and Communal Harmony (Preservation) Bill, 2020",2020,Private Member,Ordinary Bill,LAW AND JUSTICE,Lok Sabha,Sougata Ray Prof.,2022-02-04,,,,Lapsed,,,,,https://sansad.in/getFile/BillsTexts/LSBillTexts/Asintroduced/40 of 2020 as introduced .pdf?source=legislation,,
35,"The Special Financial Assistance to the Korapur, Balangir and Kalahandi Region of the State of Odisha Bill, 2020",2020,Private Member,Financial Bill,FINANCE,Lok Sabha,Sangeeta Kumari Singh Deo Smt.,2022-02-04,,,,Lapsed,,,,,https://sansad.in/getFile/BillsTexts/LSBillTexts/Asintroduced/35 of 2020 AS INTRO.pdf?source=legislation,,
30,"The Commission for the Formation of the State of Vidarbha Bill, 2020.",2020,Private Member,Financial Bill,HOME AFFAIRS,Lok Sabha,Ramdas Chandrabhanji Tadas Shri,2022-02-04,,,,Lapsed,,,,,https://sansad.in/getFile/BillsTexts/LSBillTexts/Asintroduced/30 of 2020As Int....pdf?source=legislation,,
3,"The Heritage Cities and Sites (Conservation and Development) Bill, 2020.",2020,Private Member,Financial Bill,CULTURE,Lok Sabha,Ranjeeta Koli Smt.,2022-02-04,,,,Lapsed,,,,,https://sansad.in/getFile/BillsTexts/LSBillTexts/Asintroduced/3 of 2020 as.pdf?source=legislation,,
23,"The Online Platform Delivery Personnel (Protection) Bill, 2020.",2020,Private Member,Financial Bill,LABOUR,Lok Sabha,Kirit Premjibhai Solanki Dr. (Prof.),2022-02-04,,,,Lapsed,,,,,https://sansad.in/getFile/BillsTexts/LSBillTexts/Asintroduced/23 of 2020 as.pdf?source=legislation,,
22,"The Gutka and Pan Masala (Prohibition) Bill, 2020.",2020,Private Member,Ordinary Bill,HEALTH AND FAMILY WELFARE,Lok Sabha,Kirit Premjibhai Solanki Dr. (Prof.),2022-02-04,,,,Lapsed,,,,,https://sansad.in/getFile/BillsTexts/LSBillTexts/Asintroduced/22 of 2020 as.pdf?source=legislation,,
107,"The Right of Persons with Disabilities (Amendment) Bill, 2020 (Amendment of section 2, etc.).",2020,Private Member,Financial Bill,SOCIAL JUSTICE AND EMPOWERMENT,Lok Sabha,Nishikant  Dubey Dr.,2022-02-04,,,,Lapsed,,,,,https://sansad.in/getFile/BillsTexts/LSBillTexts/Asintroduced/107 of 2020 AS INTRODUCED.pdf?source=legislation,,
104,"The Single Use Plastic (Regulation) Bill, 2020",2020,Private Member,Financial Bill,ENVIRONMENT AND FORESTS,Lok Sabha,Nishikant  Dubey Dr.,2022-02-04,,,,Lapsed,,,,,https://sansad.in/getFile/BillsTexts/LSBillTexts/Asintroduced/104 of 2020 AS INTRODUCED.pdf?source=legislation,,
103,"The Constitution (Amendment) Bill, 2020 (Amendment of article 124)",2020,Private Member,Ordinary Bill,LAW AND JUSTICE,Lok Sabha,P.P. Chaudhary Shri,2022-02-04,,,,Lapsed,,,,,https://sansad.in/getFile/BillsTexts/LSBillTexts/Asintroduced/103 of 2020 AS INTRODUCED.pdf?source=legislation,,
102,"The Reduction of Food Wastage and Redistribution of Excess Food Bill, 2020",2020,Private Member,Financial Bill,"CONSUMER AFFAIRS, FOOD AND PUBLIC DISTRIBUTION",Lok Sabha,"Syed Imtiaz Jaleel, Shri",2022-02-04,,,,Lapsed,,,,,https://sansad.in/getFile/BillsTexts/LSBillTexts/Asintroduced/102 of 2020 As In.pdf?source=legislation,,
101,"The Judicious Use of Tax Revenue (For Government Advertisements) Bill, 2020.",2020,Private Member,Financial Bill,INFORMATION AND BROADCASTING,Lok Sabha,Supriya Sule Smt.,2022-02-04,,,,Lapsed,,,,,https://sansad.in/getFile/BillsTexts/LSBillTexts/Asintroduced/101 of 2020  AS INTRODUCED.pdf?source=legislation,,
1,"The Maintenance of Food, Potable Water and Fodder Supplies in Drought Affected Areas Bill, 2020.",2020,Private Member,Financial Bill,AGRICULTURE & FARMERS WELFARE,Lok Sabha,Ranjeeta Koli Smt.,2022-02-04,,,,Lapsed,,,,,https://sansad.in/getFile/BillsTexts/LSBillTexts/Asintroduced/1 of 2020 AS INTRO.pdf?source=legislation,,
XXXVIII,"The Council on Climate Change Bill, 2021",2021,Private Member,Financial Bill,"ENVIRONMENT, FOREST AND CLIMATE CHANGE",Rajya Sabha,Priyanka Chaturvedi Smt.,2022-02-04,,,,Removed,,,,,https://sansad.in/getFile/BillsTexts/RSBillTexts/Asintroduced/council on climate change-E.pdf?source=legislation,,
XXV,"The Indian Penal Code (Amendment) Bill, 2021",2021,Private Member,Ordinary Bill,HOME AFFAIRS,Rajya Sabha,Elamaram Kareem Shri,2022-02-04,,,,Lapsed,,,,,https://sansad.in/getFile/BillsTexts/RSBillTexts/Asintroduced/IPC 124A.pdf?source=legislation,,
XXIII,"The Labour Codes (Repeal) Bill, 2021",2021,Private Member,Ordinary Bill,LABOUR  AND  EMPLOYMENT,Rajya Sabha,Elamaram Kareem Shri,2022-02-04,,,,Removed,,,,,https://sansad.in/getFile/BillsTexts/RSBillTexts/Asintroduced/labour codes repeal-E.pdf?source=legislation,,
XV,"The Central Educational Institutions (Reservation in Admission) Amendment Bill, 2021",2021,Private Member,Ordinary Bill,EDUCATION,Rajya Sabha,Amar Patnaik Dr.,2022-02-04,,,,Removed,,,,,https://sansad.in/getFile/BillsTexts/RSBillTexts/Asintroduced/cent education-E.pdf?source=legislation,,
XLII,"The Right to Health Bill, 2021",2021,Private Member,Ordinary Bill,HEALTH AND FAMILY WELFARE,Rajya Sabha,Manoj Kumar Jha Prof.,2022-02-04,,,,Withdrawn,,,,,https://sansad.in/getFile/BillsTexts/RSBillTexts/Asintroduced/right to health-E.pdf?source=legislation,,
XLI,"The Epidemic Diseases (Amendment) Bill, 2021",2021,Private Member,Financial Bill,HEALTH AND FAMILY WELFARE,Rajya Sabha,Priyanka Chaturvedi Smt.,2022-02-04,,,,Removed,,,,,https://sansad.in/getFile/BillsTexts/RSBillTexts/Asintroduced/epidemic priyanka-E.pdf?source=legislation,,
XL,"The Constitution (Amendment) Bill, 2021 (amendment of the Preamble)",2021,Private Member,Constitutional Amendment Bill,HOME AFFAIRS,Rajya Sabha,V. Sivadasan Dr.,2022-02-04,,,,Pending,,,,,https://sansad.in/getFile/BillsTexts/RSBillTexts/Asintroduced/const amend (preamble)-E.pdf?source=legislation,,
XI,"The Lokpal And Lokayuktas (Amendment) Bill, 2021",2021,Private Member,Ordinary Bill,"PERSONNEL,  PUBLIC  GRIEVANCES  AND  PENSIONS",Rajya Sabha,Amar Patnaik Dr.,2022-02-04,,,,Removed,,,,,https://sansad.in/getFile/BillsTexts/RSBillTexts/Asintroduced/lokpal and lokayukta-E.pdf?source=legislation,,
V,"The Criminal Laws (Amendment) Bill, 2021",2021,Private Member,Ordinary Bill,HOME AFFAIRS,Rajya Sabha,Prashanta Nanda Dr.,2022-02-04,,,,Lapsed,,,,,https://sansad.in/getFile/BillsTexts/RSBillTexts/Asintroduced/criminal law amend-E.pdf?source=legislation,,
92,"The Right to Work Bill, 2021",2021,Private Member,Financial Bill,LABOUR,Lok Sabha,Alok Kumar Suman Dr.,2022-02-04,,,,Lapsed,,,,,https://sansad.in/getFile/BillsTexts/LSBillTexts/Asintroduced/92 of 2021 (AS).pdf?source=legislation,,
87,"The Constitution (Amendment) Bill, 2021 (Amendment of article 51A).",2021,Private Member,Ordinary Bill,LAW AND JUSTICE,Lok Sabha,P.P. Chaudhary Shri,2022-02-04,,,,Lapsed,,,,,https://sansad.in/getFile/BillsTexts/LSBillTexts/Asintroduced/87 of 2021  (AS) Ev.pdf?source=legislation,,
81,"The Population Control Bill, 2021",2021,Private Member,Financial Bill,HEALTH AND FAMILY WELFARE,Lok Sabha,Nishikant  Dubey Dr.,2022-02-04,,,,Lapsed,,,,,https://sansad.in/getFile/BillsTexts/LSBillTexts/Asintroduced/81 of 2021 as introduced.pdf?source=legislation,,
80,"The Compulsory Yoga and Sports Education in Schools Bill, 2021",2021,Private Member,Financial Bill,EDUCATION,Lok Sabha,Alok Kumar Suman Dr.,2022-02-04,,,,Lapsed,,,,,https://sansad.in/getFile/BillsTexts/LSBillTexts/Asintroduced/80 of 2021 AS INTRODUCED.pdf?source=legislation,,
8,"The Women's (Reservation in Workplace) Bill, 2021.",2021,Private Member,Financial Bill,WOMEN AND CHILD DEVELOPMENT,Lok Sabha,Rama Devi Smt.,2022-02-04,,,,Lapsed,,,,,https://sansad.in/getFile/BillsTexts/LSBillTexts/Asintroduced/8 of 2021 As Int....pdf?source=legislation,,
78,"The Other Backward Classes (Removal of Creamy Layer Criteria) Bill, 2021",2021,Private Member,Ordinary Bill,"PERSONNEL,  PUBLIC  GRIEVANCES  AND  PENSIONS",Lok Sabha,Ganesh Singh Shri,2022-02-04,,,,Lapsed,,,,,https://sansad.in/getFile/BillsTexts/LSBillTexts/Asintroduced/78 of 2021 as introduced.pdf?source=legislation,,
64,"The Indian Penal Code (Amendment) Bill, 2021 (Omission of section 124A)",2021,Private Member,Ordinary Bill,HOME AFFAIRS,Lok Sabha,Mohammad Jawed Dr.,2022-02-04,,,,Lapsed,,,,,https://sansad.in/getFile/BillsTexts/LSBillTexts/Asintroduced/64 of 2021 as introduced AN.pdf?source=legislation,,
52,"The Beggars (Empowerment, Skill Development and Rehabilitation) Bill, 2021",2021,Private Member,Financial Bill,SOCIAL JUSTICE AND EMPOWERMENT,Lok Sabha,Alok Kumar Suman Dr.,2022-02-04,,,,Lapsed,,,,,https://sansad.in/getFile/BillsTexts/LSBillTexts/Asintroduced/52 of 2021 AS INTRODUCED.pdf?source=legislation,,
45,"The Asylum Bill, 2021",2021,Private Member,Financial Bill,HOME AFFAIRS,Lok Sabha,Shashi Tharoor Dr.,2022-02-04,,,,Lapsed,,,,,https://sansad.in/getFile/BillsTexts/LSBillTexts/Asintroduced/45 of 2021 As (PDF).pdf?source=legislation,,
40,"The Uniform Civil Code Bill, 2021",2021,Private Member,Ordinary Bill,HOME AFFAIRS,Lok Sabha,Sushil Kumar Singh Shri,2022-02-04,,,,Lapsed,,,,,https://sansad.in/getFile/BillsTexts/LSBillTexts/Asintroduced/40 of 2021  AS.pdf?source=legislation,,
39,"The Right of Children to Free and Compulsory Education (Amendment) Bill, 2021 (Amendment of section 2, etc.)",2021,Private Member,Financial Bill,EDUCATION,Lok Sabha,Sushil Kumar Singh Shri,2022-02-04,,,,Lapsed,,,,,https://sansad.in/getFile/BillsTexts/LSBillTexts/Asintroduced/39 of 2021 AS INTRODUCED.pdf?source=legislation,,
32,"The Constitution (Amendment) Bill, 2021 (Amendment of article 124)",2021,Private Member,Ordinary Bill,LAW AND JUSTICE,Lok Sabha,P.P. Chaudhary Shri,2022-02-04,,,,Lapsed,,,,,https://sansad.in/getFile/BillsTexts/LSBillTexts/Asintroduced/32 of 2021 (As Introduced) .pdf?source=legislation,,
30,"The National Board for Creation of Small States Bill, 2021.",2021,Private Member,Financial Bill,HOME AFFAIRS,Lok Sabha,Pushpendra Singh Chandel Kunwar,2022-02-04,,,,Lapsed,,,,,https://sansad.in/getFile/BillsTexts/LSBillTexts/Asintroduced/30 of 2021 AS INTRODUCED.pdf?source=legislation,,
27,"The Prevention of Acid Attacks and Rehabilitation of Acid Attack Victims Bill, 2021",2021,Private Member,Financial Bill,HOME AFFAIRS,Lok Sabha,Bhartruhari Mahtab Shri,2022-02-04,,,,Lapsed,,,,,https://sansad.in/getFile/BillsTexts/LSBillTexts/Asintroduced/27 of 2021 AS INTRODUCED.pdf?source=legislation,,
23,"The Protection of Women from Domestic Violence (Amendment) Bill, 2021 (Amendment of sections 5 and 9).",2021,Private Member,Ordinary Bill,WOMEN AND CHILD DEVELOPMENT,Lok Sabha,Rama Devi Smt.,2022-02-04,,,,Lapsed,,,,,https://sansad.in/getFile/BillsTexts/LSBillTexts/Asintroduced/23 of 2021  As Int....pdf?source=legislation,,
22,"The Constitution (Amendment) Bill, 2021 (Amendment of articles 84 and 173)",2021,Private Member,Ordinary Bill,LAW AND JUSTICE,Lok Sabha,Bhartruhari Mahtab Shri,2022-02-04,,,,Lapsed,,,,,https://sansad.in/getFile/BillsTexts/LSBillTexts/Asintroduced/22 of 2021 As Int....pdf?source=legislation,,
20,"The Constitution (Amendment) Bill, 2021 (Substitution of new article and subheading thereto for article 29)",2021,Private Member,Ordinary Bill,LAW AND JUSTICE,Lok Sabha,Bhartruhari Mahtab Shri,2022-02-04,,,,Lapsed,,,,,https://sansad.in/getFile/BillsTexts/LSBillTexts/Asintroduced/20 of 2021 AS.pdf?source=legislation,,
157,"The National Urban Employment Guarantee Bill, 2021",2021,Private Member,Financial Bill,Housing and Urban Affairs,Lok Sabha,Gaddam Ranjith Reddy Dr.,2022-02-04,,,,Lapsed,,,,,https://sansad.in/getFile/BillsTexts/LSBillTexts/Asintroduced/157 of 2021 As i.pdf?source=legislation,,
156,"The Code on  Social Security (Amendment) Bill, 2021 (Amendment  of section 2, etc.)",2021,Private Member,Ordinary Bill,LABOUR,Lok Sabha,Heena Vijaykumar Gavit Dr.,2022-02-04,,,,Lapsed,,,,,https://sansad.in/getFile/BillsTexts/LSBillTexts/Asintroduced/156 of 2021 As i.pdf?source=legislation,,
154,"The Waqf (Amendment) Bill, 2021 (Insertion of  new Section 43A)",2021,Private Member,Ordinary Bill,MINORITY AFFAIRS,Lok Sabha,Sanjay Bhatia Shri,2022-02-04,,,,Lapsed,,,,,https://sansad.in/getFile/BillsTexts/LSBillTexts/Asintroduced/154 of 2021 as.pdf?source=legislation,,
153,"The Persons Living  on  Riverine Islands in the  State of  Assam (Welfare and  Census) Bill, 2021",2021,Private Member,Financial Bill,HOME AFFAIRS,Lok Sabha,Abdul Khaleque  Shri,2022-02-04,,,,Lapsed,,,,,https://sansad.in/getFile/BillsTexts/LSBillTexts/Asintroduced/153 of 2021 As int.pdf?source=legislation,,
150,"The Provisions of the Municipalities (Extension to  the Scheduled Areas) Bill, 2021",2021,Private Member,Ordinary Bill,Housing and Urban Affairs,Lok Sabha,Heena Vijaykumar Gavit Dr.,2022-02-04,,,,Lapsed,,,,,https://sansad.in/getFile/BillsTexts/LSBillTexts/Asintroduced/150 of 2021 As in.pdf?source=legislation,,
149,"The Special  Financial Assistance for Ancient Monuments and  Archaeological   Sites and Remains in the State of  Tamil Nadu Bill, 2021",2021,Private Member,Financial Bill,FINANCE,Lok Sabha,"Kathir Anand, Shri Durai Murugan",2022-02-04,,,,Lapsed,,,,,https://sansad.in/getFile/BillsTexts/LSBillTexts/Asintroduced/149 of 2021 As in.pdf?source=legislation,,
146,"The Scheduled Tribes (Reservation in Posts and  Services and  Filling up of  Vacancies in a  Time Bound Manner) Bill, 2021",2021,Private Member,Financial Bill,"PERSONNEL,  PUBLIC  GRIEVANCES  AND  PENSIONS",Lok Sabha,Heena Vijaykumar Gavit Dr.,2022-02-04,,,,Lapsed,,,,,https://sansad.in/getFile/BillsTexts/LSBillTexts/Asintroduced/146 of 2021 as introduced.pdf?source=legislation,,
145,"The Constitution (Amendment) Bill, 2021 (Amendment of  article 243C)",2021,Private Member,Ordinary Bill,PANCHAYATI   RAJ,Lok Sabha,Kunwar Danish Ali,2022-02-04,,,,Lapsed,,,,,https://sansad.in/getFile/BillsTexts/LSBillTexts/Asintroduced/145 of 2021 as introduced.pdf?source=legislation,,
14,"The Other Backward Classes and Economically Weaker Sections (Census and Other Welfare Provisions) Bill, 2021",2021,Private Member,Financial Bill,HOME AFFAIRS,Lok Sabha,Ganesh Singh Shri,2022-02-04,,,,Lapsed,,,,,https://sansad.in/getFile/BillsTexts/LSBillTexts/Asintroduced/14 of 2021 AS.pdf?source=legislation,,
133,"The Compulsory Teaching of Knowledge, Traditions and Practices of India in Educational Institutions Bill, 2021",2021,Private Member,Financial Bill,EDUCATION,Lok Sabha,Parvesh Sahib Singh Shri,2022-02-04,,,,Lapsed,,,,,https://sansad.in/getFile/BillsTexts/LSBillTexts/Asintroduced/133 of 2021 AS INTRODUCED.pdf?source=legislation,,
131,"The Andhra Pradesh Reorganisation (Amendment) Bill, 2021 (Amendment of Thirteenth Schedule)",2021,Private Member,Financial Bill,HOME AFFAIRS,Lok Sabha,Gaddam Ranjith Reddy Dr.,2022-02-04,,,,Lapsed,,,,,https://sansad.in/getFile/BillsTexts/LSBillTexts/Asintroduced/131 of 2021  AS intro .pdf?source=legislation,,
13,"The Women (Development and Welfare) Authority Bill, 2021.",2021,Private Member,Financial Bill,WOMEN AND CHILD DEVELOPMENT,Lok Sabha,Rama Devi Smt.,2022-02-04,,,,Lapsed,,,,,https://sansad.in/getFile/BillsTexts/LSBillTexts/Asintroduced/13 of 2021 as.pdf?source=legislation,,
11,"The Mahatma Gandhi national Rural Employment Guarantee (Amendment) Bill, 2021 (Amendment of Schedule I)",2021,Private Member,Financial Bill,RURAL DEVELOPMENT,Lok Sabha,Nihal Chand Chauhan Shri,2022-02-04,,,,Lapsed,,,,,https://sansad.in/getFile/BillsTexts/LSBillTexts/Asintroduced/11 of 2021  AS INTRO.pdf?source=legislation,,
10,"The Distressed Widows and Single Women (Protection, Rehabilitation and Welfare) Bill, 2021.",2021,Private Member,Financial Bill,WOMEN AND CHILD DEVELOPMENT,Lok Sabha,Ranjeeta Koli Smt.,2022-02-04,,,,Lapsed,,,,,https://sansad.in/getFile/BillsTexts/LSBillTexts/Asintroduced/10 of 2021 as.pdf?source=legislation,,
VII,"The Victims of Acid Attacks, Rehabilitation, Support and Healthcare Bill, 2022",2022,Private Member,Financial Bill,WOMEN AND CHILD DEVELOPMENT,Rajya Sabha,Fauzia Khan Dr.,2022-02-04,,,,Removed,,,,,https://sansad.in/getFile/BillsTexts/RSBillTexts/Asintroduced/victim of acid attack-E.pdf?source=legislation,,
VI,"The Constitution (Amendment) Bill, 2022 (amendment of the Seventh Schedule)",2022,Private Member,Ordinary Bill,EDUCATION,Rajya Sabha,P. Wilson Shri,2022-02-04,,,,Removed,,,,,https://sansad.in/getFile/BillsTexts/RSBillTexts/Asintroduced/const amend 7sch-E.pdf?source=legislation,,
III,"The Darjeeling Sports University Bill, 2022",2022,Private Member,Ordinary Bill,YOUTH AFFAIRS AND SPORTS,Rajya Sabha,Shanta Chhetri Smt.,2022-02-04,,,,Lapsed,,,,,https://sansad.in/getFile/BillsTexts/RSBillTexts/Asintroduced/darjeeling sport-E.pdf?source=legislation,,
II,"The Criminal Laws (Amendment) Bill, 2022",2022,Private Member,Ordinary Bill,HOME AFFAIRS,Rajya Sabha,Fauzia Khan Dr.,2022-02-04,,,,Lapsed,,,,,https://sansad.in/getFile/BillsTexts/RSBillTexts/Asintroduced/criminal law amend insrt 52-E.pdf?source=legislation,,
I,"The Constitution (Amendment) Bill, 2022 (substitution of article 168 and omission of article 169)",2022,Private Member,Constitutional Amendment Bill,LAW AND JUSTICE,Rajya Sabha,Fauzia Khan Dr.,2022-02-04,,,,Removed,,,,,https://sansad.in/getFile/BillsTexts/RSBillTexts/Asintroduced/const amend substituion of 168-E.pdf?source=legislation,,
9,"The Hindu Marriage (Amendment) Bill, 2022 (Insertion of new section 7A)",2022,Private Member,Ordinary Bill,LAW AND JUSTICE,Lok Sabha,"DNV Senthilkumar S, Dr.",2022-02-04,,,,Lapsed,,,,,https://sansad.in/getFile/BillsTexts/LSBillTexts/Asintroduced/9 of 2022 AS INTRODUCED.pdf?source=legislation,,
8,"The Prevention of Cruelty to Animals (Amendment) Bill, 2022 (Amendment of sections 11 and 20)",2022,Private Member,Ordinary Bill,"fisheries, animal husbandry and dairying",Lok Sabha,Shyam Singh Yadav Shri,2022-02-04,,,,Lapsed,,,,,https://sansad.in/getFile/BillsTexts/LSBillTexts/Asintroduced/8 of 2022 as introduced .pdf?source=legislation,,
7,"The Bureau of Accountability Bill, 2022.",2022,Private Member,Financial Bill,"PERSONNEL,  PUBLIC  GRIEVANCES  AND  PENSIONS",Lok Sabha,Gopal Chinayya Shetty Shri,2022-02-04,,,,Lapsed,,,,,https://sansad.in/getFile/BillsTexts/LSBillTexts/Asintroduced/7 of 2022 AS INTRODUCED.pdf?source=legislation,,
6,"The Members of Parliament (Adoption of Sportspersons) Bill, 2022",2022,Private Member,Financial Bill,YOUTH AFFAIRS AND SPORTS,Lok Sabha,Parvesh Sahib Singh Shri,2022-02-04,,,,Lapsed,,,,,https://sansad.in/getFile/BillsTexts/LSBillTexts/Asintroduced/6 of 2022 as introduced .pdf?source=legislation,,
5,"The Direct Cash Transfer (Financial Assistance to Poor Households) Bill, 2022.",2022,Private Member,Financial Bill,FINANCE,Lok Sabha,N.K. Premachandran Shri,2022-02-04,,,,Lapsed,,,,,https://sansad.in/getFile/BillsTexts/LSBillTexts/Asintroduced/5 of 2022 AS INTRODCUED.pdf?source=legislation,,
4,"The Constitution (Amendment) Bill, 2022 (Insertion of new article 21B)",2022,Private Member,Financial Bill,Housing and Urban Affairs,Lok Sabha,A. Raja Shri,2022-02-04,,,,Lapsed,,,,,https://sansad.in/getFile/BillsTexts/LSBillTexts/Asintroduced/4 of 2022 as introduced.pdf?source=legislation,,
3,"The  Constitution (Amendment) Bill, 2022 (Amendment of the Preamble, etc.)",2022,Private Member,Ordinary Bill,HOME AFFAIRS,Lok Sabha,Gopal Chinayya Shetty Shri,2022-02-04,,,,Lapsed,,,,,https://sansad.in/getFile/BillsTexts/LSBillTexts/Asintroduced/3 of 2022 (As) .pdf?source=legislation,,
20,"The Constitution (Amendment) Bill, 2022  (Substitution of new article for article 85, etc.) )",2022,Private Member,Ordinary Bill,PARLIAMENTARY  AFFAIRS,Lok Sabha,Jayant Sinha Shri,2022-02-04,,,,Lapsed,,,,,https://sansad.in/getFile/BillsTexts/LSBillTexts/Asintroduced/20 of 2022 AS INTRODUCED.pdf?source=legislation,,
17,"The Indian Penal Code (Amendment) Bill, 2022 (Amendment of section 166)",2022,Private Member,Ordinary Bill,HOME AFFAIRS,Lok Sabha,Arvind Ganpat Sawant Shri,2022-02-04,,,,Lapsed,,,,,https://sansad.in/getFile/BillsTexts/LSBillTexts/Asintroduced/17 of 2022 as introduced.pdf?source=legislation,,
16,"The Infants, Children and Young Adults (Comprehensive Care and Protection) Bill, 2022",2022,Private Member,Financial Bill,WOMEN AND CHILD DEVELOPMENT,Lok Sabha,Veeraswamy Kalanidhi Dr.,2022-02-04,,,,Lapsed,,,,,https://sansad.in/getFile/BillsTexts/LSBillTexts/Asintroduced/16 of 2022 as introduced.pdf?source=legislation,,
15,"The Compulsory Teaching of Financial Education Bill, 2022",2022,Private Member,Financial Bill,EDUCATION,Lok Sabha,Parvesh Sahib Singh Shri,2022-02-04,,,,Lapsed,,,,,https://sansad.in/getFile/BillsTexts/LSBillTexts/Asintroduced/15 of 2022 as intro.pdf?source=legislation,,
14,"The Constitution (Amendment) Bill, 2022 (Insertion of new article 16A)",2022,Private Member,Ordinary Bill,SOCIAL JUSTICE AND EMPOWERMENT,Lok Sabha,A. Raja Shri,2022-02-04,,,,Lapsed,,,,,https://sansad.in/getFile/BillsTexts/LSBillTexts/Asintroduced/14 of 2022 (As intro).pdf?source=legislation,,
12,"The  Martyrs (Payment of Adequate Compensation) Bill, 2022",2022,Private Member,Financial Bill,DEFENCE,Lok Sabha,Dileshwar Kamait Shri,2022-02-04,,,,Lapsed,,,,,https://sansad.in/getFile/BillsTexts/LSBillTexts/Asintroduced/12 of 2022 to be AN.pdf?source=legislation,,
10,"The Narcotic Drugs and Psychotropic Substances (Amendment) Bill, 2022  (Amendment of section 2, etc.)",2022,Private Member,Ordinary Bill,FINANCE,Lok Sabha,V.K. Sreekandan Shri,2022-02-04,,,,Lapsed,,,,,https://sansad.in/getFile/BillsTexts/LSBillTexts/Asintroduced/10 of 2022 AS INTRODUCED.pdf?source=legislation,,
18,"The Finance Bill, 2022",2022,Government,Money Bill,FINANCE,Lok Sabha,,2022-02-01,2022-03-25,2022-03-29,30/03/2022,Assented,,,6,2022,https://sansad.in/getFile/BillsTexts/LSBillTexts/Asintroduced/18_2022_LS_E.pdf?source=legislation,,https://sansad.in/getFile/BillsPDFFiles/Notification/2022-18-gaz.pdf?source=loksabhadocs
18,"The Finance Bill, 2022",2022,Government,Money Bill,FINANCE,Lok Sabha,,2022-02-01,2022-03-25,2022-03-29,30/03/2022,Passed,,,6,2022,https://sansad.in/getFile/BillsTexts/LSBillTexts/Asintroduced/18_2022_LS_E.pdf?source=legislation,,https://sansad.in/getFile/BillsPDFFiles/Notification/2022-18-gaz.pdf?source=loksabhadocs
163,"THE PROHIBITION OF CHILD MARRIAGE (AMENDMENT) BILL, 2021",2021,Government,Ordinary Bill,WOMEN AND CHILD DEVELOPMENT,Lok Sabha,,2021-12-21,,,,Pending,,,,,https://sansad.in/getFile/BillsTexts/LSBillTexts/Asintroduced/163_2021_ls_Eng.pdf?source=legislation,,
XLIII,"THE MEDIATION BILL, 2021",2021,Government,Financial Bill,LAW AND JUSTICE,Rajya Sabha,,2021-12-20,2023-08-07,2023-08-01,14/09/2023,Assented,2021-12-22,2021-12-22,32,2023,https://sansad.in/getFile/BillsTexts/RSBillTexts/Asintroduced/Mediation-RS int-20 12 21-E.pdf?source=legislation,,
162,"The Election Laws (Amendment) Bill, 2021",2021,Government,Ordinary Bill,LAW AND JUSTICE,Lok Sabha,,2021-12-20,2021-12-20,2021-12-21,29/12/2021,Assented,,,49,2021,https://sansad.in/getFile/BillsTexts/LSBillTexts/Asintroduced/162_2021_LS_Eng.pdf?source=legislation,,
162,"The Election Laws (Amendment) Bill, 2021",2021,Government,Ordinary Bill,LAW AND JUSTICE,Lok Sabha,,2021-12-20,2021-12-20,2021-12-21,29/12/2021,Passed,,,49,2021,https://sansad.in/getFile/BillsTexts/LSBillTexts/Asintroduced/162_2021_LS_Eng.pdf?source=legislation,,
152,"The Appropriation (No. 5) Bill, 2021",2021,Government,Money Bill,FINANCE,Lok Sabha,,2021-12-20,2021-12-20,,12/01/2022,Assented,,,1,2022,https://sansad.in/getFile/BillsTexts/LSBillTexts/Asintroduced/152_2021_LS_Eng.pdf?source=legislation,,https://sansad.in/getFile/BillsPDFFiles/Notification/2021-152-gaz.pdf?source=loksabhadocs
152,"The Appropriation (No. 5) Bill, 2021",2021,Government,Money Bill,FINANCE,Lok Sabha,,2021-12-20,2021-12-20,,12/01/2022,Passed,,,1,2022,https://sansad.in/getFile/BillsTexts/LSBillTexts/Asintroduced/152_2021_LS_Eng.pdf?source=legislation,,https://sansad.in/getFile/BillsPDFFiles/Notification/2021-152-gaz.pdf?source=loksabhadocs
161,"THE CHARTERED ACCOUNTANTS, THE COST AND WORKS ACCOUNTANTS AND THE COMPANY SECRETARIES (AMENDMENT) BILL, 2021",2021,Government,Ordinary Bill,CORPORATE AFFAIRS,Lok Sabha,,2021-12-17,2022-03-30,2022-04-05,18/04/2022,Assented,,,12,2022,https://sansad.in/getFile/BillsTexts/LSBillTexts/Asintroduced/161_2021_ls_Eng.pdf?source=legislation,,https://sansad.in/getFile/BillsPDFFiles/Notification/2021-161-gaz.pdf?source=loksabhadocs
161,"THE CHARTERED ACCOUNTANTS, THE COST AND WORKS ACCOUNTANTS AND THE COMPANY SECRETARIES (AMENDMENT) BILL, 2021",2021,Government,Ordinary Bill,CORPORATE AFFAIRS,Lok Sabha,,2021-12-17,2022-03-30,2022-04-05,18/04/2022,Passed,,,12,2022,https://sansad.in/getFile/BillsTexts/LSBillTexts/Asintroduced/161_2021_ls_Eng.pdf?source=legislation,,https://sansad.in/getFile/BillsPDFFiles/Notification/2021-161-gaz.pdf?source=loksabhadocs
160,"THE NATIONAL ANTI-DOPING BILL, 2022",2021,Government,Financial Bill,YOUTH AFFAIRS AND SPORTS,Lok Sabha,,2021-12-17,2022-07-27,2022-08-03,12/08/2022,Assented,,,15,2022,https://sansad.in/getFile/BillsTexts/LSBillTexts/Asintroduced/160_2021_ls_Eng.pdf?source=legislation,,
160,"THE NATIONAL ANTI-DOPING BILL, 2022",2021,Government,Financial Bill,YOUTH AFFAIRS AND SPORTS,Lok Sabha,,2021-12-17,2022-07-27,2022-08-03,12/08/2022,Passed,,,15,2022,https://sansad.in/getFile/BillsTexts/LSBillTexts/Asintroduced/160_2021_ls_Eng.pdf?source=legislation,,
159,"THE WILD LIFE (PROTECTION) AMENDMENT BILL, 2022",2021,Government,Financial Bill,ENVIRONMENT AND FORESTS,Lok Sabha,,2021-12-17,2022-08-02,2022-12-08,19/12/2022,Assented,,,18,2022,https://sansad.in/getFile/BillsTexts/LSBillTexts/Asintroduced/159_2021_ls_Eng.pdf?source=legislation,,
159,"THE WILD LIFE (PROTECTION) AMENDMENT BILL, 2022",2021,Government,Financial Bill,ENVIRONMENT AND FORESTS,Lok Sabha,,2021-12-17,2022-08-02,2022-12-08,19/12/2022,Passed,,,18,2022,https://sansad.in/getFile/BillsTexts/LSBillTexts/Asintroduced/159_2021_ls_Eng.pdf?source=legislation,,
158,"THE BIOLOGICAL DIVERSITY (AMENDMENT) BILL, 2021",2021,Government,Ordinary Bill,ENVIRONMENT AND FORESTS,Lok Sabha,,2021-12-16,2023-07-25,2023-08-01,03/08/2023,Assented,,,10,2023,https://sansad.in/getFile/BillsTexts/LSBillTexts/Asintroduced/158_2021_LS_Eng.pdf?source=legislation,,
158,"THE BIOLOGICAL DIVERSITY (AMENDMENT) BILL, 2021",2021,Government,Ordinary Bill,ENVIRONMENT AND FORESTS,Lok Sabha,,2021-12-16,2023-07-25,2023-08-01,03/08/2023,Passed,,,10,2023,https://sansad.in/getFile/BillsTexts/LSBillTexts/Asintroduced/158_2021_LS_Eng.pdf?source=legislation,,
151,"The Narcotic Drugs and Psychotropic Substances (Amendment)  Bill, 2021",2021,Government,Ordinary Bill,FINANCE,Lok Sabha,,2021-12-06,2021-12-13,2021-12-20,,Passed,,,48,2021,https://sansad.in/getFile/BillsTexts/LSBillTexts/Asintroduced/151_2021_LS_E.pdf?source=legislation,,
XXVI,"The Constitution (Amendment) Bill, 2020 (omission of article 248 and amendment of Seventh Schedule).",2020,Private Member,Ordinary Bill,LAW AND JUSTICE,Rajya Sabha,Vaiko Shri,2021-12-03,,,,Removed,,,,,https://sansad.in/getFile/BillsTexts/RSBillTexts/Asintroduced/const amnd omisn-248-E.pdf?source=legislation,,
XXV,"The Constitution (Amendment) Bill, 2020 (amendment of  Seventh Schedule).",2020,Private Member,Ordinary Bill,HEALTH AND FAMILY WELFARE,Rajya Sabha,Vikas Mahatme Dr.,2021-12-03,,,,Lapsed,,,,,https://sansad.in/getFile/BillsTexts/RSBillTexts/Asintroduced/consti amend 7th sch-E.pdf?source=legislation,,
XXIV,"The Constitution (Amendment) Bill, 2020 (substitution of new article for article 130).",2020,Private Member,Ordinary Bill,LAW AND JUSTICE,Rajya Sabha,P. Wilson Shri,2021-12-03,,,,Removed,,,,,https://sansad.in/getFile/BillsTexts/RSBillTexts/Asintroduced/const amend new article 130-E.pdf?source=legislation,,
XXI,"he High Court of Orissa (Establishment of a Permanent Bench in Western Odisha) Bill, 2020.",2020,Private Member,Ordinary Bill,LAW AND JUSTICE,Rajya Sabha,Prasanna Acharya Shri,2021-12-03,,,,Lapsed,,,,,https://sansad.in/getFile/BillsTexts/RSBillTexts/Asintroduced/HC of orrissa-E.pdf?source=legislation,,
XX,"The Constitution (Amendment) Bill, 2020 (insertion of new articles 12A and 12B).",2020,Private Member,Ordinary Bill,HOME AFFAIRS,Rajya Sabha,Y. S. Chowdary Shri,2021-12-03,,,,Lapsed,,,,,https://sansad.in/getFile/BillsTexts/RSBillTexts/Asintroduced/const amend 12article-E.pdf?source=legislation,,
XVI,"The Right of Children to Free and Compulsory Education (Amendment) Bill, 2020.",2020,Private Member,Ordinary Bill,EDUCATION,Rajya Sabha,V. Vijayasai Reddy Shri,2021-12-03,,,,Lapsed,,,,,https://sansad.in/getFile/BillsTexts/RSBillTexts/Asintroduced/Right to child-E.pdf?source=legislation,,
IX,"The Constitution  (Amendment) Bill,  2020 (insertion of  new article 21B).",2020,Private Member,Ordinary Bill,LABOUR  AND  EMPLOYMENT,Rajya Sabha,V. Vijayasai Reddy Shri,2021-12-03,,,,Lapsed,,,,,https://sansad.in/getFile/BillsTexts/RSBillTexts/Asintroduced/insrt 21B-E.pdf?source=legislation,,
90,"The Institutes of Technology (Amendment) Bill, 2020 (Insertion of new section 2A)",2020,Private Member,Financial Bill,EDUCATION,Lok Sabha,Jayant Sinha Shri,2021-12-03,,,,Lapsed,,,,,https://sansad.in/getFile/BillsTexts/LSBillTexts/Asintroduced/90 of 2020 As Int....pdf?source=legislation,,
89,"The Constitution (Amendment) Bill, 2020 (Amendment of article 39A)",2020,Private Member,Financial Bill,FINANCE,Lok Sabha,Hibi Eden Shri,2021-12-03,,,,Lapsed,,,,,https://sansad.in/getFile/BillsTexts/LSBillTexts/Asintroduced/89 of 2020  As Int....pdf?source=legislation,,
87,"The Reservation for the Scheduled Castes, the Scheduled Tribes and the Other backward Classes in Private Sector Bill, 2020",2020,Private Member,Ordinary Bill,SOCIAL JUSTICE AND EMPOWERMENT,Lok Sabha,Ganesh Singh Shri,2021-12-03,,,,Lapsed,,,,,https://sansad.in/getFile/BillsTexts/LSBillTexts/Asintroduced/87 of 2020 as.pdf?source=legislation,,
86,"The Rural Labour (Welfare) Bill, 2020",2020,Private Member,Financial Bill,RURAL DEVELOPMENT,Lok Sabha,Ramapati Ram Tripathi Dr.,2021-12-03,,,,Lapsed,,,,,https://sansad.in/getFile/BillsTexts/LSBillTexts/Asintroduced/86 of 2020  As Int....pdf?source=legislation,,
83,"The Reservation for the Other Backward Classes the Scheduled Castes and the Scheduled Tribes in Admission in Private Educational Institutions Bill, 2020",2020,Private Member,Ordinary Bill,EDUCATION,Lok Sabha,Ganesh Singh Shri,2021-12-03,,,,Lapsed,,,,,https://sansad.in/getFile/BillsTexts/LSBillTexts/Asintroduced/83 of 2020 As Int....pdf?source=legislation,,
82,"The Anganwadi Workers (Regularisation of Service and Welfare) Bill, 2020",2020,Private Member,Financial Bill,WOMEN AND CHILD DEVELOPMENT,Lok Sabha,Unmesh Bhaiyyasaheb Patil Shri,2021-12-03,,,,Lapsed,,,,,https://sansad.in/getFile/BillsTexts/LSBillTexts/Asintroduced/82 of 2020 As Int....pdf?source=legislation,,
80,"The National Waste management Council Bill, 2020",2020,Private Member,Financial Bill,ENVIRONMENT AND FORESTS,Lok Sabha,Ramapati Ram Tripathi Dr.,2021-12-03,,,,Lapsed,,,,,https://sansad.in/getFile/BillsTexts/LSBillTexts/Asintroduced/80 of 2020 As Int....pdf?source=legislation,,
79,"The Prohibition of Child Marriage (Amendment) Bill, 2020 (Amendment of section 2)",2020,Private Member,Ordinary Bill,WOMEN AND CHILD DEVELOPMENT,Lok Sabha,Karti P. Chidambaram Shri,2021-12-03,,,,Lapsed,,,,,https://sansad.in/getFile/BillsTexts/LSBillTexts/Asintroduced/79 of 2020  As Int....pdf?source=legislation,,
77,"The Constitution (Amendment) Bill, 2020 (Amendment of article 326)",2020,Private Member,Financial Bill,LAW AND JUSTICE,Lok Sabha,T. R. Paarivendhar Dr.,2021-12-03,,,,Lapsed,,,,,https://sansad.in/getFile/BillsTexts/LSBillTexts/Asintroduced/77 of 2020 As Int....pdf?source=legislation,,
73,"The Fifth Schedule to the Constitution (Amendment) Bill, 2020",2020,Private Member,Ordinary Bill,TRIBAL AFFAIRS,Lok Sabha,Tholkappiyan Thirumaavalavan Dr.,2021-12-03,,,,Lapsed,,,,,https://sansad.in/getFile/BillsTexts/LSBillTexts/Asintroduced/73 of 2020 As Int....pdf?source=legislation,,
71,"The Constitution (Amendment) Bill, 2020 (Amendment of article 124, etc.)",2020,Private Member,Ordinary Bill,LAW AND JUSTICE,Lok Sabha,Tholkappiyan Thirumaavalavan Dr.,2021-12-03,,,,Lapsed,,,,,https://sansad.in/getFile/BillsTexts/LSBillTexts/Asintroduced/71 of 2020 As Int....pdf?source=legislation,,
68,"The Rights of Persons with Disabilities (Amendment) Bill, 2020 (Insertion of new section 18A)",2020,Private Member,Ordinary Bill,SOCIAL JUSTICE AND EMPOWERMENT,Lok Sabha,Anto  Antony  Shri,2021-12-03,,,,Lapsed,,,,,https://sansad.in/getFile/BillsTexts/LSBillTexts/Asintroduced/68 of 2020  As Int...pdf?source=legislation,,
66,"The Narcotic Drugs and Psychotropic Substances (Amendment) Bill, 2020 (Amendment of section 2, etc.)",2020,Private Member,Ordinary Bill,FINANCE,Lok Sabha,E. T. Mohammed Basheer Shri,2021-12-03,,,,Lapsed,,,,,https://sansad.in/getFile/BillsTexts/LSBillTexts/Asintroduced/66 of 2020  As Int... (1).pdf?source=legislation,,
65,"The Orphan Street Children (Welfare) Bill, 2020",2020,Private Member,Financial Bill,WOMEN AND CHILD DEVELOPMENT,Lok Sabha,Geetha Viswanath Vanga Smt.,2021-12-03,,,,Lapsed,,,,,https://sansad.in/getFile/BillsTexts/LSBillTexts/Asintroduced/65 of 2020  As Int....pdf?source=legislation,,
64,"The Population Regulation Bill, 2020",2020,Private Member,Financial Bill,HEALTH AND FAMILY WELFARE,Lok Sabha,Alok Kumar Suman Dr.,2021-12-03,,,,Lapsed,,,,,https://sansad.in/getFile/BillsTexts/LSBillTexts/Asintroduced/64 of 2020 As Int....pdf?source=legislation,,
62,"The Horticulture Crops, Fresh Water Crops and Saline Water Crops in Coastal Areas (Minimum Support Price) Bill, 2020",2020,Private Member,Financial Bill,AGRICULTURE & FARMERS WELFARE,Lok Sabha,Vinayak Bhaurao Raut Shri,2021-12-03,,,,Lapsed,,,,,https://sansad.in/getFile/BillsTexts/LSBillTexts/Asintroduced/62 of 2020  As Int....pdf?source=legislation,,
58,"The Constitution (Amendment) Bill, 2020 (Amendment of article 21A)",2020,Private Member,Financial Bill,EDUCATION,Lok Sabha,Sushil Kumar Singh Shri,2021-12-03,,,,Lapsed,,,,,https://sansad.in/getFile/BillsTexts/LSBillTexts/Asintroduced/58 of 2020 As Int....pdf?source=legislation,,
52,"The Right of Children to Fee and Compulsory Education (Amendment) Bill, 2020 (Amendment of section 12)",2020,Private Member,Ordinary Bill,EDUCATION,Lok Sabha,Sanjay Jaiswal Dr.,2021-12-03,,,,Lapsed,,,,,https://sansad.in/getFile/BillsTexts/LSBillTexts/Asintroduced/52 of 2020  AS INTRO.pdf?source=legislation,,
46,"The Constitution (Amendment) Bill, 2020 (Amendment of articles 15 and 16)",2020,Private Member,Ordinary Bill,SOCIAL JUSTICE AND EMPOWERMENT,Lok Sabha,Shyam Singh Yadav Shri,2021-12-03,,,,Lapsed,,,,,https://sansad.in/getFile/BillsTexts/LSBillTexts/Asintroduced/46 of 2020AS INTRO (1).pdf?source=legislation,,
45,"The Employment Bill, 2020",2020,Private Member,Financial Bill,LABOUR,Lok Sabha,Alok Kumar Suman Dr.,2021-12-03,,,,Lapsed,,,,,https://sansad.in/getFile/BillsTexts/LSBillTexts/Asintroduced/45 of 2020AS INTRO (1).pdf?source=legislation,,
42,"The Promotion of One Tree Per Child Norm Bill, 2020",2020,Private Member,Financial Bill,ENVIRONMENT AND FORESTS,Lok Sabha,T.N. Prathapan Shri,2021-12-03,,,,Lapsed,,,,,https://sansad.in/getFile/BillsTexts/LSBillTexts/Asintroduced/42 of 2020  AS INTRO.pdf?source=legislation,,
39,"The Whistleblowers in Private Sector (Protection) Bill, 2020",2020,Private Member,Financial Bill,CORPORATE AFFAIRS,Lok Sabha,Supriya Sadanand Sule Smt.,2021-12-03,,,,Lapsed,,,,,https://sansad.in/getFile/BillsTexts/LSBillTexts/Asintroduced/39 of 2020  AS INTRO.pdf?source=legislation,,
38,"The Constitution (Amendment) Bill, 2020 (Substitution of new article for article 120)",2020,Private Member,Financial Bill,PARLIAMENTARY  AFFAIRS,Lok Sabha,A. Ganeshamurthi Shri,2021-12-03,,,,Lapsed,,,,,https://sansad.in/getFile/BillsTexts/LSBillTexts/Asintroduced/38 of 2020AS INTRO.pdf?source=legislation,,
37,"The Special Financial Assistance to the KBK-K Region of the State of Odisha Bill, 2020",2020,Private Member,Financial Bill,FINANCE,Lok Sabha,Saptagiri Sankar Ulaka Shri,2021-12-03,,,,Lapsed,,,,,https://sansad.in/getFile/BillsTexts/LSBillTexts/Asintroduced/37 of 2020 as introduced.pdf?source=legislation,,
36,"The Labour (Welfare and Rehabilitation) Bill, 2020",2020,Private Member,Financial Bill,LABOUR,Lok Sabha,Shyam Singh Yadav Shri,2021-12-03,,,,Lapsed,,,,,https://sansad.in/getFile/BillsTexts/LSBillTexts/Asintroduced/36 of 2020AS INTRO.pdf?source=legislation,,
34,"The Doubtful Voters in the State of Assam (Special Provisions) Bill, 2020)",2020,Private Member,Financial Bill,LABOUR,Lok Sabha,Abdul Khaleque  Shri,2021-12-03,,,,Lapsed,,,,,https://sansad.in/getFile/BillsTexts/LSBillTexts/Asintroduced/34 of 2020As Int....pdf?source=legislation,,
32,"The Citizenship (Amendment) Bill, 2020 (Amendment of section 2, etc.)",2020,Private Member,Ordinary Bill,HOME AFFAIRS,Lok Sabha,N.K. Premachandran Shri,2021-12-03,,,,Lapsed,,,,,https://sansad.in/getFile/BillsTexts/LSBillTexts/Asintroduced/32 of 2020As Int....pdf?source=legislation,,
31,"The Supreme Court of India (Establishment of a Permanent Bench at Chennai)  Bill, 2020",2020,Private Member,Money Bill,LAW AND JUSTICE,Lok Sabha,M.K. Vishnu Prasad Dr.,2021-12-03,,,,Lapsed,,,,,https://sansad.in/getFile/BillsTexts/LSBillTexts/Asintroduced/31 of 2020 as.pdf?source=legislation,,
27,"The Protection from Lynching Bill, 2020.",2020,Private Member,Financial Bill,HOME AFFAIRS,Lok Sabha,Shashi Tharoor Dr.,2021-12-03,,,,Lapsed,,,,,https://sansad.in/getFile/BillsTexts/LSBillTexts/Asintroduced/27 of 2020As Int.pdf?source=legislation,,
25,"The Constitution (Amendment)  Bill, 2020 (Insertion of new article 14A)",2020,Private Member,Financial Bill,LAW AND JUSTICE,Lok Sabha,Anto  Antony  Shri,2021-12-03,,,,Lapsed,,,,,https://sansad.in/getFile/BillsTexts/LSBillTexts/Asintroduced/25 of 2020AS INTRO.pdf?source=legislation,,
19,"The Dual Time Zones Bill, 2020",2020,Private Member,Financial Bill,SCIENCE AND TECHNOLOGY AND EARTH SCIENCES,Lok Sabha,Pradyut Bordoloi Shri,2021-12-03,,,,Lapsed,,,,,https://sansad.in/getFile/BillsTexts/LSBillTexts/Asintroduced/19 of 2020AS INTRO.pdf?source=legislation,,
18,"The Prevention of Insults to National Honour (Amendment) Bill, 2020 (Amendment of section 2)",2020,Private Member,Ordinary Bill,HOME AFFAIRS,Lok Sabha,Gopal Chinayya Shetty Shri,2021-12-03,,,,Lapsed,,,,,https://sansad.in/getFile/BillsTexts/LSBillTexts/Asintroduced/18 of 2020AS INTRO.pdf?source=legislation,,
17,"The ASHA Workers (Regularisation of Service and Other Benefits) Bill, 2020.",2020,Private Member,Financial Bill,HEALTH AND FAMILY WELFARE,Lok Sabha,N.K. Premachandran Shri,2021-12-03,,,,Lapsed,,,,,https://sansad.in/getFile/BillsTexts/LSBillTexts/Asintroduced/17 of 2020 AS INTRO.pdf?source=legislation,,
13,"The Constitution (Amendment) Bill, 2020 (Amendment of article 312)",2020,Private Member,Ordinary Bill,LAW AND JUSTICE,Lok Sabha,Gopal Chinayya Shetty Shri,2021-12-03,,,,Lapsed,,,,,https://sansad.in/getFile/BillsTexts/LSBillTexts/Asintroduced/13 of 2020AS INTRO.pdf?source=legislation,,
109,"The Parliamentary Constituency (Lok Sabha) Development Fund Bill, 2020",2020,Private Member,Financial Bill,STATISTICS AND PROGRAMME IMPLEMENTATION,Lok Sabha,T. R. Paarivendhar Dr.,2021-12-03,,,,Lapsed,,,,,https://sansad.in/getFile/BillsTexts/LSBillTexts/Asintroduced/109 of 2020 As Int....pdf?source=legislation,,
108,"The Mahatma Gandhi national Rural Employment Guarantee (Amendment) Bill, 2020 (Amendment of Schedule I)",2020,Private Member,Financial Bill,RURAL DEVELOPMENT,Lok Sabha,Ganesh Singh Shri,2021-12-03,,,,Lapsed,,,,,https://sansad.in/getFile/BillsTexts/LSBillTexts/Asintroduced/108 of  2020  As Int....pdf?source=legislation,,
106,"The Supreme Court of India (Establishment of Circuit Benches at Ernakulam , Mumbai and Kolkata) Bill, 2020",2020,Private Member,Financial Bill,LAW AND JUSTICE,Lok Sabha,Hibi Eden Shri,2021-12-03,,,,Lapsed,,,,,https://sansad.in/getFile/BillsTexts/LSBillTexts/Asintroduced/106 of 2020 As Int....pdf?source=legislation,,
XXXVII,"The Population Control Bill, 2021.",2021,Private Member,Ordinary Bill,HEALTH AND FAMILY WELFARE,Rajya Sabha,Harnath Singh Yadav Shri,2021-12-03,,,,Removed,,,,,https://sansad.in/getFile/BillsTexts/RSBillTexts/Asintroduced/population control-E.pdf?source=legislation,,
XXXVI,"The Promotion of Equal Opportunity and Prohibition of Discrimination Against Scheduled Castes and Scheduled Tribes in Employment Bill, 2021.",2021,Private Member,Financial Bill,SOCIAL JUSTICE AND EMPOWERMENT,Rajya Sabha,Neeraj Dangi Shri,2021-12-03,,,,Pending,,,,,https://sansad.in/getFile/BillsTexts/RSBillTexts/Asintroduced/promotion of equal opportunity-E.pdf?source=legislation,,
XXXV,"The Academic Integrity Bill, 2021.",2021,Private Member,Financial Bill,EDUCATION,Rajya Sabha,Fauzia Khan Dr.,2021-12-03,,,,Removed,,,,,https://sansad.in/getFile/BillsTexts/RSBillTexts/Asintroduced/acedemic integrity-E.pdf?source=legislation,,
XXXIX,"The Scheduled Castes and the Scheduled Tribes (Prevention of Atrocities) Amendment Bill, 2021.",2021,Private Member,Ordinary Bill,SOCIAL JUSTICE AND EMPOWERMENT,Rajya Sabha,Narendra Jadhav Dr.,2021-12-03,,,,Lapsed,,,,,https://sansad.in/getFile/BillsTexts/RSBillTexts/Asintroduced/SC ST atrocity-E.pdf?source=legislation,,
XXXIV,"The Constitution (Amendment) Bill, 2021 (amendment of the Tenth Schedule).",2021,Private Member,Constitutional Amendment Bill,LAW AND JUSTICE,Rajya Sabha,K.T.S. Tulsi Shri,2021-12-03,,,,Removed,,,,,https://sansad.in/getFile/BillsTexts/RSBillTexts/Asintroduced/const amend 10th sch-E.pdf?source=legislation,,
XXXIII,"The Universal Healthcare Bill, 2021.",2021,Private Member,Financial Bill,HEALTH AND FAMILY WELFARE,Rajya Sabha,Fauzia Khan Dr.,2021-12-03,,,,Removed,,,,,https://sansad.in/getFile/BillsTexts/RSBillTexts/Asintroduced/universal healthcare-E.pdf?source=legislation,,
XXX,"The Arms (Amendment) Bill, 2021.",2021,Private Member,Financial Bill,HOME AFFAIRS,Rajya Sabha,Fauzia Khan Dr.,2021-12-03,,,,Removed,,,,,https://sansad.in/getFile/BillsTexts/RSBillTexts/Asintroduced/arms amend-E.pdf?source=legislation,,
XXIX,"The Criminal Laws (Amendment) Bill, 2021.",2021,Private Member,Ordinary Bill,HOME AFFAIRS,Rajya Sabha,K.T.S. Tulsi Shri,2021-12-03,,,,Lapsed,,,,,https://sansad.in/getFile/BillsTexts/RSBillTexts/Asintroduced/crpc-E.pdf?source=legislation,,
XXII,"The Rights of Persons Affected by Leprosy and Members of their Family (Protection against Discrimination and Guarantee of Social Welfare) Bill, 2021.",2021,Private Member,Financial Bill,HEALTH AND FAMILY WELFARE,Rajya Sabha,K.T.S. Tulsi Shri,2021-12-03,,,,Removed,,,,,https://sansad.in/getFile/BillsTexts/RSBillTexts/Asintroduced/LEPROSY-E.pdf?source=legislation,,
XXI,"The Advocates (Amendment) Bill, 2021.",2021,Private Member,Ordinary Bill,LAW AND JUSTICE,Rajya Sabha,Sasmit Patra Dr.,2021-12-03,,,,Lapsed,,,,,https://sansad.in/getFile/BillsTexts/RSBillTexts/Asintroduced/Advt amnd Sec 2-E.pdf?source=legislation,,
XVIII,"The Indian Penal Code (Amendment) Bill, 2021.",2021,Private Member,Ordinary Bill,HOME AFFAIRS,Rajya Sabha,Sasmit Patra Dr.,2021-12-03,,,,Lapsed,,,,,https://sansad.in/getFile/BillsTexts/RSBillTexts/Asintroduced/IPC subs 124A-E.pdf?source=legislation,,
XIV,"The Women's (Reservation in Workplace) Bill, 2021.",2021,Private Member,Financial Bill,"PERSONNEL,  PUBLIC  GRIEVANCES  AND  PENSIONS",Rajya Sabha,Tiruchi Siva Shri,2021-12-03,,,,Removed,,,,,https://sansad.in/getFile/BillsTexts/RSBillTexts/Asintroduced/woman reservation-E.pdf?source=legislation,,
XII,"The Medical Education Laws (Amendment) Bill, 2021.",2021,Private Member,Ordinary Bill,HEALTH AND FAMILY WELFARE,Rajya Sabha,P. Wilson Shri,2021-12-03,,,,Removed,,,,,https://sansad.in/getFile/BillsTexts/RSBillTexts/Asintroduced/medical education law-E.pdf?source=legislation,,
VIII,"The Indian Penal  Code (Amendment)  Bill, 2021.",2021,Private Member,Ordinary Bill,HOME AFFAIRS,Rajya Sabha,V. Vijayasai Reddy Shri,2021-12-03,,,,Lapsed,,,,,https://sansad.in/getFile/BillsTexts/RSBillTexts/Asintroduced/IPC 295-E.pdf?source=legislation,,
II,"The Cigarettes and other Tobacco Products (Prohibition of Advertisement and Regulation of Trade and Commerce, Production, Supply and Distribution) (Amendment) Bill, 2021.",2021,Private Member,Ordinary Bill,HEALTH AND FAMILY WELFARE,Rajya Sabha,Sasmit Patra Dr.,2021-12-03,,,,Lapsed,,,,,https://sansad.in/getFile/BillsTexts/RSBillTexts/Asintroduced/cigarettes & tobacco-E.pdf?source=legislation,,
89,"The Constitution (Amendment) Bill, 2021 (Amendment of article 55, etc.)",2021,Private Member,Ordinary Bill,LAW AND JUSTICE,Lok Sabha,Tholkappiyan Thirumaavalavan Dr.,2021-12-03,,,,Lapsed,,,,,https://sansad.in/getFile/BillsTexts/LSBillTexts/Asintroduced/89 of 2021 as.pdf?source=legislation,,
51,"The Constitution (Amendment) Bill, 2021 (Amendment of article 80, etc.)",2021,Private Member,Ordinary Bill,HOME AFFAIRS,Lok Sabha,Manish Tewari Shri,2021-12-03,,,,Lapsed,,,,,https://sansad.in/getFile/BillsTexts/LSBillTexts/Asintroduced/51 of 2021 as introduced.pdf?source=legislation,,
48,"The Payment of Compensation to Victims of Wildlife Encounters Bill, 2021",2021,Private Member,Financial Bill,ENVIRONMENT AND FORESTS,Lok Sabha,Dean Kuriakose Adv.,2021-12-03,,,,Pending,,,,,https://sansad.in/getFile/BillsTexts/LSBillTexts/Asintroduced/48 of 2021 AS.pdf?source=legislation,,
46,"The Constitution (Amendment) Bill, 2021 (Substitution of new article for article 129, etc.)",2021,Private Member,Ordinary Bill,LAW AND JUSTICE,Lok Sabha,D. Ravikumar Dr.,2021-12-03,,,,Lapsed,,,,,https://sansad.in/getFile/BillsTexts/LSBillTexts/Asintroduced/46 of 2021 As.pdf?source=legislation,,
41,"The Climate Change (Net Zero Carbon) Bill, 2021",2021,Private Member,Financial Bill,ENVIRONMENT AND FORESTS,Lok Sabha,Jayant Sinha Shri,2021-12-03,,,,Lapsed,,,,,https://sansad.in/getFile/BillsTexts/LSBillTexts/Asintroduced/41 of 2021 AS.pdf?source=legislation,,
35,"The Prevention of Cruelty to Animals (Amendment) Bill, 2021 (Amendment of section 11)",2021,Private Member,Ordinary Bill,"fisheries, animal husbandry and dairying",Lok Sabha,Anubhav Mohanty Shri,2021-12-03,,,,Lapsed,,,,,https://sansad.in/getFile/BillsTexts/LSBillTexts/Asintroduced/35 of 2021- AS.pdf?source=legislation,,
34,"The Protection of Children from Sexual Offences (Amendment) Bill, 2021 (Amendment of section 11)",2021,Private Member,Ordinary Bill,WOMEN AND CHILD DEVELOPMENT,Lok Sabha,Anubhav Mohanty Shri,2021-12-03,,,,Lapsed,,,,,https://sansad.in/getFile/BillsTexts/LSBillTexts/Asintroduced/34 of 2021 AS.pdf?source=legislation,,
3,"The Prevention of Cruelty to Animals (Amendment) Bill, 2021 (Amendment of section 11)",2021,Private Member,Ordinary Bill,"fisheries, animal husbandry and dairying",Lok Sabha,Mohammad Jawed Dr.,2021-12-03,,,,Lapsed,,,,,https://sansad.in/getFile/BillsTexts/LSBillTexts/Asintroduced/3 of 2021  AS INTRO.pdf?source=legislation,,
29,"The Code of Criminal Procedure (Amendment) Bill, 2021 (Amendment of sections 41 and 309)",2021,Private Member,Ordinary Bill,HOME AFFAIRS,Lok Sabha,Anubhav Mohanty Shri,2021-12-03,,,,Lapsed,,,,,https://sansad.in/getFile/BillsTexts/LSBillTexts/Asintroduced/29 of 2021 AS.pdf?source=legislation,,
28,"The Rights of Persons with Disabilities (Amendment) Bill, 2021 (Amendment of the Schedule)",2021,Private Member,Ordinary Bill,SOCIAL JUSTICE AND EMPOWERMENT,Lok Sabha,Mohammad Jawed Dr.,2021-12-03,,,,Lapsed,,,,,https://sansad.in/getFile/BillsTexts/LSBillTexts/Asintroduced/28 of 2021 AS.pdf?source=legislation,,
148,"THE CENTRAL VIGILANCE COMMISSION (AMENDMENT) BILL, 2021",2021,Government,Ordinary Bill,"PERSONNEL,  PUBLIC  GRIEVANCES  AND  PENSIONS",Lok Sabha,,2021-12-03,2021-12-09,2021-12-14,18/12/2021,Assented,,,46,2021,https://sansad.in/getFile/BillsTexts/LSBillTexts/Asintroduced/148_2021_LS_E.pdf?source=legislation,,https://sansad.in/getFile/BillsPDFFiles/Notification/2021-148-gaz.pdf?source=loksabhadocs
148,"THE CENTRAL VIGILANCE COMMISSION (AMENDMENT) BILL, 2021",2021,Government,Ordinary Bill,"PERSONNEL,  PUBLIC  GRIEVANCES  AND  PENSIONS",Lok Sabha,,2021-12-03,2021-12-09,2021-12-14,18/12/2021,Passed,,,46,2021,https://sansad.in/getFile/BillsTexts/LSBillTexts/Asintroduced/148_2021_LS_E.pdf?source=legislation,,https://sansad.in/getFile/BillsPDFFiles/Notification/2021-148-gaz.pdf?source=loksabhadocs
147,"The Delhi Special Police Establishment (Amendment) Bill, 2021",2021,Government,Ordinary Bill,"PERSONNEL,  PUBLIC  GRIEVANCES  AND  PENSIONS",Lok Sabha,,2021-12-03,2021-12-09,2021-12-14,18/12/2021,Passed,,,45,2021,https://sansad.in/getFile/BillsTexts/LSBillTexts/Asintroduced/147_2021_LS_E.pdf?source=legislation,,
142,"The Management and Control of Stubble Bill, 2021",2021,Private Member,Financial Bill,ENVIRONMENT AND FORESTS,Lok Sabha,Bhola Singh Shri,2021-12-03,,,,Lapsed,,,,,https://sansad.in/getFile/BillsTexts/LSBillTexts/Asintroduced/142 of 2021 as intro revised.pdf?source=legislation,,
140,"The Insurance Coverage for Ayurvedic Treatment Bill, 2021",2021,Private Member,Financial Bill,"AYUSH (Ayurveda,  Yoga and Naturopathy,  Unani, Siddha and Homoeopathy",Lok Sabha,Girish Bhalchandra Bapat Shri,2021-12-03,,,,Pending,,,,,https://sansad.in/getFile/BillsTexts/LSBillTexts/Asintroduced/140 of 2021  AS INTRODUCED.pdf?source=legislation,,
139,"The Representation of the People (Amendment) Bill, 2021 (Substitution of new section for section 61)",2021,Private Member,Ordinary Bill,LAW AND JUSTICE,Lok Sabha,M. K. Raghavan Shri,2021-12-03,,,,Pending,,,,,https://sansad.in/getFile/BillsTexts/LSBillTexts/Asintroduced/139 of 2021 As Introduced.pdf?source=legislation,,
137,"The Ambulance Drivers and helpers (Welfare) Bill, 2021",2021,Private Member,Financial Bill,SOCIAL JUSTICE AND EMPOWERMENT,Lok Sabha,M. K. Raghavan Shri,2021-12-03,,,,Pending,,,,,https://sansad.in/getFile/BillsTexts/LSBillTexts/Asintroduced/137 of 2021 as.pdf?source=legislation,,
136,"The Population (Control and Management) Bill, 2021",2021,Private Member,Financial Bill,HEALTH AND FAMILY WELFARE,Lok Sabha,Bhola Singh Shri,2021-12-03,,,,Lapsed,,,,,https://sansad.in/getFile/BillsTexts/LSBillTexts/Asintroduced/136 of 2021 as introduced.pdf?source=legislation,,
12,"The Compulsory Installation of Solar Plants Bill, 2021",2021,Private Member,Financial Bill,POWER,Lok Sabha,Mohammad Jawed Dr.,2021-12-03,,,,Lapsed,,,,,https://sansad.in/getFile/BillsTexts/LSBillTexts/Asintroduced/12 of 2021  AS INTRO.pdf?source=legislation,,
117,"The Protection of Plants Varieties and Farmers' Rights (Amendment) Bill, 2021 (Insertion of new section 39A)",2021,Private Member,Financial Bill,AGRICULTURE & FARMERS WELFARE,Lok Sabha,Thomas Chazhikadan Shri,2021-12-03,,,,Lapsed,,,,,https://sansad.in/getFile/BillsTexts/LSBillTexts/Asintroduced/117 of 2021 as.pdf?source=legislation,,
108,"The Representation of the People (Amendment) Bill, 2021 (Amendment of section 62)",2021,Private Member,Ordinary Bill,LAW AND JUSTICE,Lok Sabha,D. Ravikumar Dr.,2021-12-03,,,,Lapsed,,,,,https://sansad.in/getFile/BillsTexts/LSBillTexts/Asintroduced/108 of 2021 as.pdf?source=legislation,,
106,"The Indian Evidence (Amendment) Bill, 2020 (Insertion of new section 114AA)",2021,Private Member,Ordinary Bill,LAW AND JUSTICE,Lok Sabha,D. Ravikumar Dr.,2021-12-03,,,,Lapsed,,,,,https://sansad.in/getFile/BillsTexts/LSBillTexts/Asintroduced/106 of 2021 as.pdf?source=legislation,,
1,"The National Renewable Energy Credit Support Bill, 2021",2021,Private Member,Financial Bill,POWER,Lok Sabha,Ritesh Pandey Shri,2021-12-03,,,,Lapsed,,,,,https://sansad.in/getFile/BillsTexts/LSBillTexts/Asintroduced/1 of 2021As Int....pdf?source=legislation,,
144,"THE HIGH COURT AND SUPREME COURT JUDGES (SALARIES AND CONDITIONS OF SERVICE) AMENDMENT BILL, 2021",2021,Government,Money Bill,LAW AND JUSTICE,Lok Sabha,,2021-11-30,2021-12-08,2021-12-13,18/12/2021,Assented,,,44,2021,https://sansad.in/getFile/BillsTexts/LSBillTexts/Asintroduced/144_2021_ls_Eng.pdf?source=legislation,,https://sansad.in/getFile/BillsPDFFiles/Notification/2021-144-gaz.pdf?source=loksabhadocs
144,"THE HIGH COURT AND SUPREME COURT JUDGES (SALARIES AND CONDITIONS OF SERVICE) AMENDMENT BILL, 2021",2021,Government,Money Bill,LAW AND JUSTICE,Lok Sabha,,2021-11-30,2021-12-08,2021-12-13,18/12/2021,Passed,,,44,2021,https://sansad.in/getFile/BillsTexts/LSBillTexts/Asintroduced/144_2021_ls_Eng.pdf?source=legislation,,https://sansad.in/getFile/BillsPDFFiles/Notification/2021-144-gaz.pdf?source=loksabhadocs
143,"THE FARM LAWS REPEAL BILL, 2021",2021,Government,Ordinary Bill,AGRICULTURE & FARMERS WELFARE,Lok Sabha,,2021-11-29,2021-11-29,2021-11-29,30/11/2021,Assented,,,40,2021,https://sansad.in/getFile/BillsTexts/LSBillTexts/Asintroduced/143_2021_LS_Eng.pdf?source=legislation,,https://sansad.in/getFile/BillsPDFFiles/Notification/2021-143-gaz.pdf?source=loksabhadocs
143,"THE FARM LAWS REPEAL BILL, 2021",2021,Government,Ordinary Bill,AGRICULTURE & FARMERS WELFARE,Lok Sabha,,2021-11-29,2021-11-29,2021-11-29,30/11/2021,Passed,,,40,2021,https://sansad.in/getFile/BillsTexts/LSBillTexts/Asintroduced/143_2021_LS_Eng.pdf?source=legislation,,https://sansad.in/getFile/BillsPDFFiles/Notification/2021-143-gaz.pdf?source=loksabhadocs
126,"The National Commission for Homoeopathy (Amendment) Bill, 2021",2021,Government,Ordinary Bill,"AYUSH (Ayurveda,  Yoga and Naturopathy,  Unani, Siddha and Homoeopathy",Lok Sabha,,2021-08-09,2021-08-10,2021-08-11,18/08/2021,Assented,,,39,2021,https://sansad.in/getFile/BillsTexts/LSBillTexts/Asintroduced/126_2021_LS_E.pdf?source=legislation,,https://sansad.in/getFile/BillsPDFFiles/Notification/2021-126-gaz.pdf?source=loksabhadocs
126,"The National Commission for Homoeopathy (Amendment) Bill, 2021",2021,Government,Ordinary Bill,"AYUSH (Ayurveda,  Yoga and Naturopathy,  Unani, Siddha and Homoeopathy",Lok Sabha,,2021-08-09,2021-08-10,2021-08-11,18/08/2021,Passed,,,39,2021,https://sansad.in/getFile/BillsTexts/LSBillTexts/Asintroduced/126_2021_LS_E.pdf?source=legislation,,https://sansad.in/getFile/BillsPDFFiles/Notification/2021-126-gaz.pdf?source=loksabhadocs
125,"The National Commission for Indian System of Medicine (Amendment) Bill, 2021",2021,Government,Ordinary Bill,"AYUSH (Ayurveda,  Yoga and Naturopathy,  Unani, Siddha and Homoeopathy",Lok Sabha,,2021-08-09,2021-08-10,2021-08-11,18/08/2021,Assented,,,38,2021,https://sansad.in/getFile/BillsTexts/LSBillTexts/Asintroduced/125_2021_LS_E.pdf?source=legislation,,https://sansad.in/getFile/BillsPDFFiles/Notification/2021-125-gaz.pdf?source=loksabhadocs
125,"The National Commission for Indian System of Medicine (Amendment) Bill, 2021",2021,Government,Ordinary Bill,"AYUSH (Ayurveda,  Yoga and Naturopathy,  Unani, Siddha and Homoeopathy",Lok Sabha,,2021-08-09,2021-08-10,2021-08-11,18/08/2021,Passed,,,38,2021,https://sansad.in/getFile/BillsTexts/LSBillTexts/Asintroduced/125_2021_LS_E.pdf?source=legislation,,https://sansad.in/getFile/BillsPDFFiles/Notification/2021-125-gaz.pdf?source=loksabhadocs
124,"The Constitution (One Hundred and Fifth Amendment) Bill, 2021",2021,Government,Constitutional Amendment Bill,SOCIAL JUSTICE AND EMPOWERMENT,Lok Sabha,,2021-08-09,2021-08-10,2021-08-11,18/08/2021,Assented,,,,,https://sansad.in/getFile/BillsTexts/LSBillTexts/Asintroduced/124_2021_LS_E.pdf?source=legislation,,https://sansad.in/getFile/BillsPDFFiles/Notification/2021-124-gaz.pdf?source=loksabhadocs
124,"The Constitution (One Hundred and Fifth Amendment) Bill, 2021",2021,Government,Constitutional Amendment Bill,SOCIAL JUSTICE AND EMPOWERMENT,Lok Sabha,,2021-08-09,2021-08-10,2021-08-11,18/08/2021,Passed,,,,,https://sansad.in/getFile/BillsTexts/LSBillTexts/Asintroduced/124_2021_LS_E.pdf?source=legislation,,https://sansad.in/getFile/BillsPDFFiles/Notification/2021-124-gaz.pdf?source=loksabhadocs
120,"THE TAXATION LAWS (AMENDMENT) BILL, 2021",2021,Government,Money Bill,FINANCE,Lok Sabha,,2021-08-05,2021-08-06,2021-08-09,13/08/2021,Assented,,,34,2021,https://sansad.in/getFile/BillsTexts/LSBillTexts/Asintroduced/120_2021_LS_E.pdf?source=legislation,,https://sansad.in/getFile/BillsPDFFiles/Notification/2021-120-gaz.pdf?source=loksabhadocs
120,"THE TAXATION LAWS (AMENDMENT) BILL, 2021",2021,Government,Money Bill,FINANCE,Lok Sabha,,2021-08-05,2021-08-06,2021-08-09,13/08/2021,Passed,,,34,2021,https://sansad.in/getFile/BillsTexts/LSBillTexts/Asintroduced/120_2021_LS_E.pdf?source=legislation,,https://sansad.in/getFile/BillsPDFFiles/Notification/2021-120-gaz.pdf?source=loksabhadocs
119,"THE CENTRAL UNIVERSITIES (AMENDMENT) BILL, 2021",2021,Government,Financial Bill,HUMAN RESOURCE  DEVELOPMENT,Lok Sabha,,2021-08-05,2021-08-06,2021-08-09,12/08/2021,Assented,,,27,2021,https://sansad.in/getFile/BillsTexts/LSBillTexts/Asintroduced/119_2021_LS-ENG.pdf?source=legislation,,https://sansad.in/getFile/BillsPDFFiles/Notification/2021-119-gaz.pdf?source=loksabhadocs
119,"THE CENTRAL UNIVERSITIES (AMENDMENT) BILL, 2021",2021,Government,Financial Bill,HUMAN RESOURCE  DEVELOPMENT,Lok Sabha,,2021-08-05,2021-08-06,2021-08-09,12/08/2021,Passed,,,27,2021,https://sansad.in/getFile/BillsTexts/LSBillTexts/Asintroduced/119_2021_LS-ENG.pdf?source=legislation,,https://sansad.in/getFile/BillsPDFFiles/Notification/2021-119-gaz.pdf?source=loksabhadocs
XXXII,"THE CONSTITUTION (SCHEDULED TRIBES) ORDER (AMENDMENT) BILL, 2021",2021,Government,Ordinary Bill,TRIBAL AFFAIRS,Rajya Sabha,,2021-08-02,2021-08-09,2021-08-05,13/08/2021,Passed,,,32,2021,https://sansad.in/getFile/BillsTexts/RSBillTexts/Asintroduced/ST order as int-E.pdf?source=legislation,,
116,"The Tribunals Reforms Bill, 2021",2021,Government,Financial Bill,FINANCE,Lok Sabha,,2021-08-02,2021-08-03,2021-08-09,13/08/2021,Assented,,,33,2021,https://sansad.in/getFile/BillsTexts/LSBillTexts/Asintroduced/116_2021_LS_E.pdf?source=legislation,,https://sansad.in/getFile/BillsPDFFiles/Notification/2021-116-gaz.pdf?source=loksabhadocs
116,"The Tribunals Reforms Bill, 2021",2021,Government,Financial Bill,FINANCE,Lok Sabha,,2021-08-02,2021-08-03,2021-08-09,13/08/2021,Passed,,,33,2021,https://sansad.in/getFile/BillsTexts/LSBillTexts/Asintroduced/116_2021_LS_E.pdf?source=legislation,,https://sansad.in/getFile/BillsPDFFiles/Notification/2021-116-gaz.pdf?source=loksabhadocs
XXXI,"THE LIMITED LIABILITY PARTNERSHIP (AMENDMENT) BILL, 2021",2021,Government,Ordinary Bill,CORPORATE AFFAIRS,Rajya Sabha,,2021-07-30,2021-08-09,2021-08-04,13/08/2021,Passed,,,31,2021,https://sansad.in/getFile/BillsTexts/RSBillTexts/Asintroduced/LLP as int-E.pdf?source=legislation,,
XXVIII,"THE DEPOSIT INSURANCE AND CREDIT GUARANTEE CORPORATION (AMENDMENT) BILL, 2021",2021,Government,Ordinary Bill,FINANCE,Rajya Sabha,,2021-07-30,2021-08-09,2021-08-04,13/08/2021,Passed,,,30,2021,https://sansad.in/getFile/BillsTexts/RSBillTexts/Asintroduced/deposit insurance-E.pdf?source=legislation,,
115,"THE GENERAL INSURANCE BUSINESS (NATIONALISATION) AMENDMENT BILL, 2021",2021,Government,Ordinary Bill,FINANCE,Lok Sabha,,2021-07-30,2021-08-02,2021-08-11,18/08/2021,Assented,,,37,2021,https://sansad.in/getFile/BillsTexts/LSBillTexts/Asintroduced/115_2021_LS_Eng.pdf?source=legislation,,https://sansad.in/getFile/BillsPDFFiles/Notification/2021-115-gaz.pdf?source=loksabhadocs
115,"THE GENERAL INSURANCE BUSINESS (NATIONALISATION) AMENDMENT BILL, 2021",2021,Government,Ordinary Bill,FINANCE,Lok Sabha,,2021-07-30,2021-08-02,2021-08-11,18/08/2021,Passed,,,37,2021,https://sansad.in/getFile/BillsTexts/LSBillTexts/Asintroduced/115_2021_LS_Eng.pdf?source=legislation,,https://sansad.in/getFile/BillsPDFFiles/Notification/2021-115-gaz.pdf?source=loksabhadocs
110,"THE COMMISSION FOR AIR QUALITY MANAGEMENT IN NATIONAL CAPITAL REGION AND ADJOINING AREAS BILL, 2021",2021,Government,Financial Bill,ENVIRONMENT AND FORESTS,Lok Sabha,,2021-07-30,2021-08-04,2021-08-05,12/08/2021,Assented,,,29,2021,https://sansad.in/getFile/BillsTexts/LSBillTexts/Asintroduced/110_2021_LS_Eng.pdf?source=legislation,,https://sansad.in/getFile/BillsPDFFiles/Notification/2021-110-gaz.pdf?source=loksabhadocs
110,"THE COMMISSION FOR AIR QUALITY MANAGEMENT IN NATIONAL CAPITAL REGION AND ADJOINING AREAS BILL, 2021",2021,Government,Financial Bill,ENVIRONMENT AND FORESTS,Lok Sabha,,2021-07-30,2021-08-04,2021-08-05,12/08/2021,Passed,,,29,2021,https://sansad.in/getFile/BillsTexts/LSBillTexts/Asintroduced/110_2021_LS_Eng.pdf?source=legislation,,https://sansad.in/getFile/BillsPDFFiles/Notification/2021-110-gaz.pdf?source=loksabhadocs
XXVI,"THE COCONUT DEVELOPMENT BOARD (AMENDMENT) BILL, 2021",2021,Government,Ordinary Bill,AGRICULTURE & FARMERS WELFARE,Rajya Sabha,,2021-07-29,2021-08-04,2021-07-30,07/08/2021,Assented,,,22,2021,https://sansad.in/getFile/BillsTexts/RSBillTexts/Asintroduced/coconut as int-E.pdf?source=legislation,,
XXVI,"THE COCONUT DEVELOPMENT BOARD (AMENDMENT) BILL, 2021",2021,Government,Ordinary Bill,AGRICULTURE & FARMERS WELFARE,Rajya Sabha,,2021-07-29,2021-08-04,2021-07-30,07/08/2021,Passed,,,22,2021,https://sansad.in/getFile/BillsTexts/RSBillTexts/Asintroduced/coconut as int-E.pdf?source=legislation,,
103,"The Appropriation (No. 4) Bill, 2021",2021,Government,Money Bill,FINANCE,Lok Sabha,,2021-07-28,2021-07-28,,17/08/2021,Assented,,,36,2021,https://sansad.in/getFile/BillsTexts/LSBillTexts/Asintroduced/103_2021_LS_Eng.pdf?source=legislation,,https://sansad.in/getFile/BillsPDFFiles/Notification/2021-103-gaz.pdf?source=loksabhadocs
103,"The Appropriation (No. 4) Bill, 2021",2021,Government,Money Bill,FINANCE,Lok Sabha,,2021-07-28,2021-07-28,,17/08/2021,Passed,,,36,2021,https://sansad.in/getFile/BillsTexts/LSBillTexts/Asintroduced/103_2021_LS_Eng.pdf?source=legislation,,https://sansad.in/getFile/BillsPDFFiles/Notification/2021-103-gaz.pdf?source=loksabhadocs
102,"The Appropriation (No. 3) Bill, 2021",2021,Government,Money Bill,FINANCE,Lok Sabha,,2021-07-28,2021-07-28,,17/08/2021,Assented,,,35,2021,https://sansad.in/getFile/BillsTexts/LSBillTexts/Asintroduced/102_2021_LS_Eng.pdf?source=legislation,,https://sansad.in/getFile/BillsPDFFiles/Notification/2021-102-gaz.pdf?source=loksabhadocs
102,"The Appropriation (No. 3) Bill, 2021",2021,Government,Money Bill,FINANCE,Lok Sabha,,2021-07-28,2021-07-28,,17/08/2021,Passed,,,35,2021,https://sansad.in/getFile/BillsTexts/LSBillTexts/Asintroduced/102_2021_LS_Eng.pdf?source=legislation,,https://sansad.in/getFile/BillsPDFFiles/Notification/2021-102-gaz.pdf?source=loksabhadocs
104,"The Insolvency and Bankruptcy Code (Amendment) Bill, 2021",2021,Government,Ordinary Bill,CORPORATE AFFAIRS,Lok Sabha,,2021-07-26,2021-07-28,2021-08-03,11/08/2021,Assented,,,26,2021,https://sansad.in/getFile/BillsTexts/LSBillTexts/Asintroduced/104_2021_LS_Eng.pdf?source=legislation,,https://sansad.in/getFile/BillsPDFFiles/Notification/2021-104-gaz.pdf?source=loksabhadocs
104,"The Insolvency and Bankruptcy Code (Amendment) Bill, 2021",2021,Government,Ordinary Bill,CORPORATE AFFAIRS,Lok Sabha,,2021-07-26,2021-07-28,2021-08-03,11/08/2021,Passed,,,26,2021,https://sansad.in/getFile/BillsTexts/LSBillTexts/Asintroduced/104_2021_LS_Eng.pdf?source=legislation,,https://sansad.in/getFile/BillsPDFFiles/Notification/2021-104-gaz.pdf?source=loksabhadocs
99,"THE INLAND VESSELS BILL, 2021",2021,Government,Financial Bill,SHIPPING,Lok Sabha,,2021-07-22,2021-07-29,2021-08-02,11/08/2021,Assented,,,24,2021,https://sansad.in/getFile/BillsTexts/LSBillTexts/Asintroduced/99_2021_LS_Eng.pdf?source=legislation,,https://sansad.in/getFile/BillsPDFFiles/Notification/2021-99-gaz.pdf?source=loksabhadocs
99,"THE INLAND VESSELS BILL, 2021",2021,Government,Financial Bill,SHIPPING,Lok Sabha,,2021-07-22,2021-07-29,2021-08-02,11/08/2021,Passed,,,24,2021,https://sansad.in/getFile/BillsTexts/LSBillTexts/Asintroduced/99_2021_LS_Eng.pdf?source=legislation,,https://sansad.in/getFile/BillsPDFFiles/Notification/2021-99-gaz.pdf?source=loksabhadocs
101,"The Essential Defence Services Bill, 2021",2021,Government,Ordinary Bill,DEFENCE,Lok Sabha,,2021-07-22,2021-08-03,2021-08-05,11/08/2021,Assented,,,25,2021,https://sansad.in/getFile/BillsTexts/LSBillTexts/Asintroduced/101_2021_LS_E.pdf?source=legislation,,https://sansad.in/getFile/BillsPDFFiles/Notification/2021-101-gaz.pdf?source=loksabhadocs
101,"The Essential Defence Services Bill, 2021",2021,Government,Ordinary Bill,DEFENCE,Lok Sabha,,2021-07-22,2021-08-03,2021-08-05,11/08/2021,Passed,,,25,2021,https://sansad.in/getFile/BillsTexts/LSBillTexts/Asintroduced/101_2021_LS_E.pdf?source=legislation,,https://sansad.in/getFile/BillsPDFFiles/Notification/2021-101-gaz.pdf?source=loksabhadocs
77,"THE AIRPORTS ECONOMIC REGULATORY AUTHORITY OF INDIA (AMENDMENT) BILL, 2021",2021,Government,Ordinary Bill,CIVIL AVIATION,Lok Sabha,,2021-03-24,2021-07-29,2021-08-04,12/08/2021,Assented,,,28,2021,https://sansad.in/getFile/BillsTexts/LSBillTexts/Asintroduced/77_2021_LS_Eng.pdf?source=legislation,,https://sansad.in/getFile/BillsPDFFiles/Notification/2021-77-gaz.pdf?source=loksabhadocs
77,"THE AIRPORTS ECONOMIC REGULATORY AUTHORITY OF INDIA (AMENDMENT) BILL, 2021",2021,Government,Ordinary Bill,CIVIL AVIATION,Lok Sabha,,2021-03-24,2021-07-29,2021-08-04,12/08/2021,Passed,,,28,2021,https://sansad.in/getFile/BillsTexts/LSBillTexts/Asintroduced/77_2021_LS_Eng.pdf?source=legislation,,https://sansad.in/getFile/BillsPDFFiles/Notification/2021-77-gaz.pdf?source=loksabhadocs
76,"THE NATIONAL BANK FOR FINANCING INFRASTRUCTURE AND DEVELOPMENT BILL, 2021",2021,Government,Financial Bill,FINANCE,Lok Sabha,,2021-03-22,2021-03-23,2021-03-25,28/03/2021,Assented,,,17,2021,https://sansad.in/getFile/BillsTexts/LSBillTexts/Asintroduced/76_2021_LS_Eng.pdf?source=legislation,,https://sansad.in/getFile/BillsPDFFiles/Notification/2021-76-gaz.pdf?source=loksabhadocs
72,"THE JAMMU AND KASHMIR APPROPRIATION BILL, 2021",2021,Government,Money Bill,FINANCE,Lok Sabha,,2021-03-18,2021-03-18,2021-03-23,25/03/2021,Assented,,,12,2021,https://sansad.in/getFile/BillsTexts/LSBillTexts/Asintroduced/72_2021_LS_Eng.pdf?source=legislation,,https://sansad.in/getFile/BillsPDFFiles/Notification/2021-72-gaz.pdf?source=loksabhadocs
71,"THE PUDUCHERRY APPROPRIATION BILL, 2021",2021,Government,Money Bill,FINANCE,Lok Sabha,,2021-03-18,2021-03-18,2021-03-23,25/03/2021,Assented,,,11,2021,https://sansad.in/getFile/BillsTexts/LSBillTexts/Asintroduced/71_2021_LS_Eng.pdf?source=legislation,,https://sansad.in/getFile/BillsPDFFiles/Notification/2021-71-gaz.pdf?source=loksabhadocs
70,"THE PUDUCHERRY APPROPRIATION (VOTE ON ACCOUNT) BILL, 2021",2021,Government,Money Bill,FINANCE,Lok Sabha,,2021-03-18,2021-03-18,2021-03-23,25/03/2021,Assented,,,10,2021,https://sansad.in/getFile/BillsTexts/LSBillTexts/Asintroduced/70_2021_LS_Eng.pdf?source=legislation,,https://sansad.in/getFile/BillsPDFFiles/Notification/2021-70-gaz.pdf?source=loksabhadocs
69,"THE JAMMU AND KASHMIR APPROPRIATION (No. 2) BILL, 2021",2021,Government,Money Bill,FINANCE,Lok Sabha,,2021-03-18,2021-03-18,2021-03-23,25/03/2021,Assented,,,9,2021,https://sansad.in/getFile/BillsTexts/LSBillTexts/Asintroduced/69_2021_LS_Eng.pdf?source=legislation,,https://sansad.in/getFile/BillsPDFFiles/Notification/2021-69-gaz.pdf?source=loksabhadocs
17,"The Appropriation Bill, 2021",2021,Government,Money Bill,FINANCE,Lok Sabha,,2021-03-18,2021-03-18,2021-03-23,25/03/2021,Assented,,,5,2021,https://sansad.in/getFile/BillsTexts/LSBillTexts/Asintroduced/17_2021_LS_E.pdf?source=legislation,,https://sansad.in/getFile/BillsPDFFiles/Notification/2021-17-gaz.pdf?source=loksabhadocs
53,"The Appropriation (No.2) Bill, 2021",2021,Government,Money Bill,FINANCE,Lok Sabha,,2021-03-17,2021-03-17,2021-03-23,25/03/2021,Assented,,,7,2021,https://sansad.in/getFile/BillsTexts/LSBillTexts/Asintroduced/53 _2020_LS_ENG.pdf?source=legislation,,https://sansad.in/getFile/BillsPDFFiles/Notification/2021-53-gaz.pdf?source=loksabhadocs
XX,"THE INSURANCE (AMENDMENT) BILL, 2021",2021,Government,Ordinary Bill,CORPORATE AFFAIRS,Rajya Sabha,,2021-03-15,2021-03-22,2021-03-18,25/03/2021,Assented,,,6,2021,https://sansad.in/getFile/BillsTexts/RSBillTexts/Asintroduced/Insurance-RSI-15321-E.pdf?source=legislation,,
XX,"THE INSURANCE (AMENDMENT) BILL, 2021",2021,Government,Ordinary Bill,CORPORATE AFFAIRS,Rajya Sabha,,2021-03-15,2021-03-22,2021-03-18,25/03/2021,Passed,,,6,2021,https://sansad.in/getFile/BillsTexts/RSBillTexts/Asintroduced/Insurance-RSI-15321-E.pdf?source=legislation,,
65,"THE MINES AND MINERALS (DEVELOPMENT AND REGULATION) AMENDMENT BILL, 2021",2021,Government,Financial Bill,COAL AND MINES,Lok Sabha,,2021-03-15,2021-03-19,2021-03-22,28/03/2021,Assented,,,16,2021,https://sansad.in/getFile/BillsTexts/LSBillTexts/Asintroduced/65_2021_LS_Eng.pdf?source=legislation,,https://sansad.in/getFile/BillsPDFFiles/Notification/2021-65-gaz.pdf?source=loksabhadocs
60,"THE MARINE AIDS TO NAVIGATION BILL, 2021",2021,Government,Financial Bill,SHIPPING,Lok Sabha,,2021-03-15,2021-03-22,2021-07-27,31/07/2021,Assented,,,20,2021,https://sansad.in/getFile/BillsTexts/LSBillTexts/Asintroduced/60_2021_LS_Eng.pdf?source=legislation,,https://sansad.in/getFile/BillsPDFFiles/Notification/2021-60-gaz.pdf?source=loksabhadocs
60,"THE MARINE AIDS TO NAVIGATION BILL, 2021",2021,Government,Financial Bill,SHIPPING,Lok Sabha,,2021-03-15,2021-03-22,2021-07-27,31/07/2021,Passed,,,20,2021,https://sansad.in/getFile/BillsTexts/LSBillTexts/Asintroduced/60_2021_LS_Eng.pdf?source=legislation,,https://sansad.in/getFile/BillsPDFFiles/Notification/2021-60-gaz.pdf?source=loksabhadocs
56,"THE JUVENILE JUSTICE (CARE AND PROTECTION OF CHILDREN) AMENDMENT BILL, 2021",2021,Government,Ordinary Bill,WOMEN AND CHILD DEVELOPMENT,Lok Sabha,,2021-03-15,2021-03-24,2021-07-28,07/08/2021,Assented,,,23,2021,https://sansad.in/getFile/BillsTexts/LSBillTexts/Asintroduced/56_2021_LS_Eng.pdf?source=legislation,,https://sansad.in/getFile/BillsPDFFiles/Notification/2021-56-gaz.pdf?source=loksabhadocs
56,"THE JUVENILE JUSTICE (CARE AND PROTECTION OF CHILDREN) AMENDMENT BILL, 2021",2021,Government,Ordinary Bill,WOMEN AND CHILD DEVELOPMENT,Lok Sabha,,2021-03-15,2021-03-24,2021-07-28,07/08/2021,Passed,,,23,2021,https://sansad.in/getFile/BillsTexts/LSBillTexts/Asintroduced/56_2021_LS_Eng.pdf?source=legislation,,https://sansad.in/getFile/BillsPDFFiles/Notification/2021-56-gaz.pdf?source=loksabhadocs
55,"THE GOVERNMENT OF NATIONAL CAPITAL TERRITORY OF DELHI (AMENDMENT) BILL, 2021",2021,Government,Ordinary Bill,HOME AFFAIRS,Lok Sabha,,2021-03-15,2021-03-22,2021-03-24,28/03/2021,Assented,,,15,2021,https://sansad.in/getFile/BillsTexts/LSBillTexts/Asintroduced/55_2021_LS_Eng.pdf?source=legislation,,https://sansad.in/getFile/BillsPDFFiles/Notification/2021-55-gaz.pdf?source=loksabhadocs
54,"THE NATIONAL INSTITUTE OF PHARMACEUTICAL EDUCATION AND RESEARCH (AMENDMENT) BILL, 2021",2021,Government,Ordinary Bill,CHEMICALS AND FERTILIZERS,Lok Sabha,,2021-03-15,2021-12-06,2021-12-09,18/12/2021,Assented,,,43,2021,https://sansad.in/getFile/BillsTexts/LSBillTexts/Asintroduced/54_2021_LS_Eng.pdf?source=legislation,,
54,"THE NATIONAL INSTITUTE OF PHARMACEUTICAL EDUCATION AND RESEARCH (AMENDMENT) BILL, 2021",2021,Government,Ordinary Bill,CHEMICALS AND FERTILIZERS,Lok Sabha,,2021-03-15,2021-12-06,2021-12-09,18/12/2021,Passed,,,43,2021,https://sansad.in/getFile/BillsTexts/LSBillTexts/Asintroduced/54_2021_LS_Eng.pdf?source=legislation,,
19,"THE TRIBUNALS REFORMS (RATIONALISATION AND CONDITIONS OF SERVICE) BILL, 2021",2021,Government,Financial Bill,FINANCE,Lok Sabha,,2021-02-13,,,,Withdrawn,,,,,https://sansad.in/getFile/BillsTexts/LSBillTexts/Asintroduced/19_2021_LS_Eng.pdf?source=legislation,,
18,"THE CONSTITUTION (SCHEDULED CASTES) ORDER (AMENDMENT) BILL, 2021",2021,Government,Ordinary Bill,SOCIAL JUSTICE AND EMPOWERMENT,Lok Sabha,,2021-02-13,2021-03-19,2021-03-22,13/04/2021,Assented,,,18,2021,https://sansad.in/getFile/BillsTexts/LSBillTexts/Asintroduced/18_2021_LS_Eng.pdf?source=legislation,,https://sansad.in/getFile/BillsPDFFiles/Notification/2021-18-gaz.pdf?source=loksabhadocs
VI,"THE NATIONAL CAPITAL TERRITORY OF DELHI LAWS (SPECIAL PROVISIONS) SECOND (AMENDMENT) BILL, 2021",2021,Government,Ordinance Replacing Bill,Housing and Urban Affairs,Rajya Sabha,,2021-02-08,2021-03-10,2021-02-09,12/03/2021,Assented,,,4,2021,https://sansad.in/getFile/BillsTexts/RSBillTexts/Asintroduced/nct delhi As Int-E-08022021.pdf?source=legislation,,
VI,"THE NATIONAL CAPITAL TERRITORY OF DELHI LAWS (SPECIAL PROVISIONS) SECOND (AMENDMENT) BILL, 2021",2021,Government,Ordinance Replacing Bill,Housing and Urban Affairs,Rajya Sabha,,2021-02-08,2021-03-10,2021-02-09,12/03/2021,Passed,,,4,2021,https://sansad.in/getFile/BillsTexts/RSBillTexts/Asintroduced/nct delhi As Int-E-08022021.pdf?source=legislation,,
IV,"THE JAMMU AND KASHMIR REORGANISATION (AMENDMENT) BILL, 2021",2021,Government,Ordinance Replacing Bill,HOME AFFAIRS,Rajya Sabha,,2021-02-04,2021-02-13,2021-02-08,25/02/2021,Assented,,,2,2021,https://sansad.in/getFile/BillsTexts/RSBillTexts/Asintroduced/J K Reorg Bill-As intro RS-E-4 2 21.pdf?source=legislation,,
IV,"THE JAMMU AND KASHMIR REORGANISATION (AMENDMENT) BILL, 2021",2021,Government,Ordinance Replacing Bill,HOME AFFAIRS,Rajya Sabha,,2021-02-04,2021-02-13,2021-02-08,25/02/2021,Passed,,,2,2021,https://sansad.in/getFile/BillsTexts/RSBillTexts/Asintroduced/J K Reorg Bill-As intro RS-E-4 2 21.pdf?source=legislation,,
16,"THE ARBITRATION AND CONCILIATION (AMENDMENT) BILL, 2021",2021,Government,Ordinary Bill,LAW AND JUSTICE,Lok Sabha,,2021-02-04,2021-02-12,2021-03-10,11/03/2021,Assented,,,3,2021,https://sansad.in/getFile/BillsTexts/LSBillTexts/Asintroduced/16_2021_LS_Eng.pdf?source=legislation,,https://sansad.in/getFile/BillsPDFFiles/Notification/2021-16-gaz.pdf?source=loksabhadocs
16,"THE ARBITRATION AND CONCILIATION (AMENDMENT) BILL, 2021",2021,Government,Ordinary Bill,LAW AND JUSTICE,Lok Sabha,,2021-02-04,2021-02-12,2021-03-10,11/03/2021,Passed,,,3,2021,https://sansad.in/getFile/BillsTexts/LSBillTexts/Asintroduced/16_2021_LS_Eng.pdf?source=legislation,,https://sansad.in/getFile/BillsPDFFiles/Notification/2021-16-gaz.pdf?source=loksabhadocs
15,"The Finance Bill, 2021",2021,Government,Money Bill,FINANCE,Lok Sabha,,2021-02-01,2021-03-23,2021-03-24,28/03/2021,Assented,,,13,2021,https://sansad.in/getFile/BillsTexts/LSBillTexts/Asintroduced/15_2021_LS_E.pdf?source=legislation,,https://sansad.in/getFile/BillsPDFFiles/Notification/2021-15-gaz.pdf?source=loksabhadocs
124,"THE JAMMU AND KASHMIR OFFICIAL LANGUAGES BILL, 2020",2020,Government,Ordinary Bill,HOME AFFAIRS,Lok Sabha,,2020-09-22,2020-09-22,2020-09-23,26/09/2020,Assented,,,23,2020,https://sansad.in/getFile/BillsTexts/LSBillTexts/Asintroduced/124_2020_LS_Eng.pdf?source=legislation,,https://sansad.in/getFile/BillsPDFFiles/Notification/2020-124-gaz.pdf?source=loksabhadocs
124,"THE JAMMU AND KASHMIR OFFICIAL LANGUAGES BILL, 2020",2020,Government,Ordinary Bill,HOME AFFAIRS,Lok Sabha,,2020-09-22,2020-09-22,2020-09-23,26/09/2020,Passed,,,23,2020,https://sansad.in/getFile/BillsTexts/LSBillTexts/Asintroduced/124_2020_LS_Eng.pdf?source=legislation,,https://sansad.in/getFile/BillsPDFFiles/Notification/2020-124-gaz.pdf?source=loksabhadocs
123,"THE FOREIGN CONTRIBUTION (REGULATION) AMENDMENT BILL, 2020",2020,Government,Ordinary Bill,HOME AFFAIRS,Lok Sabha,,2020-09-20,2020-09-21,2020-09-23,28/09/2020,Assented,,,33,2020,https://sansad.in/getFile/BillsTexts/LSBillTexts/Asintroduced/123_2020_LS_Eng.pdf?source=legislation,,https://sansad.in/getFile/BillsPDFFiles/Notification/2020-123-gaz.pdf?source=loksabhadocs
123,"THE FOREIGN CONTRIBUTION (REGULATION) AMENDMENT BILL, 2020",2020,Government,Ordinary Bill,HOME AFFAIRS,Lok Sabha,,2020-09-20,2020-09-21,2020-09-23,28/09/2020,Passed,,,33,2020,https://sansad.in/getFile/BillsTexts/LSBillTexts/Asintroduced/123_2020_LS_Eng.pdf?source=legislation,,https://sansad.in/getFile/BillsPDFFiles/Notification/2020-123-gaz.pdf?source=loksabhadocs
122,"THE OCCUPATIONAL SAFETY, HEALTH AND WORKING CONDITIONS CODE, 2020",2020,Government,Financial Bill,LABOUR,Lok Sabha,,2020-09-19,2020-09-22,2020-09-23,28/09/2020,Assented,,,37,2020,https://sansad.in/getFile/BillsTexts/LSBillTexts/Asintroduced/122_2020_LS_ENG.pdf?source=legislation,,https://sansad.in/getFile/BillsPDFFiles/Notification/2020-122-gaz.pdf?source=loksabhadocs
122,"THE OCCUPATIONAL SAFETY, HEALTH AND WORKING CONDITIONS CODE, 2020",2020,Government,Financial Bill,LABOUR,Lok Sabha,,2020-09-19,2020-09-22,2020-09-23,28/09/2020,Passed,,,37,2020,https://sansad.in/getFile/BillsTexts/LSBillTexts/Asintroduced/122_2020_LS_ENG.pdf?source=legislation,,https://sansad.in/getFile/BillsPDFFiles/Notification/2020-122-gaz.pdf?source=loksabhadocs
121,"THE CODE ON SOCIAL SECURITY, 2020",2020,Government,Financial Bill,LABOUR,Lok Sabha,,2020-09-19,2020-09-22,2020-09-23,28/09/2020,Assented,,,36,2020,https://sansad.in/getFile/BillsTexts/LSBillTexts/Asintroduced/121_2020_LS_ENG.pdf?source=legislation,,https://sansad.in/getFile/BillsPDFFiles/Notification/2020-121-gaz.pdf?source=loksabhadocs
121,"THE CODE ON SOCIAL SECURITY, 2020",2020,Government,Financial Bill,LABOUR,Lok Sabha,,2020-09-19,2020-09-22,2020-09-23,28/09/2020,Passed,,,36,2020,https://sansad.in/getFile/BillsTexts/LSBillTexts/Asintroduced/121_2020_LS_ENG.pdf?source=legislation,,https://sansad.in/getFile/BillsPDFFiles/Notification/2020-121-gaz.pdf?source=loksabhadocs
120,"THE INDUSTRIAL RELATIONS CODE, 2020",2020,Government,Financial Bill,LABOUR,Lok Sabha,,2020-09-19,2020-09-22,2020-09-23,28/09/2020,Assented,,,35,2020,https://sansad.in/getFile/BillsTexts/LSBillTexts/Asintroduced/120_2020_LS_ENG.pdf?source=legislation,,https://sansad.in/getFile/BillsPDFFiles/Notification/2020-120-gaz.pdf?source=loksabhadocs
120,"THE INDUSTRIAL RELATIONS CODE, 2020",2020,Government,Financial Bill,LABOUR,Lok Sabha,,2020-09-19,2020-09-22,2020-09-23,28/09/2020,Passed,,,35,2020,https://sansad.in/getFile/BillsTexts/LSBillTexts/Asintroduced/120_2020_LS_ENG.pdf?source=legislation,,https://sansad.in/getFile/BillsPDFFiles/Notification/2020-120-gaz.pdf?source=loksabhadocs
118,"THE APPROPRIATION (No. 3) BILL, 2020",2020,Government,Money Bill,FINANCE,Lok Sabha,,2020-09-18,2020-09-18,2020-09-23,25/09/2020,Assented,,,27,2020,https://sansad.in/getFile/BillsTexts/LSBillTexts/Asintroduced/118_2020_LS_Eng.pdf?source=legislation,,https://sansad.in/getFile/BillsPDFFiles/Notification/2020-118-gaz.pdf?source=loksabhadocs
118,"THE APPROPRIATION (No. 3) BILL, 2020",2020,Government,Money Bill,FINANCE,Lok Sabha,,2020-09-18,2020-09-18,2020-09-23,25/09/2020,Passed,,,27,2020,https://sansad.in/getFile/BillsTexts/LSBillTexts/Asintroduced/118_2020_LS_Eng.pdf?source=legislation,,https://sansad.in/getFile/BillsPDFFiles/Notification/2020-118-gaz.pdf?source=loksabhadocs
117,"THE APPROPRIATION (NO. 4) BILL, 2020",2020,Government,Money Bill,FINANCE,Lok Sabha,,2020-09-18,2020-09-18,2020-09-23,25/09/2020,Assented,,,26,2020,https://sansad.in/getFile/BillsTexts/LSBillTexts/Asintroduced/117_2020_LS_Eng.pdf?source=legislation,,https://sansad.in/getFile/BillsPDFFiles/Notification/2020-117-gaz.pdf?source=loksabhadocs
117,"THE APPROPRIATION (NO. 4) BILL, 2020",2020,Government,Money Bill,FINANCE,Lok Sabha,,2020-09-18,2020-09-18,2020-09-23,25/09/2020,Passed,,,26,2020,https://sansad.in/getFile/BillsTexts/LSBillTexts/Asintroduced/117_2020_LS_Eng.pdf?source=legislation,,https://sansad.in/getFile/BillsPDFFiles/Notification/2020-117-gaz.pdf?source=loksabhadocs
116,"THE TAXATION AND OTHER LAWS (RELAXATION AND AMENDMENT OF CERTAIN PROVISIONS) BILL, 2020",2020,Government,Money Bill,FINANCE,Lok Sabha,,2020-09-18,2020-09-19,2020-09-22,29/09/2020,Assented,,,38,2020,https://sansad.in/getFile/BillsTexts/LSBillTexts/Asintroduced/116_2020_LS_E.pdf?source=legislation,,https://sansad.in/getFile/BillsPDFFiles/Notification/2020-116-gaz.pdf?source=loksabhadocs
116,"THE TAXATION AND OTHER LAWS (RELAXATION AND AMENDMENT OF CERTAIN PROVISIONS) BILL, 2020",2020,Government,Money Bill,FINANCE,Lok Sabha,,2020-09-18,2020-09-19,2020-09-22,29/09/2020,Passed,,,38,2020,https://sansad.in/getFile/BillsTexts/LSBillTexts/Asintroduced/116_2020_LS_E.pdf?source=legislation,,https://sansad.in/getFile/BillsPDFFiles/Notification/2020-116-gaz.pdf?source=loksabhadocs
XXXII,"The National Commission for Allied and Healthcare Professions Bill, 2021",2020,Government,Ordinary Bill,HEALTH AND FAMILY WELFARE,Rajya Sabha,,2020-09-15,2021-03-24,2021-03-16,28/03/2021,Passed,,,14,2021,https://sansad.in/getFile/BillsTexts/RSBillTexts/Asintroduced/National com Allied-As RS-E-15920.pdf?source=legislation,,
XXXI,"The Insolvency and Bankruptcy Code (Second Amendment) Bill, 2020",2020,Government,Ordinary Bill,CORPORATE AFFAIRS,Rajya Sabha,,2020-09-15,2020-09-21,2020-09-19,23/09/2020,Assented,,,17,2020,https://sansad.in/getFile/BillsTexts/RSBillTexts/Asintroduced/Insolvency SA-As RS-E-15920.pdf?source=legislation,,
XXXI,"The Insolvency and Bankruptcy Code (Second Amendment) Bill, 2020",2020,Government,Ordinary Bill,CORPORATE AFFAIRS,Rajya Sabha,,2020-09-15,2020-09-21,2020-09-19,23/09/2020,Passed,,,17,2020,https://sansad.in/getFile/BillsTexts/RSBillTexts/Asintroduced/Insolvency SA-As RS-E-15920.pdf?source=legislation,,
XXX,"The Indian Medicine Central Council (Amendment) Bill, 2020",2020,Government,Ordinary Bill,"AYUSH (Ayurveda,  Yoga and Naturopathy,  Unani, Siddha and Homoeopathy",Rajya Sabha,,2020-09-14,2020-09-22,2020-09-18,25/09/2020,Assented,,,25,2020,https://sansad.in/getFile/BillsTexts/RSBillTexts/Asintroduced/Ind med cen council-As RS-E-14920.pdf?source=legislation,,
XXX,"The Indian Medicine Central Council (Amendment) Bill, 2020",2020,Government,Ordinary Bill,"AYUSH (Ayurveda,  Yoga and Naturopathy,  Unani, Siddha and Homoeopathy",Rajya Sabha,,2020-09-14,2020-09-22,2020-09-18,25/09/2020,Passed,,,25,2020,https://sansad.in/getFile/BillsTexts/RSBillTexts/Asintroduced/Ind med cen council-As RS-E-14920.pdf?source=legislation,,
XXVIII,"The Salaries and Allowances of Ministers (Amendment) Bill, 2020",2020,Government,Ordinary Bill,HOME AFFAIRS,Rajya Sabha,,2020-09-14,2020-09-20,2020-09-18,23/09/2020,Assented,,,18,2020,https://sansad.in/getFile/BillsTexts/RSBillTexts/Asintroduced/salary minister-As int-E-14920.PDF?source=legislation,,
XXVIII,"The Salaries and Allowances of Ministers (Amendment) Bill, 2020",2020,Government,Ordinary Bill,HOME AFFAIRS,Rajya Sabha,,2020-09-14,2020-09-20,2020-09-18,23/09/2020,Passed,,,18,2020,https://sansad.in/getFile/BillsTexts/RSBillTexts/Asintroduced/salary minister-As int-E-14920.PDF?source=legislation,,
XXVII,"The Epidemic Diseases (Amendment) Bill, 2020",2020,Government,Ordinary Bill,HEALTH AND FAMILY WELFARE,Rajya Sabha,,2020-09-14,2020-09-21,2020-09-19,28/09/2020,Assented,,,34,2020,https://sansad.in/getFile/BillsTexts/RSBillTexts/Asintroduced/Epidemic-As intro-E-14920.pdf?source=legislation,,
XXVII,"The Epidemic Diseases (Amendment) Bill, 2020",2020,Government,Ordinary Bill,HEALTH AND FAMILY WELFARE,Rajya Sabha,,2020-09-14,2020-09-21,2020-09-19,28/09/2020,Passed,,,34,2020,https://sansad.in/getFile/BillsTexts/RSBillTexts/Asintroduced/Epidemic-As intro-E-14920.pdf?source=legislation,,
XXIX,"The Homoeopathy Central Council (Amendment) Bill, 2020",2020,Government,Ordinary Bill,"AYUSH (Ayurveda,  Yoga and Naturopathy,  Unani, Siddha and Homoeopathy",Rajya Sabha,,2020-09-14,2020-09-22,2020-09-18,25/09/2020,Assented,,,24,2020,https://sansad.in/getFile/BillsTexts/RSBillTexts/Asintroduced/Hompathy council-As RS-E-14920.pdf?source=legislation,,
XXIX,"The Homoeopathy Central Council (Amendment) Bill, 2020",2020,Government,Ordinary Bill,"AYUSH (Ayurveda,  Yoga and Naturopathy,  Unani, Siddha and Homoeopathy",Rajya Sabha,,2020-09-14,2020-09-22,2020-09-18,25/09/2020,Passed,,,24,2020,https://sansad.in/getFile/BillsTexts/RSBillTexts/Asintroduced/Hompathy council-As RS-E-14920.pdf?source=legislation,,
98,"THE BILATERAL NETTING OF QUALIFIED FINANCIAL CONTRACTS BILL, 2020",2020,Government,Ordinary Bill,FINANCE,Lok Sabha,,2020-09-14,2020-09-20,2020-09-23,28/09/2020,Assented,,,30,2020,https://sansad.in/getFile/BillsTexts/LSBillTexts/Asintroduced/98_2020_LS_Eng.pdf?source=legislation,,https://sansad.in/getFile/BillsPDFFiles/Notification/2020-98-gaz.pdf?source=loksabhadocs
98,"THE BILATERAL NETTING OF QUALIFIED FINANCIAL CONTRACTS BILL, 2020",2020,Government,Ordinary Bill,FINANCE,Lok Sabha,,2020-09-14,2020-09-20,2020-09-23,28/09/2020,Passed,,,30,2020,https://sansad.in/getFile/BillsTexts/LSBillTexts/Asintroduced/98_2020_LS_Eng.pdf?source=legislation,,https://sansad.in/getFile/BillsPDFFiles/Notification/2020-98-gaz.pdf?source=loksabhadocs
97,"THE ASSISTED REPRODUCTIVE TECHNOLOGY (REGULATION) BILL, 2020",2020,Government,Financial Bill,HEALTH AND FAMILY WELFARE,Lok Sabha,,2020-09-14,2021-12-01,2021-12-08,18/12/2021,Assented,,,42,2021,https://sansad.in/getFile/BillsTexts/LSBillTexts/Asintroduced/97_2020_LS_Eng.pdf?source=legislation,,
97,"THE ASSISTED REPRODUCTIVE TECHNOLOGY (REGULATION) BILL, 2020",2020,Government,Financial Bill,HEALTH AND FAMILY WELFARE,Lok Sabha,,2020-09-14,2021-12-01,2021-12-08,18/12/2021,Passed,,,42,2021,https://sansad.in/getFile/BillsTexts/LSBillTexts/Asintroduced/97_2020_LS_Eng.pdf?source=legislation,,
115,"THE FACTORING REGULATION (AMENDMENT) BILL, 2021",2020,Government,Ordinary Bill,FINANCE,Lok Sabha,,2020-09-14,2021-07-26,2021-07-29,07/08/2021,Assented,,,21,2021,https://sansad.in/getFile/BillsTexts/LSBillTexts/Asintroduced/115_2020_LS_Eng.pdf?source=legislation,,https://sansad.in/getFile/BillsPDFFiles/Notification/2020-115-gaz.pdf?source=loksabhadocs
115,"THE FACTORING REGULATION (AMENDMENT) BILL, 2021",2020,Government,Ordinary Bill,FINANCE,Lok Sabha,,2020-09-14,2021-07-26,2021-07-29,07/08/2021,Passed,,,21,2021,https://sansad.in/getFile/BillsTexts/LSBillTexts/Asintroduced/115_2020_LS_Eng.pdf?source=legislation,,https://sansad.in/getFile/BillsPDFFiles/Notification/2020-115-gaz.pdf?source=loksabhadocs
114,"THE BANKING REGULATION (AMENDMENT) BILL, 2020",2020,Government,Ordinary Bill,FINANCE,Lok Sabha,,2020-09-14,2020-09-16,2020-09-22,29/09/2020,Assented,,,39,2020,https://sansad.in/getFile/BillsTexts/LSBillTexts/Asintroduced/114_2020_LS_Eng.pdf?source=legislation,,https://sansad.in/getFile/BillsPDFFiles/Notification/2020-114-gaz.pdf?source=loksabhadocs
114,"THE BANKING REGULATION (AMENDMENT) BILL, 2020",2020,Government,Ordinary Bill,FINANCE,Lok Sabha,,2020-09-14,2020-09-16,2020-09-22,29/09/2020,Passed,,,39,2020,https://sansad.in/getFile/BillsTexts/LSBillTexts/Asintroduced/114_2020_LS_Eng.pdf?source=legislation,,https://sansad.in/getFile/BillsPDFFiles/Notification/2020-114-gaz.pdf?source=loksabhadocs
113,"THE FARMERSâ PRODUCE TRADE AND COMMERCE (PROMOTION AND FACILITATION) BILL, 2020",2020,Government,Ordinary Bill,AGRICULTURE & FARMERS WELFARE,Lok Sabha,,2020-09-14,2020-09-17,2020-09-20,24/09/2020,Assented,,,21,2020,https://sansad.in/getFile/BillsTexts/LSBillTexts/Asintroduced/113_2020_LS_Eng.pdf?source=legislation,,https://sansad.in/getFile/BillsPDFFiles/Notification/2020-113-gaz.pdf?source=loksabhadocs
113,"THE FARMERSâ PRODUCE TRADE AND COMMERCE (PROMOTION AND FACILITATION) BILL, 2020",2020,Government,Ordinary Bill,AGRICULTURE & FARMERS WELFARE,Lok Sabha,,2020-09-14,2020-09-17,2020-09-20,24/09/2020,Passed,,,21,2020,https://sansad.in/getFile/BillsTexts/LSBillTexts/Asintroduced/113_2020_LS_Eng.pdf?source=legislation,,https://sansad.in/getFile/BillsPDFFiles/Notification/2020-113-gaz.pdf?source=loksabhadocs
112,"THE FARMERS (EMPOWERMENT AND PROTECTION) AGREEMENT ON PRICE ASSURANCE AND FARM SERVICES BILL, 2020",2020,Government,Ordinary Bill,AGRICULTURE & FARMERS WELFARE,Lok Sabha,,2020-09-14,2020-09-17,2020-09-20,24/09/2020,Assented,,,20,2020,https://sansad.in/getFile/BillsTexts/LSBillTexts/Asintroduced/112_2020_LS_Eng.pdf?source=legislation,,https://sansad.in/getFile/BillsPDFFiles/Notification/2020-112-gaz.pdf?source=loksabhadocs
112,"THE FARMERS (EMPOWERMENT AND PROTECTION) AGREEMENT ON PRICE ASSURANCE AND FARM SERVICES BILL, 2020",2020,Government,Ordinary Bill,AGRICULTURE & FARMERS WELFARE,Lok Sabha,,2020-09-14,2020-09-17,2020-09-20,24/09/2020,Passed,,,20,2020,https://sansad.in/getFile/BillsTexts/LSBillTexts/Asintroduced/112_2020_LS_Eng.pdf?source=legislation,,https://sansad.in/getFile/BillsPDFFiles/Notification/2020-112-gaz.pdf?source=loksabhadocs
111,"THE ESSENTIAL COMMODITIES (AMENDMENT) BILL, 2020",2020,Government,Ordinary Bill,"CONSUMER AFFAIRS, FOOD AND PUBLIC DISTRIBUTION",Lok Sabha,,2020-09-14,2020-09-15,2020-09-22,26/09/2020,Assented,,,22,2020,https://sansad.in/getFile/BillsTexts/LSBillTexts/Asintroduced/111_2020_LS_Eng.pdf?source=legislation,,https://sansad.in/getFile/BillsPDFFiles/Notification/2020-111-gaz.pdf?source=loksabhadocs
111,"THE ESSENTIAL COMMODITIES (AMENDMENT) BILL, 2020",2020,Government,Ordinary Bill,"CONSUMER AFFAIRS, FOOD AND PUBLIC DISTRIBUTION",Lok Sabha,,2020-09-14,2020-09-15,2020-09-22,26/09/2020,Passed,,,22,2020,https://sansad.in/getFile/BillsTexts/LSBillTexts/Asintroduced/111_2020_LS_Eng.pdf?source=legislation,,https://sansad.in/getFile/BillsPDFFiles/Notification/2020-111-gaz.pdf?source=loksabhadocs
110,"THE SALARY, ALLOWANCES AND PENSION OF MEMBERS OF PARLIAMENT (AMENDMENT) BILL, 2020",2020,Government,Ordinary Bill,PARLIAMENTARY  AFFAIRS,Lok Sabha,,2020-09-14,2020-09-15,2020-09-18,24/09/2020,Assented,,,19,2020,https://sansad.in/getFile/BillsTexts/LSBillTexts/Asintroduced/110_2020_LS_Eng.pdf?source=legislation,,
110,"THE SALARY, ALLOWANCES AND PENSION OF MEMBERS OF PARLIAMENT (AMENDMENT) BILL, 2020",2020,Government,Ordinary Bill,PARLIAMENTARY  AFFAIRS,Lok Sabha,,2020-09-14,2020-09-15,2020-09-18,24/09/2020,Passed,,,19,2020,https://sansad.in/getFile/BillsTexts/LSBillTexts/Asintroduced/110_2020_LS_Eng.pdf?source=legislation,,
XXII,"THE PESTICIDE MANAGEMENT BILL, 2020",2020,Government,Ordinary Bill,AGRICULTURE,Rajya Sabha,,2020-03-23,,,,Pending,,,,,https://sansad.in/getFile/BillsTexts/RSBillTexts/Asintroduced/Pesticide-as intr-23 3 20.pdf?source=legislation,,
99,"The Rashtriya Raksha University Bill, 2020",2020,Government,Financial Bill,HOME AFFAIRS,Lok Sabha,,2020-03-23,2020-09-20,2020-09-22,28/09/2020,Assented,,,31,2020,https://sansad.in/getFile/BillsTexts/LSBillTexts/Asintroduced/99_2020_LS_Eng.pdf?source=legislation,,https://sansad.in/getFile/BillsPDFFiles/Notification/2020-99-gaz.pdf?source=loksabhadocs
99,"The Rashtriya Raksha University Bill, 2020",2020,Government,Financial Bill,HOME AFFAIRS,Lok Sabha,,2020-03-23,2020-09-20,2020-09-22,28/09/2020,Passed,,,31,2020,https://sansad.in/getFile/BillsTexts/LSBillTexts/Asintroduced/99_2020_LS_Eng.pdf?source=legislation,,https://sansad.in/getFile/BillsPDFFiles/Notification/2020-99-gaz.pdf?source=loksabhadocs
100,"The National Forensic Sciences University Bill, 2020",2020,Government,Financial Bill,HOME AFFAIRS,Lok Sabha,,2020-03-23,2020-09-20,2020-09-22,28/09/2020,Assented,,,32,2020,https://sansad.in/getFile/BillsTexts/LSBillTexts/Asintroduced/100_2020_LS_Eng.pdf?source=legislation,,https://sansad.in/getFile/BillsPDFFiles/Notification/2020-100-gaz.pdf?source=loksabhadocs
100,"The National Forensic Sciences University Bill, 2020",2020,Government,Financial Bill,HOME AFFAIRS,Lok Sabha,,2020-03-23,2020-09-20,2020-09-22,28/09/2020,Passed,,,32,2020,https://sansad.in/getFile/BillsTexts/LSBillTexts/Asintroduced/100_2020_LS_Eng.pdf?source=legislation,,https://sansad.in/getFile/BillsPDFFiles/Notification/2020-100-gaz.pdf?source=loksabhadocs
96,"The Jammu and Kashmir Appropriation (No. 4) Bill, 2020",2020,Government,Money Bill,FINANCE,Lok Sabha,,2020-03-18,2020-03-18,2020-03-23,25/03/2020,Assented,,,11,2020,https://sansad.in/getFile/BillsTexts/LSBillTexts/Asintroduced/96_2020_Eng.pdf?source=legislation,,https://sansad.in/getFile/BillsPDFFiles/Notification/2020-96-gaz.pdf?source=loksabhadocs
96,"The Jammu and Kashmir Appropriation (No. 4) Bill, 2020",2020,Government,Money Bill,FINANCE,Lok Sabha,,2020-03-18,2020-03-18,2020-03-23,25/03/2020,Passed,,,11,2020,https://sansad.in/getFile/BillsTexts/LSBillTexts/Asintroduced/96_2020_Eng.pdf?source=legislation,,https://sansad.in/getFile/BillsPDFFiles/Notification/2020-96-gaz.pdf?source=loksabhadocs
95,"The Jammu and Kashmir Appropriation (No. 3) Bill, 2020",2020,Government,Money Bill,FINANCE,Lok Sabha,,2020-03-18,2020-03-18,2020-03-23,25/03/2020,Assented,,,10,2020,https://sansad.in/getFile/BillsTexts/LSBillTexts/Asintroduced/95_2020_Eng.pdf?source=legislation,,https://sansad.in/getFile/BillsPDFFiles/Notification/2020-95-gaz.pdf?source=loksabhadocs
95,"The Jammu and Kashmir Appropriation (No. 3) Bill, 2020",2020,Government,Money Bill,FINANCE,Lok Sabha,,2020-03-18,2020-03-18,2020-03-23,25/03/2020,Passed,,,10,2020,https://sansad.in/getFile/BillsTexts/LSBillTexts/Asintroduced/95_2020_Eng.pdf?source=legislation,,https://sansad.in/getFile/BillsPDFFiles/Notification/2020-95-gaz.pdf?source=loksabhadocs
94,"The Jammu and Kashmir Appropriation (No. 2) Bill, 2020",2020,Government,Money Bill,FINANCE,Lok Sabha,,2020-03-18,2020-03-18,2020-03-23,25/03/2020,Assented,,,9,2020,https://sansad.in/getFile/BillsTexts/LSBillTexts/Asintroduced/94_2020_Eng.pdf?source=legislation,,https://sansad.in/getFile/BillsPDFFiles/Notification/2020-94-gaz.pdf?source=loksabhadocs
94,"The Jammu and Kashmir Appropriation (No. 2) Bill, 2020",2020,Government,Money Bill,FINANCE,Lok Sabha,,2020-03-18,2020-03-18,2020-03-23,25/03/2020,Passed,,,9,2020,https://sansad.in/getFile/BillsTexts/LSBillTexts/Asintroduced/94_2020_Eng.pdf?source=legislation,,https://sansad.in/getFile/BillsPDFFiles/Notification/2020-94-gaz.pdf?source=loksabhadocs
93,"The Jammu and Kashmir Appropriation Bill, 2020",2020,Government,Money Bill,FINANCE,Lok Sabha,,2020-03-18,2020-03-18,2020-03-23,25/03/2020,Assented,,,8,2020,https://sansad.in/getFile/BillsTexts/LSBillTexts/Asintroduced/93_2020_Eng.pdf?source=legislation,,https://sansad.in/getFile/BillsPDFFiles/Notification/2020-93-gaz.pdf?source=loksabhadocs
93,"The Jammu and Kashmir Appropriation Bill, 2020",2020,Government,Money Bill,FINANCE,Lok Sabha,,2020-03-18,2020-03-18,2020-03-23,25/03/2020,Passed,,,8,2020,https://sansad.in/getFile/BillsTexts/LSBillTexts/Asintroduced/93_2020_Eng.pdf?source=legislation,,https://sansad.in/getFile/BillsPDFFiles/Notification/2020-93-gaz.pdf?source=loksabhadocs
84,"The Appropriation (No.2) BILL, 2020",2020,Government,Money Bill,FINANCE,Lok Sabha,,2020-03-18,2020-03-18,2020-03-23,25/03/2020,Assented,,,7,2020,https://sansad.in/getFile/BillsTexts/LSBillTexts/Asintroduced/84_2020_LS_2020_E.pdf?source=legislation,,https://sansad.in/getFile/BillsPDFFiles/Notification/2020-84-gaz.pdf?source=loksabhadocs
84,"The Appropriation (No.2) BILL, 2020",2020,Government,Money Bill,FINANCE,Lok Sabha,,2020-03-18,2020-03-18,2020-03-23,25/03/2020,Passed,,,7,2020,https://sansad.in/getFile/BillsTexts/LSBillTexts/Asintroduced/84_2020_LS_2020_E.pdf?source=legislation,,https://sansad.in/getFile/BillsPDFFiles/Notification/2020-84-gaz.pdf?source=loksabhadocs
88,"The Companies (Amendment) Bill, 2020",2020,Government,Ordinary Bill,CORPORATE AFFAIRS,Lok Sabha,,2020-03-17,2020-09-19,2020-09-22,28/09/2020,Assented,,,29,2020,https://sansad.in/getFile/BillsTexts/LSBillTexts/Asintroduced/88_2020_LS_Eng.pdf?source=legislation,,https://sansad.in/getFile/BillsPDFFiles/Notification/2020-88-gaz.pdf?source=loksabhadocs
88,"The Companies (Amendment) Bill, 2020",2020,Government,Ordinary Bill,CORPORATE AFFAIRS,Lok Sabha,,2020-03-17,2020-09-19,2020-09-22,28/09/2020,Passed,,,29,2020,https://sansad.in/getFile/BillsTexts/LSBillTexts/Asintroduced/88_2020_LS_Eng.pdf?source=legislation,,https://sansad.in/getFile/BillsPDFFiles/Notification/2020-88-gaz.pdf?source=loksabhadocs
81,"The Appropriation Bill, 2020",2020,Government,Money Bill,FINANCE,Lok Sabha,,2020-03-16,2020-03-16,2020-03-23,25/03/2020,Assented,,,6,2020,https://sansad.in/getFile/BillsTexts/LSBillTexts/Asintroduced/GOVTBILL_English_81_2020.pdf?source=legislation,,https://sansad.in/getFile/BillsPDFFiles/Notification/2020-81-gaz.pdf?source=loksabhadocs
81,"The Appropriation Bill, 2020",2020,Government,Money Bill,FINANCE,Lok Sabha,,2020-03-16,2020-03-16,2020-03-23,25/03/2020,Passed,,,6,2020,https://sansad.in/getFile/BillsTexts/LSBillTexts/Asintroduced/GOVTBILL_English_81_2020.pdf?source=legislation,,https://sansad.in/getFile/BillsPDFFiles/Notification/2020-81-gaz.pdf?source=loksabhadocs
XVIII,"The Public Health (Prevention, Control and Management of Epidemics) Bill, 2020",2020,Private Member,Ordinary Bill,HEALTH AND FAMILY WELFARE,Rajya Sabha,Sanjay Singh Shri,2020-03-13,,,,Removed,,,,,https://sansad.in/getFile/BillsTexts/RSBillTexts/Asintroduced/pub health-E-13320.pdf?source=legislation,,
XVII,"The Indian Penal Code (Amendment) Bill, 2020",2020,Private Member,Ordinary Bill,HOME AFFAIRS,Rajya Sabha,Saroj Pandey Ms.,2020-03-13,,,,Lapsed,,,,,https://sansad.in/getFile/BillsTexts/RSBillTexts/Asintroduced/IPC-E-13320.pdf?source=legislation,,
XIV,"The Third Language Bill, 2020",2020,Private Member,Ordinary Bill,HUMAN RESOURCE  DEVELOPMENT,Rajya Sabha,Shanta Chhetri Smt.,2020-03-13,,,,Lapsed,,,,,https://sansad.in/getFile/BillsTexts/RSBillTexts/Asintroduced/Third lang-E-13320.pdf?source=legislation,,
XII,"The Constitution (Amendment) Bill, 2020 (substitution of articles 331 and 333)",2020,Private Member,Ordinary Bill,LAW AND JUSTICE,Rajya Sabha,Sasmit Patra Dr.,2020-03-13,,,,Lapsed,,,,,https://sansad.in/getFile/BillsTexts/RSBillTexts/Asintroduced/331-E-13320.pdf?source=legislation,,
X,"The Code of Criminal Procedure (Amendment) Bill, 2020",2020,Private Member,Ordinary Bill,HOME AFFAIRS,Rajya Sabha,Amar Patnaik Dr.,2020-03-13,,,,Lapsed,,,,,https://sansad.in/getFile/BillsTexts/RSBillTexts/Asintroduced/code crim-E-13320.pdf?source=legislation,,
VIII,"The Incest Offences and Sexual Abuse of Females in Family (Prevention) Bill, 2020",2020,Private Member,Ordinary Bill,WOMEN AND CHILD DEVELOPMENT,Rajya Sabha,Sasmit Patra Dr.,2020-03-13,,,,Lapsed,,,,,https://sansad.in/getFile/BillsTexts/RSBillTexts/Asintroduced/Incest-E-13320.pdf?source=legislation,,
VII,"The Victim and Witness Protection and Assistance Bill, 2020",2020,Private Member,Ordinary Bill,HOME AFFAIRS,Rajya Sabha,Amee Yajnik Dr.,2020-03-13,,,,Removed,,,,,https://sansad.in/getFile/BillsTexts/RSBillTexts/Asintroduced/victim witness-E-13320.pdf?source=legislation,,
VI,"The Animal Factory Farming (Regulation) Bill, 2020",2020,Private Member,Ordinary Bill,"fisheries, animal husbandry and dairying",Rajya Sabha,Abhishek Manu Singhvi Dr.,2020-03-13,,,,Removed,,,,,https://sansad.in/getFile/BillsTexts/RSBillTexts/Asintroduced/Animal-E-13320.pdf?source=legislation,,
78,"The Major Port Authorities Bill, 2020",2020,Government,Financial Bill,SHIPPING,Lok Sabha,,2020-03-12,2020-09-23,2021-02-10,17/02/2021,Assented,,,1,2021,https://sansad.in/getFile/BillsTexts/LSBillTexts/Asintroduced/78 _2020_LS_ENGLISH.pdf?source=legislation,,https://sansad.in/getFile/BillsPDFFiles/Notification/2020-78-gaz.pdf?source=loksabhadocs
78,"The Major Port Authorities Bill, 2020",2020,Government,Financial Bill,SHIPPING,Lok Sabha,,2020-03-12,2020-09-23,2021-02-10,17/02/2021,Passed,,,1,2021,https://sansad.in/getFile/BillsTexts/LSBillTexts/Asintroduced/78 _2020_LS_ENGLISH.pdf?source=legislation,,https://sansad.in/getFile/BillsPDFFiles/Notification/2020-78-gaz.pdf?source=loksabhadocs
61,"The Indian Institutes of Information Technology Laws (Amendment) Bill, 2020",2020,Government,Financial Bill,HUMAN RESOURCE  DEVELOPMENT,Lok Sabha,,2020-03-04,2020-03-20,2020-09-22,28/09/2020,Assented,,,28,2020,https://sansad.in/getFile/BillsTexts/LSBillTexts/Asintroduced/61 _2020_LS_ENG.pdf?source=legislation,,https://sansad.in/getFile/BillsPDFFiles/Notification/2020-61-gaz.pdf?source=loksabhadocs
61,"The Indian Institutes of Information Technology Laws (Amendment) Bill, 2020",2020,Government,Financial Bill,HUMAN RESOURCE  DEVELOPMENT,Lok Sabha,,2020-03-04,2020-03-20,2020-09-22,28/09/2020,Passed,,,28,2020,https://sansad.in/getFile/BillsTexts/LSBillTexts/Asintroduced/61 _2020_LS_ENG.pdf?source=legislation,,https://sansad.in/getFile/BillsPDFFiles/Notification/2020-61-gaz.pdf?source=loksabhadocs
56,"The Banking Regulation (Amendment) Bill, 2020",2020,Government,Ordinary Bill,FINANCE,Lok Sabha,,2020-03-03,,,,Withdrawn,,,,,https://sansad.in/getFile/BillsTexts/LSBillTexts/Asintroduced/56 _2020_LS_ENG.pdf?source=legislation,,
60,"The Mineral Laws (Amendment) Bill, 2020",2020,Government,Ordinary Bill,COAL AND MINES,Lok Sabha,,2020-03-02,2020-03-06,2020-03-12,13/03/2020,Assented,,,2,2020,https://sansad.in/getFile/BillsTexts/LSBillTexts/Asintroduced/60_2020_LS_Eng.pdf?source=legislation,,https://sansad.in/getFile/BillsPDFFiles/Notification/2020-60-gaz.pdf?source=loksabhadocs
60,"The Mineral Laws (Amendment) Bill, 2020",2020,Government,Ordinary Bill,COAL AND MINES,Lok Sabha,,2020-03-02,2020-03-06,2020-03-12,13/03/2020,Passed,,,2,2020,https://sansad.in/getFile/BillsTexts/LSBillTexts/Asintroduced/60_2020_LS_Eng.pdf?source=legislation,,https://sansad.in/getFile/BillsPDFFiles/Notification/2020-60-gaz.pdf?source=loksabhadocs
55,"The Medical Termination of Pregnancy (Amendment) Bill, 2021",2020,Government,Ordinary Bill,HEALTH AND FAMILY WELFARE,Lok Sabha,,2020-03-02,2020-03-17,2021-03-16,25/03/2021,Assented,,,8,2021,https://sansad.in/getFile/BillsTexts/LSBillTexts/Asintroduced/55_2020_LS_Eng.pdf?source=legislation,,https://sansad.in/getFile/BillsPDFFiles/Notification/2020-55-gaz.pdf?source=loksabhadocs
33,"The Institute of Teaching and Research in Ayurveda Bill, 2020",2020,Government,Financial Bill,"AYUSH (Ayurveda,  Yoga and Naturopathy,  Unani, Siddha and Homoeopathy",Lok Sabha,,2020-02-10,2020-03-19,2020-09-16,21/09/2020,Assented,,,16,2020,https://sansad.in/getFile/BillsTexts/LSBillTexts/Asintroduced/33_2020_LS_Eng.pdf?source=legislation,,https://sansad.in/getFile/BillsPDFFiles/Notification/2020-33-gaz.pdf?source=loksabhadocs
33,"The Institute of Teaching and Research in Ayurveda Bill, 2020",2020,Government,Financial Bill,"AYUSH (Ayurveda,  Yoga and Naturopathy,  Unani, Siddha and Homoeopathy",Lok Sabha,,2020-02-10,2020-03-19,2020-09-16,21/09/2020,Passed,,,16,2020,https://sansad.in/getFile/BillsTexts/LSBillTexts/Asintroduced/33_2020_LS_Eng.pdf?source=legislation,,https://sansad.in/getFile/BillsPDFFiles/Notification/2020-33-gaz.pdf?source=loksabhadocs
V,"The Terminated Employees (Welfare) Bill, 2020",2020,Private Member,Ordinary Bill,LABOUR  AND  EMPLOYMENT,Rajya Sabha,Rakesh Sinha Shri,2020-02-07,,,,Removed,,,,,https://sansad.in/getFile/BillsTexts/RSBillTexts/Asintroduced/terminat-E-7 2 20.pdf?source=legislation,,
IV,"The Protection of Children from Sexual Offences (Amendment) Bill, 2020",2020,Private Member,Ordinary Bill,WOMEN AND CHILD DEVELOPMENT,Rajya Sabha,Saroj Pandey Ms.,2020-02-07,,,,Removed,,,,,https://sansad.in/getFile/BillsTexts/RSBillTexts/Asintroduced/pocso-E-7 2 20.pdf?source=legislation,,
III,"The Constitution (Amendment) Bill, 2020 (insertion of new article 47A)",2020,Private Member,Ordinary Bill,HEALTH AND FAMILY WELFARE,Rajya Sabha,Anil Desai Shri,2020-02-07,,,,Removed,,,,,https://sansad.in/getFile/BillsTexts/RSBillTexts/Asintroduced/47A-E-7 2 20.pdf?source=legislation,,
I,"The Special Financial Assistance to the State of Rajasthan Bill, 2020",2020,Private Member,Ordinary Bill,FINANCE,Rajya Sabha,Kirodi Lal Meena Dr.,2020-02-07,,,,Lapsed,,,,,https://sansad.in/getFile/BillsTexts/RSBillTexts/Asintroduced/spl Rajas-E-7 2 20.pdf?source=legislation,,
29,"The Direct Tax Vivad se Vishwas Bill, 2020",2020,Government,Money Bill,FINANCE,Lok Sabha,,2020-02-05,2020-03-04,2020-03-13,17/03/2020,Assented,,,3,2020,https://sansad.in/getFile/BillsTexts/LSBillTexts/Asintroduced/29_2020_Eng.pdf?source=legislation,,https://sansad.in/getFile/BillsPDFFiles/Notification/2020-29-gaz.pdf?source=loksabhadocs
29,"The Direct Tax Vivad se Vishwas Bill, 2020",2020,Government,Money Bill,FINANCE,Lok Sabha,,2020-02-05,2020-03-04,2020-03-13,17/03/2020,Passed,,,3,2020,https://sansad.in/getFile/BillsTexts/LSBillTexts/Asintroduced/29_2020_Eng.pdf?source=legislation,,https://sansad.in/getFile/BillsPDFFiles/Notification/2020-29-gaz.pdf?source=loksabhadocs
28,"The Aircraft (Amendment) Bill, 2020",2020,Government,Ordinary Bill,CIVIL AVIATION,Lok Sabha,,2020-02-04,2020-03-17,2020-09-15,19/09/2020,Assented,,,13,2020,https://sansad.in/getFile/BillsTexts/LSBillTexts/Asintroduced/28 _2020_LS_ENG.pdf?source=legislation,,https://sansad.in/getFile/BillsPDFFiles/Notification/2020-28-gaz.pdf?source=loksabhadocs
28,"The Aircraft (Amendment) Bill, 2020",2020,Government,Ordinary Bill,CIVIL AVIATION,Lok Sabha,,2020-02-04,2020-03-17,2020-09-15,19/09/2020,Passed,,,13,2020,https://sansad.in/getFile/BillsTexts/LSBillTexts/Asintroduced/28 _2020_LS_ENG.pdf?source=legislation,,https://sansad.in/getFile/BillsPDFFiles/Notification/2020-28-gaz.pdf?source=loksabhadocs
26,"The Finance Bill, 2020",2020,Government,Money Bill,FINANCE,Lok Sabha,,2020-02-01,2020-03-23,2020-03-23,27/03/2020,Assented,,,12,2020,https://sansad.in/getFile/BillsTexts/LSBillTexts/Asintroduced/26_2020_LS_E.pdf?source=legislation,,https://sansad.in/getFile/BillsPDFFiles/Notification/2020-26-gaz.pdf?source=loksabhadocs
